method	false_positives	true_positives
epiBrainLLM	0	0
epiBrainLLM	0	1
epiBrainLLM	1	1
epiBrainLLM	1	3
epiBrainLLM	3	3
epiBrainLLM	3	4
epiBrainLLM	4	4
epiBrainLLM	4	5
epiBrainLLM	5	5
epiBrainLLM	5	7
epiBrainLLM	6	7
epiBrainLLM	6	8
epiBrainLLM	8	8
epiBrainLLM	8	10
epiBrainLLM	12	10
epiBrainLLM	12	11
epiBrainLLM	13	11
epiBrainLLM	13	13
epiBrainLLM	15	13
epiBrainLLM	15	14
epiBrainLLM	18	14
epiBrainLLM	18	15
epiBrainLLM	19	15
epiBrainLLM	19	16
epiBrainLLM	28	16
epiBrainLLM	28	17
epiBrainLLM	33	17
epiBrainLLM	33	18
epiBrainLLM	36	18
epiBrainLLM	36	20
epiBrainLLM	40	20
epiBrainLLM	40	21
epiBrainLLM	41	21
epiBrainLLM	41	23
epiBrainLLM	44	23
epiBrainLLM	44	26
epiBrainLLM	46	26
epiBrainLLM	46	28
epiBrainLLM	53	28
epiBrainLLM	53	29
epiBrainLLM	62	29
epiBrainLLM	62	30
epiBrainLLM	65	30
epiBrainLLM	65	32
epiBrainLLM	66	32
epiBrainLLM	66	33
epiBrainLLM	69	33
epiBrainLLM	69	34
epiBrainLLM	77	34
epiBrainLLM	77	35
epiBrainLLM	78	35
epiBrainLLM	78	38
epiBrainLLM	80	38
epiBrainLLM	80	39
epiBrainLLM	87	39
epiBrainLLM	87	41
epiBrainLLM	98	41
epiBrainLLM	98	42
epiBrainLLM	99	42
epiBrainLLM	99	43
epiBrainLLM	100	43
epiBrainLLM	100	44
epiBrainLLM	104	44
epiBrainLLM	104	45
epiBrainLLM	109	45
epiBrainLLM	109	46
epiBrainLLM	111	46
epiBrainLLM	111	48
epiBrainLLM	119	48
epiBrainLLM	119	49
epiBrainLLM	125	49
epiBrainLLM	125	50
epiBrainLLM	132	50
epiBrainLLM	132	53
epiBrainLLM	137	53
epiBrainLLM	137	54
epiBrainLLM	139	54
epiBrainLLM	139	56
epiBrainLLM	145	56
epiBrainLLM	145	59
epiBrainLLM	146	59
epiBrainLLM	146	61
epiBrainLLM	161	61
epiBrainLLM	161	63
epiBrainLLM	170	63
epiBrainLLM	170	65
epiBrainLLM	186	65
epiBrainLLM	186	66
epiBrainLLM	189	66
epiBrainLLM	189	67
epiBrainLLM	206	67
epiBrainLLM	206	68
epiBrainLLM	208	68
epiBrainLLM	208	69
epiBrainLLM	220	69
epiBrainLLM	220	70
epiBrainLLM	222	70
epiBrainLLM	222	71
epiBrainLLM	227	71
epiBrainLLM	227	72
epiBrainLLM	230	72
epiBrainLLM	230	73
epiBrainLLM	237	73
epiBrainLLM	237	74
epiBrainLLM	238	74
epiBrainLLM	238	75
epiBrainLLM	239	75
epiBrainLLM	239	76
epiBrainLLM	242	76
epiBrainLLM	242	77
epiBrainLLM	245	77
epiBrainLLM	245	78
epiBrainLLM	250	78
epiBrainLLM	250	79
epiBrainLLM	257	79
epiBrainLLM	257	80
epiBrainLLM	258	80
epiBrainLLM	258	82
epiBrainLLM	260	82
epiBrainLLM	260	84
epiBrainLLM	263	84
epiBrainLLM	263	85
epiBrainLLM	273	85
epiBrainLLM	273	87
epiBrainLLM	276	87
epiBrainLLM	276	88
epiBrainLLM	293	88
epiBrainLLM	293	89
epiBrainLLM	295	89
epiBrainLLM	295	90
epiBrainLLM	297	90
epiBrainLLM	297	91
epiBrainLLM	298	91
epiBrainLLM	298	92
epiBrainLLM	307	92
epiBrainLLM	307	93
epiBrainLLM	313	93
epiBrainLLM	313	94
epiBrainLLM	320	94
epiBrainLLM	320	95
epiBrainLLM	321	95
epiBrainLLM	321	96
epiBrainLLM	322	96
epiBrainLLM	322	97
epiBrainLLM	327	97
epiBrainLLM	327	98
epiBrainLLM	332	98
epiBrainLLM	332	99
epiBrainLLM	337	99
epiBrainLLM	337	100
epiBrainLLM	338	100
epiBrainLLM	338	101
epiBrainLLM	339	101
epiBrainLLM	339	102
epiBrainLLM	343	102
epiBrainLLM	343	104
epiBrainLLM	344	104
epiBrainLLM	344	105
epiBrainLLM	351	105
epiBrainLLM	351	106
epiBrainLLM	353	106
epiBrainLLM	353	108
epiBrainLLM	374	108
epiBrainLLM	374	109
epiBrainLLM	376	109
epiBrainLLM	376	110
epiBrainLLM	377	110
epiBrainLLM	377	111
epiBrainLLM	381	111
epiBrainLLM	381	112
epiBrainLLM	394	112
epiBrainLLM	394	113
epiBrainLLM	405	113
epiBrainLLM	405	114
epiBrainLLM	408	114
epiBrainLLM	408	115
epiBrainLLM	412	115
epiBrainLLM	412	116
epiBrainLLM	416	116
epiBrainLLM	416	117
epiBrainLLM	417	117
epiBrainLLM	417	119
epiBrainLLM	424	119
epiBrainLLM	424	120
epiBrainLLM	429	120
epiBrainLLM	429	121
epiBrainLLM	430	121
epiBrainLLM	430	123
epiBrainLLM	433	123
epiBrainLLM	433	124
epiBrainLLM	437	124
epiBrainLLM	437	127
epiBrainLLM	445	127
epiBrainLLM	445	130
epiBrainLLM	449	130
epiBrainLLM	449	131
epiBrainLLM	456	131
epiBrainLLM	456	132
epiBrainLLM	459	132
epiBrainLLM	459	133
epiBrainLLM	463	133
epiBrainLLM	463	135
epiBrainLLM	465	135
epiBrainLLM	465	136
epiBrainLLM	466	136
epiBrainLLM	466	137
epiBrainLLM	468	137
epiBrainLLM	468	139
epiBrainLLM	480	139
epiBrainLLM	480	140
epiBrainLLM	493	140
epiBrainLLM	493	142
epiBrainLLM	504	142
epiBrainLLM	504	143
epiBrainLLM	515	143
epiBrainLLM	515	144
epiBrainLLM	520	144
epiBrainLLM	520	146
epiBrainLLM	522	146
epiBrainLLM	522	147
epiBrainLLM	526	147
epiBrainLLM	526	148
epiBrainLLM	528	148
epiBrainLLM	528	149
epiBrainLLM	530	149
epiBrainLLM	530	150
epiBrainLLM	539	150
epiBrainLLM	539	151
epiBrainLLM	541	151
epiBrainLLM	541	152
epiBrainLLM	549	152
epiBrainLLM	549	154
epiBrainLLM	553	154
epiBrainLLM	553	155
epiBrainLLM	556	155
epiBrainLLM	556	157
epiBrainLLM	557	157
epiBrainLLM	557	159
epiBrainLLM	564	159
epiBrainLLM	564	160
epiBrainLLM	575	160
epiBrainLLM	575	161
epiBrainLLM	579	161
epiBrainLLM	579	163
epiBrainLLM	580	163
epiBrainLLM	580	164
epiBrainLLM	582	164
epiBrainLLM	582	166
epiBrainLLM	584	166
epiBrainLLM	584	167
epiBrainLLM	586	167
epiBrainLLM	586	168
epiBrainLLM	602	168
epiBrainLLM	602	170
epiBrainLLM	606	170
epiBrainLLM	606	171
epiBrainLLM	615	171
epiBrainLLM	615	172
epiBrainLLM	618	172
epiBrainLLM	618	173
epiBrainLLM	619	173
epiBrainLLM	619	174
epiBrainLLM	622	174
epiBrainLLM	622	175
epiBrainLLM	637	175
epiBrainLLM	637	177
epiBrainLLM	640	177
epiBrainLLM	640	179
epiBrainLLM	655	179
epiBrainLLM	655	180
epiBrainLLM	656	180
epiBrainLLM	656	182
epiBrainLLM	658	182
epiBrainLLM	658	183
epiBrainLLM	662	183
epiBrainLLM	662	184
epiBrainLLM	665	184
epiBrainLLM	665	185
epiBrainLLM	669	185
epiBrainLLM	669	186
epiBrainLLM	675	186
epiBrainLLM	675	187
epiBrainLLM	680	187
epiBrainLLM	680	188
epiBrainLLM	686	188
epiBrainLLM	686	191
epiBrainLLM	709	191
epiBrainLLM	709	192
epiBrainLLM	711	192
epiBrainLLM	711	196
epiBrainLLM	715	196
epiBrainLLM	715	197
epiBrainLLM	719	197
epiBrainLLM	719	198
epiBrainLLM	724	198
epiBrainLLM	724	199
epiBrainLLM	731	199
epiBrainLLM	731	200
epiBrainLLM	732	200
epiBrainLLM	732	201
epiBrainLLM	733	201
epiBrainLLM	733	203
epiBrainLLM	738	203
epiBrainLLM	738	204
epiBrainLLM	743	204
epiBrainLLM	743	206
epiBrainLLM	746	206
epiBrainLLM	746	207
epiBrainLLM	747	207
epiBrainLLM	747	209
epiBrainLLM	755	209
epiBrainLLM	755	210
epiBrainLLM	756	210
epiBrainLLM	756	211
epiBrainLLM	760	211
epiBrainLLM	760	213
epiBrainLLM	767	213
epiBrainLLM	767	214
epiBrainLLM	769	214
epiBrainLLM	769	215
epiBrainLLM	776	215
epiBrainLLM	776	216
epiBrainLLM	779	216
epiBrainLLM	779	217
epiBrainLLM	781	217
epiBrainLLM	781	218
epiBrainLLM	791	218
epiBrainLLM	791	219
epiBrainLLM	793	219
epiBrainLLM	793	220
epiBrainLLM	799	220
epiBrainLLM	799	221
epiBrainLLM	800	221
epiBrainLLM	800	222
epiBrainLLM	820	222
epiBrainLLM	820	223
epiBrainLLM	823	223
epiBrainLLM	823	224
epiBrainLLM	825	224
epiBrainLLM	825	225
epiBrainLLM	828	225
epiBrainLLM	828	226
epiBrainLLM	840	226
epiBrainLLM	840	227
epiBrainLLM	841	227
epiBrainLLM	841	228
epiBrainLLM	845	228
epiBrainLLM	845	229
epiBrainLLM	848	229
epiBrainLLM	848	231
epiBrainLLM	852	231
epiBrainLLM	852	232
epiBrainLLM	868	232
epiBrainLLM	868	233
epiBrainLLM	872	233
epiBrainLLM	872	234
epiBrainLLM	873	234
epiBrainLLM	873	235
epiBrainLLM	892	235
epiBrainLLM	892	236
epiBrainLLM	905	236
epiBrainLLM	905	237
epiBrainLLM	922	237
epiBrainLLM	922	238
epiBrainLLM	924	238
epiBrainLLM	924	239
epiBrainLLM	925	239
epiBrainLLM	925	240
epiBrainLLM	932	240
epiBrainLLM	932	241
epiBrainLLM	935	241
epiBrainLLM	935	242
epiBrainLLM	940	242
epiBrainLLM	940	243
epiBrainLLM	942	243
epiBrainLLM	942	244
epiBrainLLM	944	244
epiBrainLLM	944	245
epiBrainLLM	950	245
epiBrainLLM	950	246
epiBrainLLM	959	246
epiBrainLLM	959	248
epiBrainLLM	963	248
epiBrainLLM	963	249
epiBrainLLM	969	249
epiBrainLLM	969	250
epiBrainLLM	975	250
epiBrainLLM	975	251
epiBrainLLM	982	251
epiBrainLLM	982	252
epiBrainLLM	984	252
epiBrainLLM	984	253
epiBrainLLM	985	253
epiBrainLLM	985	254
epiBrainLLM	989	254
epiBrainLLM	989	255
epiBrainLLM	993	255
epiBrainLLM	993	256
epiBrainLLM	994	256
epiBrainLLM	994	257
epiBrainLLM	1000	257
epiBrainLLM	1000	258
epiBrainLLM	1002	258
epiBrainLLM	1002	260
epiBrainLLM	1008	260
epiBrainLLM	1008	261
epiBrainLLM	1009	261
epiBrainLLM	1009	262
epiBrainLLM	1015	262
epiBrainLLM	1015	263
epiBrainLLM	1017	263
epiBrainLLM	1017	264
epiBrainLLM	1028	264
epiBrainLLM	1028	265
epiBrainLLM	1031	265
epiBrainLLM	1031	266
epiBrainLLM	1041	266
epiBrainLLM	1041	267
epiBrainLLM	1044	267
epiBrainLLM	1044	268
epiBrainLLM	1054	268
epiBrainLLM	1054	269
epiBrainLLM	1055	269
epiBrainLLM	1055	270
epiBrainLLM	1060	270
epiBrainLLM	1060	271
epiBrainLLM	1067	271
epiBrainLLM	1067	272
epiBrainLLM	1073	272
epiBrainLLM	1073	274
epiBrainLLM	1076	274
epiBrainLLM	1076	275
epiBrainLLM	1081	275
epiBrainLLM	1081	276
epiBrainLLM	1084	276
epiBrainLLM	1084	278
epiBrainLLM	1098	278
epiBrainLLM	1098	279
epiBrainLLM	1101	279
epiBrainLLM	1101	280
epiBrainLLM	1102	280
epiBrainLLM	1102	281
epiBrainLLM	1103	281
epiBrainLLM	1103	283
epiBrainLLM	1108	283
epiBrainLLM	1108	285
epiBrainLLM	1116	285
epiBrainLLM	1116	286
epiBrainLLM	1133	286
epiBrainLLM	1133	289
epiBrainLLM	1135	289
epiBrainLLM	1135	290
epiBrainLLM	1136	290
epiBrainLLM	1136	291
epiBrainLLM	1152	291
epiBrainLLM	1152	292
epiBrainLLM	1166	292
epiBrainLLM	1166	293
epiBrainLLM	1171	293
epiBrainLLM	1171	294
epiBrainLLM	1173	294
epiBrainLLM	1173	295
epiBrainLLM	1174	295
epiBrainLLM	1174	297
epiBrainLLM	1177	297
epiBrainLLM	1177	298
epiBrainLLM	1187	298
epiBrainLLM	1187	299
epiBrainLLM	1189	299
epiBrainLLM	1189	300
epiBrainLLM	1197	300
epiBrainLLM	1197	301
epiBrainLLM	1206	301
epiBrainLLM	1206	302
epiBrainLLM	1224	302
epiBrainLLM	1224	303
epiBrainLLM	1233	303
epiBrainLLM	1233	304
epiBrainLLM	1240	304
epiBrainLLM	1240	305
epiBrainLLM	1242	305
epiBrainLLM	1242	307
epiBrainLLM	1244	307
epiBrainLLM	1244	309
epiBrainLLM	1253	309
epiBrainLLM	1253	310
epiBrainLLM	1259	310
epiBrainLLM	1259	311
epiBrainLLM	1278	311
epiBrainLLM	1278	312
epiBrainLLM	1286	312
epiBrainLLM	1286	313
epiBrainLLM	1296	313
epiBrainLLM	1296	314
epiBrainLLM	1298	314
epiBrainLLM	1298	315
epiBrainLLM	1300	315
epiBrainLLM	1300	316
epiBrainLLM	1306	316
epiBrainLLM	1306	317
epiBrainLLM	1311	317
epiBrainLLM	1311	318
epiBrainLLM	1315	318
epiBrainLLM	1315	320
epiBrainLLM	1323	320
epiBrainLLM	1323	322
epiBrainLLM	1332	322
epiBrainLLM	1332	323
epiBrainLLM	1337	323
epiBrainLLM	1337	324
epiBrainLLM	1338	324
epiBrainLLM	1338	325
epiBrainLLM	1339	325
epiBrainLLM	1339	326
epiBrainLLM	1342	326
epiBrainLLM	1342	327
epiBrainLLM	1347	327
epiBrainLLM	1347	328
epiBrainLLM	1350	328
epiBrainLLM	1350	329
epiBrainLLM	1351	329
epiBrainLLM	1351	330
epiBrainLLM	1357	330
epiBrainLLM	1357	332
epiBrainLLM	1363	332
epiBrainLLM	1363	333
epiBrainLLM	1367	333
epiBrainLLM	1367	334
epiBrainLLM	1370	334
epiBrainLLM	1370	335
epiBrainLLM	1378	335
epiBrainLLM	1378	336
epiBrainLLM	1395	336
epiBrainLLM	1395	337
epiBrainLLM	1396	337
epiBrainLLM	1396	338
epiBrainLLM	1411	338
epiBrainLLM	1411	339
epiBrainLLM	1412	339
epiBrainLLM	1412	340
epiBrainLLM	1415	340
epiBrainLLM	1415	341
epiBrainLLM	1416	341
epiBrainLLM	1416	342
epiBrainLLM	1420	342
epiBrainLLM	1420	344
epiBrainLLM	1423	344
epiBrainLLM	1423	345
epiBrainLLM	1428	345
epiBrainLLM	1428	346
epiBrainLLM	1436	346
epiBrainLLM	1436	347
epiBrainLLM	1437	347
epiBrainLLM	1437	348
epiBrainLLM	1438	348
epiBrainLLM	1438	349
epiBrainLLM	1444	349
epiBrainLLM	1444	350
epiBrainLLM	1450	350
epiBrainLLM	1450	351
epiBrainLLM	1454	351
epiBrainLLM	1454	353
epiBrainLLM	1461	353
epiBrainLLM	1461	355
epiBrainLLM	1463	355
epiBrainLLM	1463	356
epiBrainLLM	1476	356
epiBrainLLM	1476	357
epiBrainLLM	1480	357
epiBrainLLM	1480	358
epiBrainLLM	1481	358
epiBrainLLM	1481	360
epiBrainLLM	1493	360
epiBrainLLM	1493	362
epiBrainLLM	1499	362
epiBrainLLM	1499	363
epiBrainLLM	1509	363
epiBrainLLM	1509	364
epiBrainLLM	1523	364
epiBrainLLM	1523	365
epiBrainLLM	1526	365
epiBrainLLM	1526	366
epiBrainLLM	1527	366
epiBrainLLM	1527	367
epiBrainLLM	1528	367
epiBrainLLM	1528	368
epiBrainLLM	1529	368
epiBrainLLM	1529	369
epiBrainLLM	1558	369
epiBrainLLM	1558	370
epiBrainLLM	1562	370
epiBrainLLM	1562	371
epiBrainLLM	1586	371
epiBrainLLM	1586	372
epiBrainLLM	1587	372
epiBrainLLM	1587	373
epiBrainLLM	1591	373
epiBrainLLM	1591	374
epiBrainLLM	1600	374
epiBrainLLM	1600	375
epiBrainLLM	1604	375
epiBrainLLM	1604	376
epiBrainLLM	1606	376
epiBrainLLM	1606	378
epiBrainLLM	1607	378
epiBrainLLM	1607	379
epiBrainLLM	1620	379
epiBrainLLM	1620	380
epiBrainLLM	1631	380
epiBrainLLM	1631	381
epiBrainLLM	1660	381
epiBrainLLM	1660	382
epiBrainLLM	1668	382
epiBrainLLM	1668	383
epiBrainLLM	1673	383
epiBrainLLM	1673	384
epiBrainLLM	1674	384
epiBrainLLM	1674	385
epiBrainLLM	1676	385
epiBrainLLM	1676	387
epiBrainLLM	1693	387
epiBrainLLM	1693	388
epiBrainLLM	1694	388
epiBrainLLM	1694	389
epiBrainLLM	1700	389
epiBrainLLM	1700	390
epiBrainLLM	1703	390
epiBrainLLM	1703	392
epiBrainLLM	1707	392
epiBrainLLM	1707	393
epiBrainLLM	1709	393
epiBrainLLM	1709	394
epiBrainLLM	1715	394
epiBrainLLM	1715	395
epiBrainLLM	1722	395
epiBrainLLM	1722	396
epiBrainLLM	1724	396
epiBrainLLM	1724	398
epiBrainLLM	1732	398
epiBrainLLM	1732	399
epiBrainLLM	1736	399
epiBrainLLM	1736	400
epiBrainLLM	1741	400
epiBrainLLM	1741	401
epiBrainLLM	1748	401
epiBrainLLM	1748	402
epiBrainLLM	1756	402
epiBrainLLM	1756	403
epiBrainLLM	1757	403
epiBrainLLM	1757	404
epiBrainLLM	1761	404
epiBrainLLM	1761	405
epiBrainLLM	1762	405
epiBrainLLM	1762	406
epiBrainLLM	1766	406
epiBrainLLM	1766	407
epiBrainLLM	1779	407
epiBrainLLM	1779	408
epiBrainLLM	1782	408
epiBrainLLM	1782	409
epiBrainLLM	1784	409
epiBrainLLM	1784	410
epiBrainLLM	1786	410
epiBrainLLM	1786	411
epiBrainLLM	1788	411
epiBrainLLM	1788	412
epiBrainLLM	1808	412
epiBrainLLM	1808	413
epiBrainLLM	1832	413
epiBrainLLM	1832	414
epiBrainLLM	1834	414
epiBrainLLM	1834	415
epiBrainLLM	1839	415
epiBrainLLM	1839	416
epiBrainLLM	1842	416
epiBrainLLM	1842	417
epiBrainLLM	1843	417
epiBrainLLM	1843	418
epiBrainLLM	1848	418
epiBrainLLM	1848	419
epiBrainLLM	1862	419
epiBrainLLM	1862	420
epiBrainLLM	1864	420
epiBrainLLM	1864	421
epiBrainLLM	1876	421
epiBrainLLM	1876	422
epiBrainLLM	1888	422
epiBrainLLM	1888	423
epiBrainLLM	1889	423
epiBrainLLM	1889	424
epiBrainLLM	1899	424
epiBrainLLM	1899	425
epiBrainLLM	1910	425
epiBrainLLM	1910	426
epiBrainLLM	1922	426
epiBrainLLM	1922	427
epiBrainLLM	1923	427
epiBrainLLM	1923	428
epiBrainLLM	1940	428
epiBrainLLM	1940	429
epiBrainLLM	1944	429
epiBrainLLM	1944	430
epiBrainLLM	1945	430
epiBrainLLM	1945	432
epiBrainLLM	1961	432
epiBrainLLM	1961	433
epiBrainLLM	1967	433
epiBrainLLM	1967	434
epiBrainLLM	1980	434
epiBrainLLM	1980	435
epiBrainLLM	1987	435
epiBrainLLM	1987	436
epiBrainLLM	1993	436
epiBrainLLM	1993	437
epiBrainLLM	1998	437
epiBrainLLM	1998	438
epiBrainLLM	2017	438
epiBrainLLM	2017	439
epiBrainLLM	2058	439
epiBrainLLM	2058	440
epiBrainLLM	2067	440
epiBrainLLM	2067	441
epiBrainLLM	2072	441
epiBrainLLM	2072	442
epiBrainLLM	2083	442
epiBrainLLM	2083	443
epiBrainLLM	2091	443
epiBrainLLM	2091	444
epiBrainLLM	2098	444
epiBrainLLM	2098	445
epiBrainLLM	2110	445
epiBrainLLM	2110	446
epiBrainLLM	2126	446
epiBrainLLM	2126	447
epiBrainLLM	2132	447
epiBrainLLM	2132	448
epiBrainLLM	2134	448
epiBrainLLM	2134	449
epiBrainLLM	2137	449
epiBrainLLM	2137	450
epiBrainLLM	2140	450
epiBrainLLM	2140	451
epiBrainLLM	2163	451
epiBrainLLM	2163	453
epiBrainLLM	2165	453
epiBrainLLM	2165	454
epiBrainLLM	2170	454
epiBrainLLM	2170	455
epiBrainLLM	2172	455
epiBrainLLM	2172	456
epiBrainLLM	2195	456
epiBrainLLM	2195	457
epiBrainLLM	2213	457
epiBrainLLM	2213	458
epiBrainLLM	2223	458
epiBrainLLM	2223	459
epiBrainLLM	2224	459
epiBrainLLM	2224	460
epiBrainLLM	2227	460
epiBrainLLM	2227	462
epiBrainLLM	2231	462
epiBrainLLM	2231	463
epiBrainLLM	2236	463
epiBrainLLM	2236	464
epiBrainLLM	2239	464
epiBrainLLM	2239	465
epiBrainLLM	2240	465
epiBrainLLM	2240	466
epiBrainLLM	2249	466
epiBrainLLM	2249	467
epiBrainLLM	2257	467
epiBrainLLM	2257	468
epiBrainLLM	2261	468
epiBrainLLM	2261	470
epiBrainLLM	2265	470
epiBrainLLM	2265	471
epiBrainLLM	2272	471
epiBrainLLM	2272	472
epiBrainLLM	2281	472
epiBrainLLM	2281	473
epiBrainLLM	2286	473
epiBrainLLM	2286	474
epiBrainLLM	2289	474
epiBrainLLM	2289	475
epiBrainLLM	2296	475
epiBrainLLM	2296	476
epiBrainLLM	2300	476
epiBrainLLM	2300	477
epiBrainLLM	2302	477
epiBrainLLM	2302	478
epiBrainLLM	2313	478
epiBrainLLM	2313	479
epiBrainLLM	2324	479
epiBrainLLM	2324	480
epiBrainLLM	2328	480
epiBrainLLM	2328	481
epiBrainLLM	2332	481
epiBrainLLM	2332	482
epiBrainLLM	2341	482
epiBrainLLM	2341	483
epiBrainLLM	2356	483
epiBrainLLM	2356	484
epiBrainLLM	2360	484
epiBrainLLM	2360	485
epiBrainLLM	2369	485
epiBrainLLM	2369	486
epiBrainLLM	2374	486
epiBrainLLM	2374	487
epiBrainLLM	2381	487
epiBrainLLM	2381	488
epiBrainLLM	2386	488
epiBrainLLM	2386	489
epiBrainLLM	2393	489
epiBrainLLM	2393	490
epiBrainLLM	2396	490
epiBrainLLM	2396	491
epiBrainLLM	2400	491
epiBrainLLM	2400	493
epiBrainLLM	2407	493
epiBrainLLM	2407	494
epiBrainLLM	2408	494
epiBrainLLM	2408	495
epiBrainLLM	2409	495
epiBrainLLM	2409	496
epiBrainLLM	2441	496
epiBrainLLM	2441	497
epiBrainLLM	2461	497
epiBrainLLM	2461	498
epiBrainLLM	2469	498
epiBrainLLM	2469	499
epiBrainLLM	2470	499
epiBrainLLM	2470	500
epiBrainLLM	2475	500
epiBrainLLM	2475	501
epiBrainLLM	2487	501
epiBrainLLM	2487	502
epiBrainLLM	2493	502
epiBrainLLM	2493	503
epiBrainLLM	2498	503
epiBrainLLM	2498	504
epiBrainLLM	2501	504
epiBrainLLM	2501	505
epiBrainLLM	2512	505
epiBrainLLM	2512	507
epiBrainLLM	2524	507
epiBrainLLM	2524	508
epiBrainLLM	2533	508
epiBrainLLM	2533	509
epiBrainLLM	2566	509
epiBrainLLM	2566	510
epiBrainLLM	2583	510
epiBrainLLM	2583	511
epiBrainLLM	2585	511
epiBrainLLM	2585	512
epiBrainLLM	2589	512
epiBrainLLM	2589	513
epiBrainLLM	2594	513
epiBrainLLM	2594	514
epiBrainLLM	2603	514
epiBrainLLM	2603	515
epiBrainLLM	2606	515
epiBrainLLM	2606	516
epiBrainLLM	2607	516
epiBrainLLM	2607	517
epiBrainLLM	2608	517
epiBrainLLM	2608	519
epiBrainLLM	2610	519
epiBrainLLM	2610	520
epiBrainLLM	2619	520
epiBrainLLM	2619	522
epiBrainLLM	2621	522
epiBrainLLM	2621	523
epiBrainLLM	2626	523
epiBrainLLM	2626	525
epiBrainLLM	2637	525
epiBrainLLM	2637	526
epiBrainLLM	2644	526
epiBrainLLM	2644	527
epiBrainLLM	2657	527
epiBrainLLM	2657	528
epiBrainLLM	2659	528
epiBrainLLM	2659	529
epiBrainLLM	2671	529
epiBrainLLM	2671	530
epiBrainLLM	2678	530
epiBrainLLM	2678	532
epiBrainLLM	2679	532
epiBrainLLM	2679	533
epiBrainLLM	2680	533
epiBrainLLM	2680	534
epiBrainLLM	2688	534
epiBrainLLM	2688	535
epiBrainLLM	2690	535
epiBrainLLM	2690	536
epiBrainLLM	2693	536
epiBrainLLM	2693	537
epiBrainLLM	2710	537
epiBrainLLM	2710	538
epiBrainLLM	2719	538
epiBrainLLM	2719	539
epiBrainLLM	2725	539
epiBrainLLM	2725	540
epiBrainLLM	2729	540
epiBrainLLM	2729	542
epiBrainLLM	2730	542
epiBrainLLM	2730	543
epiBrainLLM	2740	543
epiBrainLLM	2740	544
epiBrainLLM	2747	544
epiBrainLLM	2747	545
epiBrainLLM	2750	545
epiBrainLLM	2750	547
epiBrainLLM	2758	547
epiBrainLLM	2758	548
epiBrainLLM	2762	548
epiBrainLLM	2762	550
epiBrainLLM	2778	550
epiBrainLLM	2778	553
epiBrainLLM	2794	553
epiBrainLLM	2794	554
epiBrainLLM	2797	554
epiBrainLLM	2797	555
epiBrainLLM	2801	555
epiBrainLLM	2801	556
epiBrainLLM	2829	556
epiBrainLLM	2829	557
epiBrainLLM	2834	557
epiBrainLLM	2834	558
epiBrainLLM	2838	558
epiBrainLLM	2838	559
epiBrainLLM	2853	559
epiBrainLLM	2853	560
epiBrainLLM	2866	560
epiBrainLLM	2866	561
epiBrainLLM	2869	561
epiBrainLLM	2869	562
epiBrainLLM	2891	562
epiBrainLLM	2891	563
epiBrainLLM	2894	563
epiBrainLLM	2894	564
epiBrainLLM	2903	564
epiBrainLLM	2903	565
epiBrainLLM	2938	565
epiBrainLLM	2938	566
epiBrainLLM	2939	566
epiBrainLLM	2939	567
epiBrainLLM	2960	567
epiBrainLLM	2960	568
epiBrainLLM	2967	568
epiBrainLLM	2967	569
epiBrainLLM	2968	569
epiBrainLLM	2968	570
epiBrainLLM	2972	570
epiBrainLLM	2972	572
epiBrainLLM	2980	572
epiBrainLLM	2980	573
epiBrainLLM	2990	573
epiBrainLLM	2990	574
epiBrainLLM	2994	574
epiBrainLLM	2994	575
epiBrainLLM	2998	575
epiBrainLLM	2998	576
epiBrainLLM	3008	576
epiBrainLLM	3008	578
epiBrainLLM	3010	578
epiBrainLLM	3010	579
epiBrainLLM	3028	579
epiBrainLLM	3028	580
epiBrainLLM	3072	580
epiBrainLLM	3072	581
epiBrainLLM	3075	581
epiBrainLLM	3075	582
epiBrainLLM	3078	582
epiBrainLLM	3078	584
epiBrainLLM	3086	584
epiBrainLLM	3086	585
epiBrainLLM	3100	585
epiBrainLLM	3100	586
epiBrainLLM	3108	586
epiBrainLLM	3108	587
epiBrainLLM	3121	587
epiBrainLLM	3121	588
epiBrainLLM	3124	588
epiBrainLLM	3124	590
epiBrainLLM	3142	590
epiBrainLLM	3142	591
epiBrainLLM	3155	591
epiBrainLLM	3155	592
epiBrainLLM	3167	592
epiBrainLLM	3167	593
epiBrainLLM	3168	593
epiBrainLLM	3168	594
epiBrainLLM	3184	594
epiBrainLLM	3184	595
epiBrainLLM	3189	595
epiBrainLLM	3189	596
epiBrainLLM	3194	596
epiBrainLLM	3194	597
epiBrainLLM	3215	597
epiBrainLLM	3215	598
epiBrainLLM	3222	598
epiBrainLLM	3222	599
epiBrainLLM	3232	599
epiBrainLLM	3232	600
epiBrainLLM	3251	600
epiBrainLLM	3251	601
epiBrainLLM	3270	601
epiBrainLLM	3270	605
epiBrainLLM	3278	605
epiBrainLLM	3278	606
epiBrainLLM	3288	606
epiBrainLLM	3288	608
epiBrainLLM	3290	608
epiBrainLLM	3290	610
epiBrainLLM	3294	610
epiBrainLLM	3294	611
epiBrainLLM	3303	611
epiBrainLLM	3303	612
epiBrainLLM	3304	612
epiBrainLLM	3304	613
epiBrainLLM	3307	613
epiBrainLLM	3307	614
epiBrainLLM	3323	614
epiBrainLLM	3323	615
epiBrainLLM	3336	615
epiBrainLLM	3336	617
epiBrainLLM	3341	617
epiBrainLLM	3341	618
epiBrainLLM	3358	618
epiBrainLLM	3358	619
epiBrainLLM	3367	619
epiBrainLLM	3367	620
epiBrainLLM	3373	620
epiBrainLLM	3373	621
epiBrainLLM	3377	621
epiBrainLLM	3377	622
epiBrainLLM	3389	622
epiBrainLLM	3389	623
epiBrainLLM	3390	623
epiBrainLLM	3390	624
epiBrainLLM	3394	624
epiBrainLLM	3394	627
epiBrainLLM	3398	627
epiBrainLLM	3398	628
epiBrainLLM	3401	628
epiBrainLLM	3401	629
epiBrainLLM	3408	629
epiBrainLLM	3408	630
epiBrainLLM	3419	630
epiBrainLLM	3419	631
epiBrainLLM	3420	631
epiBrainLLM	3420	632
epiBrainLLM	3421	632
epiBrainLLM	3421	633
epiBrainLLM	3429	633
epiBrainLLM	3429	634
epiBrainLLM	3431	634
epiBrainLLM	3431	635
epiBrainLLM	3448	635
epiBrainLLM	3448	636
epiBrainLLM	3449	636
epiBrainLLM	3449	637
epiBrainLLM	3450	637
epiBrainLLM	3450	638
epiBrainLLM	3454	638
epiBrainLLM	3454	639
epiBrainLLM	3456	639
epiBrainLLM	3456	640
epiBrainLLM	3460	640
epiBrainLLM	3460	641
epiBrainLLM	3473	641
epiBrainLLM	3473	642
epiBrainLLM	3483	642
epiBrainLLM	3483	643
epiBrainLLM	3484	643
epiBrainLLM	3484	644
epiBrainLLM	3489	644
epiBrainLLM	3489	645
epiBrainLLM	3493	645
epiBrainLLM	3493	646
epiBrainLLM	3497	646
epiBrainLLM	3497	650
epiBrainLLM	3499	650
epiBrainLLM	3499	651
epiBrainLLM	3508	651
epiBrainLLM	3508	652
epiBrainLLM	3519	652
epiBrainLLM	3519	653
epiBrainLLM	3521	653
epiBrainLLM	3521	655
epiBrainLLM	3528	655
epiBrainLLM	3528	657
epiBrainLLM	3529	657
epiBrainLLM	3529	658
epiBrainLLM	3535	658
epiBrainLLM	3535	659
epiBrainLLM	3544	659
epiBrainLLM	3544	660
epiBrainLLM	3545	660
epiBrainLLM	3545	661
epiBrainLLM	3548	661
epiBrainLLM	3548	662
epiBrainLLM	3568	662
epiBrainLLM	3568	663
epiBrainLLM	3577	663
epiBrainLLM	3577	664
epiBrainLLM	3579	664
epiBrainLLM	3579	665
epiBrainLLM	3605	665
epiBrainLLM	3605	666
epiBrainLLM	3606	666
epiBrainLLM	3606	668
epiBrainLLM	3608	668
epiBrainLLM	3608	669
epiBrainLLM	3612	669
epiBrainLLM	3612	670
epiBrainLLM	3615	670
epiBrainLLM	3615	672
epiBrainLLM	3620	672
epiBrainLLM	3620	673
epiBrainLLM	3627	673
epiBrainLLM	3627	675
epiBrainLLM	3631	675
epiBrainLLM	3631	676
epiBrainLLM	3644	676
epiBrainLLM	3644	677
epiBrainLLM	3645	677
epiBrainLLM	3645	678
epiBrainLLM	3649	678
epiBrainLLM	3649	679
epiBrainLLM	3661	679
epiBrainLLM	3661	682
epiBrainLLM	3665	682
epiBrainLLM	3665	683
epiBrainLLM	3679	683
epiBrainLLM	3679	684
epiBrainLLM	3684	684
epiBrainLLM	3684	685
epiBrainLLM	3686	685
epiBrainLLM	3686	686
epiBrainLLM	3712	686
epiBrainLLM	3712	687
epiBrainLLM	3729	687
epiBrainLLM	3729	689
epiBrainLLM	3746	689
epiBrainLLM	3746	690
epiBrainLLM	3767	690
epiBrainLLM	3767	691
epiBrainLLM	3775	691
epiBrainLLM	3775	692
epiBrainLLM	3779	692
epiBrainLLM	3779	694
epiBrainLLM	3783	694
epiBrainLLM	3783	695
epiBrainLLM	3793	695
epiBrainLLM	3793	696
epiBrainLLM	3800	696
epiBrainLLM	3800	697
epiBrainLLM	3806	697
epiBrainLLM	3806	698
epiBrainLLM	3822	698
epiBrainLLM	3822	699
epiBrainLLM	3823	699
epiBrainLLM	3823	700
epiBrainLLM	3838	700
epiBrainLLM	3838	701
epiBrainLLM	3844	701
epiBrainLLM	3844	702
epiBrainLLM	3859	702
epiBrainLLM	3859	704
epiBrainLLM	3863	704
epiBrainLLM	3863	705
epiBrainLLM	3866	705
epiBrainLLM	3866	706
epiBrainLLM	3876	706
epiBrainLLM	3876	707
epiBrainLLM	3884	707
epiBrainLLM	3884	708
epiBrainLLM	3891	708
epiBrainLLM	3891	709
epiBrainLLM	3897	709
epiBrainLLM	3897	710
epiBrainLLM	3900	710
epiBrainLLM	3900	713
epiBrainLLM	3902	713
epiBrainLLM	3902	715
epiBrainLLM	3910	715
epiBrainLLM	3910	716
epiBrainLLM	3912	716
epiBrainLLM	3912	717
epiBrainLLM	3914	717
epiBrainLLM	3914	718
epiBrainLLM	3926	718
epiBrainLLM	3926	719
epiBrainLLM	3937	719
epiBrainLLM	3937	721
epiBrainLLM	3941	721
epiBrainLLM	3941	722
epiBrainLLM	3947	722
epiBrainLLM	3947	723
epiBrainLLM	3962	723
epiBrainLLM	3962	724
epiBrainLLM	3965	724
epiBrainLLM	3965	725
epiBrainLLM	3969	725
epiBrainLLM	3969	726
epiBrainLLM	3975	726
epiBrainLLM	3975	727
epiBrainLLM	3988	727
epiBrainLLM	3988	728
epiBrainLLM	4002	728
epiBrainLLM	4002	729
epiBrainLLM	4003	729
epiBrainLLM	4003	730
epiBrainLLM	4004	730
epiBrainLLM	4004	731
epiBrainLLM	4011	731
epiBrainLLM	4011	732
epiBrainLLM	4016	732
epiBrainLLM	4016	733
epiBrainLLM	4018	733
epiBrainLLM	4018	734
epiBrainLLM	4022	734
epiBrainLLM	4022	735
epiBrainLLM	4024	735
epiBrainLLM	4024	736
epiBrainLLM	4034	736
epiBrainLLM	4034	737
epiBrainLLM	4035	737
epiBrainLLM	4035	738
epiBrainLLM	4049	738
epiBrainLLM	4049	740
epiBrainLLM	4052	740
epiBrainLLM	4052	743
epiBrainLLM	4063	743
epiBrainLLM	4063	744
epiBrainLLM	4069	744
epiBrainLLM	4069	745
epiBrainLLM	4073	745
epiBrainLLM	4073	746
epiBrainLLM	4082	746
epiBrainLLM	4082	747
epiBrainLLM	4089	747
epiBrainLLM	4089	748
epiBrainLLM	4094	748
epiBrainLLM	4094	749
epiBrainLLM	4097	749
epiBrainLLM	4097	750
epiBrainLLM	4102	750
epiBrainLLM	4102	752
epiBrainLLM	4118	752
epiBrainLLM	4118	753
epiBrainLLM	4135	753
epiBrainLLM	4135	754
epiBrainLLM	4137	754
epiBrainLLM	4137	756
raw SNP	0	0
raw SNP	1	0
raw SNP	3	0
raw SNP	3	2
raw SNP	8	2
raw SNP	8	3
raw SNP	9	3
raw SNP	9	4
raw SNP	14	4
raw SNP	14	6
raw SNP	16	6
raw SNP	16	7
raw SNP	20	7
raw SNP	20	8
raw SNP	27	8
raw SNP	27	9
raw SNP	28	9
raw SNP	28	10
raw SNP	29	10
raw SNP	29	11
raw SNP	30	11
raw SNP	30	12
raw SNP	33	12
raw SNP	33	13
raw SNP	35	13
raw SNP	35	14
raw SNP	40	14
raw SNP	40	16
raw SNP	49	16
raw SNP	49	18
raw SNP	53	18
raw SNP	53	19
raw SNP	55	19
raw SNP	55	20
raw SNP	89	20
raw SNP	89	21
raw SNP	92	21
raw SNP	92	22
raw SNP	95	22
raw SNP	95	23
raw SNP	115	23
raw SNP	115	24
raw SNP	129	24
raw SNP	129	25
raw SNP	134	25
raw SNP	134	26
raw SNP	136	26
raw SNP	136	27
raw SNP	139	27
raw SNP	139	29
raw SNP	142	29
raw SNP	142	30
raw SNP	144	30
raw SNP	144	31
raw SNP	145	31
raw SNP	145	32
raw SNP	150	32
raw SNP	150	33
raw SNP	154	33
raw SNP	154	34
raw SNP	156	34
raw SNP	156	35
raw SNP	157	35
raw SNP	157	36
raw SNP	158	36
raw SNP	158	37
raw SNP	159	37
raw SNP	159	38
raw SNP	162	38
raw SNP	162	39
raw SNP	165	39
raw SNP	165	40
raw SNP	166	40
raw SNP	166	41
raw SNP	168	41
raw SNP	168	44
raw SNP	173	44
raw SNP	173	45
raw SNP	174	45
raw SNP	174	48
raw SNP	176	48
raw SNP	176	49
raw SNP	177	49
raw SNP	177	50
raw SNP	181	50
raw SNP	181	51
raw SNP	182	51
raw SNP	182	52
raw SNP	186	52
raw SNP	186	53
raw SNP	189	53
raw SNP	189	56
raw SNP	206	56
raw SNP	206	57
raw SNP	207	57
raw SNP	207	58
raw SNP	208	58
raw SNP	208	59
raw SNP	210	59
raw SNP	210	60
raw SNP	215	60
raw SNP	215	61
raw SNP	216	61
raw SNP	216	62
raw SNP	218	62
raw SNP	218	63
raw SNP	226	63
raw SNP	226	66
raw SNP	228	66
raw SNP	228	67
raw SNP	233	67
raw SNP	233	68
raw SNP	239	68
raw SNP	239	69
raw SNP	247	69
raw SNP	247	70
raw SNP	263	70
raw SNP	263	71
raw SNP	266	71
raw SNP	266	73
raw SNP	267	73
raw SNP	267	74
raw SNP	268	74
raw SNP	268	75
raw SNP	269	75
raw SNP	269	76
raw SNP	271	76
raw SNP	271	77
raw SNP	276	77
raw SNP	276	78
raw SNP	292	78
raw SNP	292	79
raw SNP	301	79
raw SNP	301	80
raw SNP	305	80
raw SNP	305	82
raw SNP	306	82
raw SNP	306	83
raw SNP	315	83
raw SNP	315	85
raw SNP	320	85
raw SNP	320	87
raw SNP	321	87
raw SNP	321	88
raw SNP	328	88
raw SNP	328	89
raw SNP	335	89
raw SNP	335	90
raw SNP	339	90
raw SNP	339	91
raw SNP	343	91
raw SNP	343	92
raw SNP	350	92
raw SNP	350	93
raw SNP	358	93
raw SNP	358	94
raw SNP	361	94
raw SNP	361	95
raw SNP	362	95
raw SNP	362	97
raw SNP	363	97
raw SNP	363	99
raw SNP	368	99
raw SNP	368	101
raw SNP	372	101
raw SNP	372	102
raw SNP	393	102
raw SNP	393	103
raw SNP	399	103
raw SNP	399	104
raw SNP	401	104
raw SNP	401	106
raw SNP	408	106
raw SNP	408	107
raw SNP	412	107
raw SNP	412	108
raw SNP	425	108
raw SNP	425	109
raw SNP	426	109
raw SNP	426	110
raw SNP	428	110
raw SNP	428	113
raw SNP	432	113
raw SNP	432	114
raw SNP	437	114
raw SNP	437	115
raw SNP	448	115
raw SNP	448	116
raw SNP	454	116
raw SNP	454	117
raw SNP	463	117
raw SNP	463	118
raw SNP	468	118
raw SNP	468	119
raw SNP	490	119
raw SNP	490	120
raw SNP	492	120
raw SNP	492	121
raw SNP	499	121
raw SNP	499	122
raw SNP	503	122
raw SNP	503	124
raw SNP	504	124
raw SNP	504	126
raw SNP	513	126
raw SNP	513	129
raw SNP	516	129
raw SNP	516	130
raw SNP	517	130
raw SNP	517	131
raw SNP	519	131
raw SNP	519	132
raw SNP	525	132
raw SNP	525	133
raw SNP	530	133
raw SNP	530	134
raw SNP	539	134
raw SNP	539	135
raw SNP	554	135
raw SNP	554	136
raw SNP	556	136
raw SNP	556	137
raw SNP	559	137
raw SNP	559	139
raw SNP	560	139
raw SNP	560	140
raw SNP	567	140
raw SNP	567	141
raw SNP	571	141
raw SNP	571	142
raw SNP	573	142
raw SNP	573	143
raw SNP	574	143
raw SNP	574	144
raw SNP	578	144
raw SNP	578	145
raw SNP	580	145
raw SNP	580	146
raw SNP	582	146
raw SNP	582	147
raw SNP	583	147
raw SNP	583	148
raw SNP	591	148
raw SNP	591	149
raw SNP	596	149
raw SNP	596	150
raw SNP	599	150
raw SNP	599	151
raw SNP	606	151
raw SNP	606	152
raw SNP	616	152
raw SNP	616	153
raw SNP	622	153
raw SNP	622	154
raw SNP	628	154
raw SNP	628	155
raw SNP	633	155
raw SNP	633	156
raw SNP	646	156
raw SNP	646	157
raw SNP	647	157
raw SNP	647	158
raw SNP	648	158
raw SNP	648	159
raw SNP	652	159
raw SNP	652	160
raw SNP	653	160
raw SNP	653	161
raw SNP	667	161
raw SNP	667	162
raw SNP	675	162
raw SNP	675	164
raw SNP	679	164
raw SNP	679	165
raw SNP	681	165
raw SNP	681	166
raw SNP	699	166
raw SNP	699	167
raw SNP	704	167
raw SNP	704	168
raw SNP	715	168
raw SNP	715	169
raw SNP	718	169
raw SNP	718	170
raw SNP	721	170
raw SNP	721	171
raw SNP	725	171
raw SNP	725	172
raw SNP	728	172
raw SNP	728	173
raw SNP	733	173
raw SNP	733	174
raw SNP	748	174
raw SNP	748	175
raw SNP	752	175
raw SNP	752	176
raw SNP	755	176
raw SNP	755	177
raw SNP	757	177
raw SNP	757	178
raw SNP	767	178
raw SNP	767	181
raw SNP	775	181
raw SNP	775	182
raw SNP	793	182
raw SNP	793	183
raw SNP	810	183
raw SNP	810	184
raw SNP	811	184
raw SNP	811	185
raw SNP	818	185
raw SNP	818	186
raw SNP	819	186
raw SNP	819	188
raw SNP	821	188
raw SNP	821	189
raw SNP	822	189
raw SNP	822	190
raw SNP	824	190
raw SNP	824	191
raw SNP	825	191
raw SNP	825	192
raw SNP	842	192
raw SNP	842	193
raw SNP	843	193
raw SNP	843	194
raw SNP	853	194
raw SNP	853	196
raw SNP	856	196
raw SNP	856	197
raw SNP	858	197
raw SNP	858	198
raw SNP	859	198
raw SNP	859	199
raw SNP	861	199
raw SNP	861	200
raw SNP	865	200
raw SNP	865	201
raw SNP	867	201
raw SNP	867	202
raw SNP	868	202
raw SNP	868	203
raw SNP	873	203
raw SNP	873	204
raw SNP	882	204
raw SNP	882	205
raw SNP	892	205
raw SNP	892	206
raw SNP	893	206
raw SNP	893	207
raw SNP	894	207
raw SNP	894	208
raw SNP	895	208
raw SNP	895	209
raw SNP	909	209
raw SNP	909	210
raw SNP	912	210
raw SNP	912	211
raw SNP	918	211
raw SNP	918	212
raw SNP	929	212
raw SNP	929	213
raw SNP	938	213
raw SNP	938	214
raw SNP	940	214
raw SNP	940	215
raw SNP	943	215
raw SNP	943	216
raw SNP	967	216
raw SNP	967	217
raw SNP	979	217
raw SNP	979	218
raw SNP	993	218
raw SNP	993	220
raw SNP	994	220
raw SNP	994	221
raw SNP	995	221
raw SNP	995	222
raw SNP	1011	222
raw SNP	1011	223
raw SNP	1019	223
raw SNP	1019	224
raw SNP	1028	224
raw SNP	1028	225
raw SNP	1033	225
raw SNP	1033	226
raw SNP	1035	226
raw SNP	1035	227
raw SNP	1039	227
raw SNP	1039	228
raw SNP	1044	228
raw SNP	1044	229
raw SNP	1047	229
raw SNP	1047	230
raw SNP	1058	230
raw SNP	1058	233
raw SNP	1062	233
raw SNP	1062	235
raw SNP	1070	235
raw SNP	1070	237
raw SNP	1071	237
raw SNP	1071	238
raw SNP	1077	238
raw SNP	1077	239
raw SNP	1083	239
raw SNP	1083	240
raw SNP	1085	240
raw SNP	1085	241
raw SNP	1086	241
raw SNP	1086	242
raw SNP	1090	242
raw SNP	1090	243
raw SNP	1092	243
raw SNP	1092	244
raw SNP	1109	244
raw SNP	1109	246
raw SNP	1116	246
raw SNP	1116	247
raw SNP	1120	247
raw SNP	1120	249
raw SNP	1123	249
raw SNP	1123	250
raw SNP	1129	250
raw SNP	1129	251
raw SNP	1133	251
raw SNP	1133	252
raw SNP	1138	252
raw SNP	1138	253
raw SNP	1143	253
raw SNP	1143	254
raw SNP	1146	254
raw SNP	1146	255
raw SNP	1155	255
raw SNP	1155	256
raw SNP	1174	256
raw SNP	1174	258
raw SNP	1176	258
raw SNP	1176	259
raw SNP	1177	259
raw SNP	1177	260
raw SNP	1180	260
raw SNP	1180	261
raw SNP	1193	261
raw SNP	1193	262
raw SNP	1213	262
raw SNP	1213	263
raw SNP	1214	263
raw SNP	1214	264
raw SNP	1215	264
raw SNP	1215	265
raw SNP	1227	265
raw SNP	1227	266
raw SNP	1234	266
raw SNP	1234	267
raw SNP	1237	267
raw SNP	1237	268
raw SNP	1243	268
raw SNP	1243	269
raw SNP	1245	269
raw SNP	1245	270
raw SNP	1246	270
raw SNP	1246	271
raw SNP	1248	271
raw SNP	1248	272
raw SNP	1278	272
raw SNP	1278	273
raw SNP	1283	273
raw SNP	1283	274
raw SNP	1290	274
raw SNP	1290	275
raw SNP	1292	275
raw SNP	1292	276
raw SNP	1306	276
raw SNP	1306	277
raw SNP	1312	277
raw SNP	1312	278
raw SNP	1314	278
raw SNP	1314	279
raw SNP	1315	279
raw SNP	1315	280
raw SNP	1321	280
raw SNP	1321	281
raw SNP	1327	281
raw SNP	1327	282
raw SNP	1328	282
raw SNP	1328	283
raw SNP	1339	283
raw SNP	1339	284
raw SNP	1346	284
raw SNP	1346	285
raw SNP	1349	285
raw SNP	1349	286
raw SNP	1353	286
raw SNP	1353	288
raw SNP	1361	288
raw SNP	1361	289
raw SNP	1362	289
raw SNP	1362	291
raw SNP	1364	291
raw SNP	1364	292
raw SNP	1371	292
raw SNP	1371	293
raw SNP	1380	293
raw SNP	1380	296
raw SNP	1382	296
raw SNP	1382	297
raw SNP	1384	297
raw SNP	1384	298
raw SNP	1402	298
raw SNP	1402	299
raw SNP	1426	299
raw SNP	1426	300
raw SNP	1430	300
raw SNP	1430	301
raw SNP	1457	301
raw SNP	1457	303
raw SNP	1464	303
raw SNP	1464	304
raw SNP	1465	304
raw SNP	1465	305
raw SNP	1469	305
raw SNP	1469	306
raw SNP	1472	306
raw SNP	1472	307
raw SNP	1476	307
raw SNP	1476	308
raw SNP	1477	308
raw SNP	1477	310
raw SNP	1482	310
raw SNP	1482	311
raw SNP	1483	311
raw SNP	1483	312
raw SNP	1488	312
raw SNP	1488	313
raw SNP	1496	313
raw SNP	1496	314
raw SNP	1499	314
raw SNP	1499	315
raw SNP	1500	315
raw SNP	1500	317
raw SNP	1505	317
raw SNP	1505	318
raw SNP	1511	318
raw SNP	1511	320
raw SNP	1514	320
raw SNP	1514	321
raw SNP	1516	321
raw SNP	1516	322
raw SNP	1530	322
raw SNP	1530	323
raw SNP	1534	323
raw SNP	1534	324
raw SNP	1536	324
raw SNP	1536	325
raw SNP	1545	325
raw SNP	1545	327
raw SNP	1550	327
raw SNP	1550	329
raw SNP	1552	329
raw SNP	1552	330
raw SNP	1555	330
raw SNP	1555	331
raw SNP	1583	331
raw SNP	1583	334
raw SNP	1584	334
raw SNP	1584	335
raw SNP	1586	335
raw SNP	1586	336
raw SNP	1591	336
raw SNP	1591	338
raw SNP	1596	338
raw SNP	1596	339
raw SNP	1601	339
raw SNP	1601	340
raw SNP	1609	340
raw SNP	1609	342
raw SNP	1616	342
raw SNP	1616	343
raw SNP	1617	343
raw SNP	1617	344
raw SNP	1623	344
raw SNP	1623	345
raw SNP	1651	345
raw SNP	1651	346
raw SNP	1659	346
raw SNP	1659	348
raw SNP	1664	348
raw SNP	1664	349
raw SNP	1672	349
raw SNP	1672	350
raw SNP	1677	350
raw SNP	1677	351
raw SNP	1681	351
raw SNP	1681	352
raw SNP	1690	352
raw SNP	1690	354
raw SNP	1697	354
raw SNP	1697	355
raw SNP	1698	355
raw SNP	1698	356
raw SNP	1712	356
raw SNP	1712	357
raw SNP	1732	357
raw SNP	1732	358
raw SNP	1735	358
raw SNP	1735	359
raw SNP	1741	359
raw SNP	1741	360
raw SNP	1745	360
raw SNP	1745	361
raw SNP	1750	361
raw SNP	1750	363
raw SNP	1751	363
raw SNP	1751	364
raw SNP	1754	364
raw SNP	1754	365
raw SNP	1766	365
raw SNP	1766	366
raw SNP	1769	366
raw SNP	1769	367
raw SNP	1772	367
raw SNP	1772	371
raw SNP	1777	371
raw SNP	1777	373
raw SNP	1793	373
raw SNP	1793	374
raw SNP	1794	374
raw SNP	1794	376
raw SNP	1796	376
raw SNP	1796	377
raw SNP	1804	377
raw SNP	1804	378
raw SNP	1814	378
raw SNP	1814	379
raw SNP	1828	379
raw SNP	1828	380
raw SNP	1838	380
raw SNP	1838	381
raw SNP	1844	381
raw SNP	1844	382
raw SNP	1848	382
raw SNP	1848	383
raw SNP	1849	383
raw SNP	1849	384
raw SNP	1850	384
raw SNP	1850	385
raw SNP	1853	385
raw SNP	1853	386
raw SNP	1865	386
raw SNP	1865	387
raw SNP	1873	387
raw SNP	1873	388
raw SNP	1877	388
raw SNP	1877	389
raw SNP	1879	389
raw SNP	1879	390
raw SNP	1889	390
raw SNP	1889	391
raw SNP	1895	391
raw SNP	1895	392
raw SNP	1902	392
raw SNP	1902	393
raw SNP	1912	393
raw SNP	1912	394
raw SNP	1913	394
raw SNP	1913	395
raw SNP	1918	395
raw SNP	1918	397
raw SNP	1922	397
raw SNP	1922	398
raw SNP	1924	398
raw SNP	1924	399
raw SNP	1940	399
raw SNP	1940	401
raw SNP	1947	401
raw SNP	1947	402
raw SNP	1959	402
raw SNP	1959	403
raw SNP	1964	403
raw SNP	1964	404
raw SNP	1971	404
raw SNP	1971	405
raw SNP	1986	405
raw SNP	1986	406
raw SNP	1990	406
raw SNP	1990	407
raw SNP	1992	407
raw SNP	1992	409
raw SNP	2002	409
raw SNP	2002	410
raw SNP	2003	410
raw SNP	2003	411
raw SNP	2016	411
raw SNP	2016	412
raw SNP	2021	412
raw SNP	2021	413
raw SNP	2022	413
raw SNP	2022	414
raw SNP	2040	414
raw SNP	2040	416
raw SNP	2044	416
raw SNP	2044	417
raw SNP	2052	417
raw SNP	2052	418
raw SNP	2053	418
raw SNP	2053	419
raw SNP	2058	419
raw SNP	2058	420
raw SNP	2065	420
raw SNP	2065	422
raw SNP	2073	422
raw SNP	2073	423
raw SNP	2074	423
raw SNP	2074	424
raw SNP	2075	424
raw SNP	2075	426
raw SNP	2088	426
raw SNP	2088	427
raw SNP	2104	427
raw SNP	2104	428
raw SNP	2115	428
raw SNP	2115	429
raw SNP	2118	429
raw SNP	2118	430
raw SNP	2133	430
raw SNP	2133	431
raw SNP	2135	431
raw SNP	2135	432
raw SNP	2142	432
raw SNP	2142	433
raw SNP	2151	433
raw SNP	2151	434
raw SNP	2158	434
raw SNP	2158	435
raw SNP	2166	435
raw SNP	2166	436
raw SNP	2168	436
raw SNP	2168	437
raw SNP	2169	437
raw SNP	2169	438
raw SNP	2170	438
raw SNP	2170	440
raw SNP	2176	440
raw SNP	2176	441
raw SNP	2178	441
raw SNP	2178	442
raw SNP	2186	442
raw SNP	2186	443
raw SNP	2197	443
raw SNP	2197	444
raw SNP	2207	444
raw SNP	2207	445
raw SNP	2211	445
raw SNP	2211	446
raw SNP	2221	446
raw SNP	2221	447
raw SNP	2227	447
raw SNP	2227	448
raw SNP	2228	448
raw SNP	2228	449
raw SNP	2232	449
raw SNP	2232	450
raw SNP	2235	450
raw SNP	2235	451
raw SNP	2250	451
raw SNP	2250	453
raw SNP	2258	453
raw SNP	2258	454
raw SNP	2267	454
raw SNP	2267	455
raw SNP	2284	455
raw SNP	2284	457
raw SNP	2285	457
raw SNP	2285	458
raw SNP	2287	458
raw SNP	2287	459
raw SNP	2295	459
raw SNP	2295	460
raw SNP	2300	460
raw SNP	2300	461
raw SNP	2304	461
raw SNP	2304	462
raw SNP	2308	462
raw SNP	2308	463
raw SNP	2311	463
raw SNP	2311	464
raw SNP	2318	464
raw SNP	2318	465
raw SNP	2324	465
raw SNP	2324	466
raw SNP	2326	466
raw SNP	2326	467
raw SNP	2331	467
raw SNP	2331	468
raw SNP	2333	468
raw SNP	2333	470
raw SNP	2342	470
raw SNP	2342	471
raw SNP	2353	471
raw SNP	2353	472
raw SNP	2355	472
raw SNP	2355	473
raw SNP	2358	473
raw SNP	2358	474
raw SNP	2368	474
raw SNP	2368	475
raw SNP	2369	475
raw SNP	2369	476
raw SNP	2374	476
raw SNP	2374	477
raw SNP	2375	477
raw SNP	2375	479
raw SNP	2378	479
raw SNP	2378	480
raw SNP	2384	480
raw SNP	2384	481
raw SNP	2391	481
raw SNP	2391	482
raw SNP	2405	482
raw SNP	2405	483
raw SNP	2417	483
raw SNP	2417	485
raw SNP	2423	485
raw SNP	2423	486
raw SNP	2437	486
raw SNP	2437	487
raw SNP	2445	487
raw SNP	2445	488
raw SNP	2447	488
raw SNP	2447	489
raw SNP	2456	489
raw SNP	2456	490
raw SNP	2459	490
raw SNP	2459	491
raw SNP	2460	491
raw SNP	2460	492
raw SNP	2461	492
raw SNP	2461	493
raw SNP	2469	493
raw SNP	2469	495
raw SNP	2473	495
raw SNP	2473	496
raw SNP	2481	496
raw SNP	2481	498
raw SNP	2485	498
raw SNP	2485	499
raw SNP	2491	499
raw SNP	2491	500
raw SNP	2504	500
raw SNP	2504	501
raw SNP	2509	501
raw SNP	2509	502
raw SNP	2520	502
raw SNP	2520	503
raw SNP	2523	503
raw SNP	2523	504
raw SNP	2534	504
raw SNP	2534	505
raw SNP	2543	505
raw SNP	2543	506
raw SNP	2544	506
raw SNP	2544	507
raw SNP	2548	507
raw SNP	2548	508
raw SNP	2556	508
raw SNP	2556	509
raw SNP	2567	509
raw SNP	2567	510
raw SNP	2578	510
raw SNP	2578	511
raw SNP	2580	511
raw SNP	2580	512
raw SNP	2596	512
raw SNP	2596	513
raw SNP	2606	513
raw SNP	2606	514
raw SNP	2612	514
raw SNP	2612	516
raw SNP	2629	516
raw SNP	2629	517
raw SNP	2630	517
raw SNP	2630	518
raw SNP	2637	518
raw SNP	2637	519
raw SNP	2659	519
raw SNP	2659	520
raw SNP	2660	520
raw SNP	2660	521
raw SNP	2666	521
raw SNP	2666	522
raw SNP	2669	522
raw SNP	2669	523
raw SNP	2670	523
raw SNP	2670	524
raw SNP	2671	524
raw SNP	2671	525
raw SNP	2682	525
raw SNP	2682	526
raw SNP	2685	526
raw SNP	2685	527
raw SNP	2696	527
raw SNP	2696	528
raw SNP	2697	528
raw SNP	2697	530
raw SNP	2707	530
raw SNP	2707	531
raw SNP	2713	531
raw SNP	2713	533
raw SNP	2716	533
raw SNP	2716	534
raw SNP	2726	534
raw SNP	2726	535
raw SNP	2727	535
raw SNP	2727	536
raw SNP	2732	536
raw SNP	2732	537
raw SNP	2734	537
raw SNP	2734	540
raw SNP	2756	540
raw SNP	2756	541
raw SNP	2759	541
raw SNP	2759	542
raw SNP	2762	542
raw SNP	2762	543
raw SNP	2771	543
raw SNP	2771	544
raw SNP	2772	544
raw SNP	2772	545
raw SNP	2774	545
raw SNP	2774	546
raw SNP	2793	546
raw SNP	2793	547
raw SNP	2794	547
raw SNP	2794	548
raw SNP	2795	548
raw SNP	2795	549
raw SNP	2805	549
raw SNP	2805	550
raw SNP	2821	550
raw SNP	2821	554
raw SNP	2835	554
raw SNP	2835	555
raw SNP	2837	555
raw SNP	2837	557
raw SNP	2841	557
raw SNP	2841	558
raw SNP	2844	558
raw SNP	2844	559
raw SNP	2845	559
raw SNP	2845	560
raw SNP	2854	560
raw SNP	2854	561
raw SNP	2855	561
raw SNP	2855	562
raw SNP	2862	562
raw SNP	2862	563
raw SNP	2865	563
raw SNP	2865	564
raw SNP	2878	564
raw SNP	2878	565
raw SNP	2886	565
raw SNP	2886	566
raw SNP	2888	566
raw SNP	2888	567
raw SNP	2901	567
raw SNP	2901	568
raw SNP	2904	568
raw SNP	2904	569
raw SNP	2920	569
raw SNP	2920	570
raw SNP	2925	570
raw SNP	2925	571
raw SNP	2927	571
raw SNP	2927	572
raw SNP	2931	572
raw SNP	2931	573
raw SNP	2938	573
raw SNP	2938	574
raw SNP	2942	574
raw SNP	2942	575
raw SNP	2951	575
raw SNP	2951	576
raw SNP	2955	576
raw SNP	2955	577
raw SNP	2957	577
raw SNP	2957	578
raw SNP	2963	578
raw SNP	2963	579
raw SNP	2974	579
raw SNP	2974	580
raw SNP	2977	580
raw SNP	2977	581
raw SNP	2983	581
raw SNP	2983	582
raw SNP	2987	582
raw SNP	2987	583
raw SNP	2996	583
raw SNP	2996	584
raw SNP	2998	584
raw SNP	2998	585
raw SNP	3003	585
raw SNP	3003	587
raw SNP	3004	587
raw SNP	3004	588
raw SNP	3016	588
raw SNP	3016	589
raw SNP	3017	589
raw SNP	3017	590
raw SNP	3034	590
raw SNP	3034	591
raw SNP	3052	591
raw SNP	3052	592
raw SNP	3075	592
raw SNP	3075	593
raw SNP	3078	593
raw SNP	3078	594
raw SNP	3094	594
raw SNP	3094	595
raw SNP	3102	595
raw SNP	3102	596
raw SNP	3104	596
raw SNP	3104	597
raw SNP	3105	597
raw SNP	3105	598
raw SNP	3112	598
raw SNP	3112	599
raw SNP	3117	599
raw SNP	3117	600
raw SNP	3122	600
raw SNP	3122	601
raw SNP	3123	601
raw SNP	3123	602
raw SNP	3139	602
raw SNP	3139	603
raw SNP	3144	603
raw SNP	3144	604
raw SNP	3153	604
raw SNP	3153	605
raw SNP	3158	605
raw SNP	3158	606
raw SNP	3159	606
raw SNP	3159	607
raw SNP	3165	607
raw SNP	3165	608
raw SNP	3179	608
raw SNP	3179	610
raw SNP	3212	610
raw SNP	3212	611
raw SNP	3213	611
raw SNP	3213	612
raw SNP	3229	612
raw SNP	3229	615
raw SNP	3271	615
raw SNP	3271	616
raw SNP	3274	616
raw SNP	3274	617
raw SNP	3275	617
raw SNP	3275	619
raw SNP	3279	619
raw SNP	3279	620
raw SNP	3297	620
raw SNP	3297	621
raw SNP	3303	621
raw SNP	3303	622
raw SNP	3312	622
raw SNP	3312	623
raw SNP	3320	623
raw SNP	3320	624
raw SNP	3321	624
raw SNP	3321	626
raw SNP	3339	626
raw SNP	3339	627
raw SNP	3343	627
raw SNP	3343	628
raw SNP	3346	628
raw SNP	3346	629
raw SNP	3349	629
raw SNP	3349	631
raw SNP	3350	631
raw SNP	3350	632
raw SNP	3355	632
raw SNP	3355	634
raw SNP	3356	634
raw SNP	3356	635
raw SNP	3363	635
raw SNP	3363	636
raw SNP	3364	636
raw SNP	3364	637
raw SNP	3370	637
raw SNP	3370	639
raw SNP	3373	639
raw SNP	3373	640
raw SNP	3389	640
raw SNP	3389	641
raw SNP	3403	641
raw SNP	3403	642
raw SNP	3404	642
raw SNP	3404	643
raw SNP	3407	643
raw SNP	3407	644
raw SNP	3421	644
raw SNP	3421	645
raw SNP	3423	645
raw SNP	3423	646
raw SNP	3427	646
raw SNP	3427	647
raw SNP	3449	647
raw SNP	3449	648
raw SNP	3451	648
raw SNP	3451	649
raw SNP	3475	649
raw SNP	3475	650
raw SNP	3478	650
raw SNP	3478	651
raw SNP	3482	651
raw SNP	3482	653
raw SNP	3483	653
raw SNP	3483	655
raw SNP	3499	655
raw SNP	3499	656
raw SNP	3505	656
raw SNP	3505	658
raw SNP	3517	658
raw SNP	3517	659
raw SNP	3519	659
raw SNP	3519	660
raw SNP	3530	660
raw SNP	3530	661
raw SNP	3540	661
raw SNP	3540	663
raw SNP	3541	663
raw SNP	3541	664
raw SNP	3543	664
raw SNP	3543	665
raw SNP	3580	665
raw SNP	3580	666
raw SNP	3592	666
raw SNP	3592	667
raw SNP	3605	667
raw SNP	3605	668
raw SNP	3623	668
raw SNP	3623	669
raw SNP	3638	669
raw SNP	3638	672
raw SNP	3645	672
raw SNP	3645	673
raw SNP	3647	673
raw SNP	3647	674
raw SNP	3652	674
raw SNP	3652	675
raw SNP	3656	675
raw SNP	3656	677
raw SNP	3660	677
raw SNP	3660	679
raw SNP	3661	679
raw SNP	3661	680
raw SNP	3665	680
raw SNP	3665	681
raw SNP	3672	681
raw SNP	3672	683
raw SNP	3684	683
raw SNP	3684	684
raw SNP	3686	684
raw SNP	3686	685
raw SNP	3692	685
raw SNP	3692	687
raw SNP	3699	687
raw SNP	3699	688
raw SNP	3700	688
raw SNP	3700	689
raw SNP	3707	689
raw SNP	3707	690
raw SNP	3711	690
raw SNP	3711	692
raw SNP	3752	692
raw SNP	3752	693
raw SNP	3777	693
raw SNP	3777	694
raw SNP	3780	694
raw SNP	3780	695
raw SNP	3785	695
raw SNP	3785	696
raw SNP	3795	696
raw SNP	3795	697
raw SNP	3798	697
raw SNP	3798	698
raw SNP	3802	698
raw SNP	3802	699
raw SNP	3814	699
raw SNP	3814	702
raw SNP	3819	702
raw SNP	3819	703
raw SNP	3826	703
raw SNP	3826	704
raw SNP	3835	704
raw SNP	3835	708
raw SNP	3849	708
raw SNP	3849	709
raw SNP	3851	709
raw SNP	3851	710
raw SNP	3857	710
raw SNP	3857	711
raw SNP	3870	711
raw SNP	3870	712
raw SNP	3887	712
raw SNP	3887	713
raw SNP	3889	713
raw SNP	3889	714
raw SNP	3899	714
raw SNP	3899	716
raw SNP	3904	716
raw SNP	3904	719
raw SNP	3906	719
raw SNP	3906	720
raw SNP	3909	720
raw SNP	3909	723
raw SNP	3912	723
raw SNP	3912	724
raw SNP	3914	724
raw SNP	3914	726
raw SNP	3927	726
raw SNP	3927	727
raw SNP	3930	727
raw SNP	3930	728
raw SNP	3942	728
raw SNP	3942	729
raw SNP	3952	729
raw SNP	3952	730
raw SNP	3974	730
raw SNP	3974	731
raw SNP	3975	731
raw SNP	3975	732
raw SNP	3994	732
raw SNP	3994	733
raw SNP	4006	733
raw SNP	4006	734
raw SNP	4016	734
raw SNP	4016	735
raw SNP	4020	735
raw SNP	4020	736
raw SNP	4033	736
raw SNP	4033	737
raw SNP	4034	737
raw SNP	4034	738
raw SNP	4037	738
raw SNP	4037	739
raw SNP	4038	739
raw SNP	4038	740
raw SNP	4049	740
raw SNP	4049	741
raw SNP	4051	741
raw SNP	4051	743
raw SNP	4052	743
raw SNP	4052	744
raw SNP	4055	744
raw SNP	4055	745
raw SNP	4056	745
raw SNP	4056	746
raw SNP	4060	746
raw SNP	4060	747
raw SNP	4064	747
raw SNP	4064	748
raw SNP	4089	748
raw SNP	4089	749
raw SNP	4094	749
raw SNP	4094	750
raw SNP	4096	750
raw SNP	4096	752
raw SNP	4103	752
raw SNP	4103	753
raw SNP	4115	753
raw SNP	4115	754
raw SNP	4116	754
raw SNP	4116	755
raw SNP	4135	755
raw SNP	4135	756
raw SNP	4137	756
PRS-CS	0	0
PRS-CS	0	1
PRS-CS	8	1
PRS-CS	8	2
PRS-CS	10	2
PRS-CS	10	3
PRS-CS	16	3
PRS-CS	16	4
PRS-CS	23	4
PRS-CS	23	6
PRS-CS	25	6
PRS-CS	25	7
PRS-CS	28	7
PRS-CS	28	8
PRS-CS	34	8
PRS-CS	34	9
PRS-CS	38	9
PRS-CS	38	12
PRS-CS	40	12
PRS-CS	40	13
PRS-CS	46	13
PRS-CS	46	14
PRS-CS	47	14
PRS-CS	47	15
PRS-CS	49	15
PRS-CS	49	16
PRS-CS	51	16
PRS-CS	51	17
PRS-CS	53	17
PRS-CS	53	18
PRS-CS	55	18
PRS-CS	55	19
PRS-CS	57	19
PRS-CS	57	20
PRS-CS	67	20
PRS-CS	67	24
PRS-CS	74	24
PRS-CS	74	29
PRS-CS	75	29
PRS-CS	75	30
PRS-CS	77	30
PRS-CS	77	31
PRS-CS	83	31
PRS-CS	83	32
PRS-CS	88	32
PRS-CS	88	34
PRS-CS	91	34
PRS-CS	91	35
PRS-CS	94	35
PRS-CS	94	39
PRS-CS	112	39
PRS-CS	112	40
PRS-CS	114	40
PRS-CS	114	41
PRS-CS	117	41
PRS-CS	117	42
PRS-CS	126	42
PRS-CS	126	44
PRS-CS	128	44
PRS-CS	128	45
PRS-CS	136	45
PRS-CS	136	46
PRS-CS	140	46
PRS-CS	140	48
PRS-CS	153	48
PRS-CS	153	49
PRS-CS	156	49
PRS-CS	156	50
PRS-CS	157	50
PRS-CS	157	51
PRS-CS	160	51
PRS-CS	160	52
PRS-CS	161	52
PRS-CS	161	55
PRS-CS	174	55
PRS-CS	174	58
PRS-CS	181	58
PRS-CS	181	59
PRS-CS	183	59
PRS-CS	183	60
PRS-CS	184	60
PRS-CS	184	62
PRS-CS	195	62
PRS-CS	195	63
PRS-CS	198	63
PRS-CS	198	66
PRS-CS	200	66
PRS-CS	200	67
PRS-CS	204	67
PRS-CS	204	68
PRS-CS	209	68
PRS-CS	209	69
PRS-CS	214	69
PRS-CS	214	72
PRS-CS	216	72
PRS-CS	216	73
PRS-CS	220	73
PRS-CS	220	74
PRS-CS	223	74
PRS-CS	223	75
PRS-CS	226	75
PRS-CS	226	76
PRS-CS	240	76
PRS-CS	240	78
PRS-CS	242	78
PRS-CS	242	79
PRS-CS	247	79
PRS-CS	247	82
PRS-CS	251	82
PRS-CS	251	83
PRS-CS	254	83
PRS-CS	254	85
PRS-CS	256	85
PRS-CS	256	86
PRS-CS	257	86
PRS-CS	257	87
PRS-CS	259	87
PRS-CS	259	88
PRS-CS	262	88
PRS-CS	262	90
PRS-CS	269	90
PRS-CS	269	91
PRS-CS	272	91
PRS-CS	272	92
PRS-CS	273	92
PRS-CS	273	94
PRS-CS	275	94
PRS-CS	275	96
PRS-CS	280	96
PRS-CS	280	99
PRS-CS	297	99
PRS-CS	297	100
PRS-CS	315	100
PRS-CS	315	101
PRS-CS	316	101
PRS-CS	316	102
PRS-CS	318	102
PRS-CS	318	103
PRS-CS	328	103
PRS-CS	328	105
PRS-CS	332	105
PRS-CS	332	106
PRS-CS	337	106
PRS-CS	337	107
PRS-CS	350	107
PRS-CS	350	108
PRS-CS	353	108
PRS-CS	353	109
PRS-CS	366	109
PRS-CS	366	110
PRS-CS	369	110
PRS-CS	369	111
PRS-CS	372	111
PRS-CS	372	112
PRS-CS	381	112
PRS-CS	381	113
PRS-CS	382	113
PRS-CS	382	114
PRS-CS	383	114
PRS-CS	383	115
PRS-CS	385	115
PRS-CS	385	117
PRS-CS	388	117
PRS-CS	388	118
PRS-CS	392	118
PRS-CS	392	119
PRS-CS	404	119
PRS-CS	404	120
PRS-CS	405	120
PRS-CS	405	121
PRS-CS	408	121
PRS-CS	408	122
PRS-CS	410	122
PRS-CS	410	124
PRS-CS	415	124
PRS-CS	415	125
PRS-CS	416	125
PRS-CS	416	127
PRS-CS	424	127
PRS-CS	424	128
PRS-CS	441	128
PRS-CS	441	129
PRS-CS	449	129
PRS-CS	449	132
PRS-CS	452	132
PRS-CS	452	133
PRS-CS	456	133
PRS-CS	456	134
PRS-CS	461	134
PRS-CS	461	136
PRS-CS	462	136
PRS-CS	462	138
PRS-CS	464	138
PRS-CS	464	139
PRS-CS	467	139
PRS-CS	467	140
PRS-CS	470	140
PRS-CS	470	141
PRS-CS	477	141
PRS-CS	477	142
PRS-CS	482	142
PRS-CS	482	143
PRS-CS	488	143
PRS-CS	488	144
PRS-CS	493	144
PRS-CS	493	145
PRS-CS	498	145
PRS-CS	498	147
PRS-CS	500	147
PRS-CS	500	148
PRS-CS	501	148
PRS-CS	501	149
PRS-CS	509	149
PRS-CS	509	150
PRS-CS	510	150
PRS-CS	510	151
PRS-CS	516	151
PRS-CS	516	152
PRS-CS	518	152
PRS-CS	518	153
PRS-CS	523	153
PRS-CS	523	154
PRS-CS	525	154
PRS-CS	525	156
PRS-CS	531	156
PRS-CS	531	159
PRS-CS	533	159
PRS-CS	533	160
PRS-CS	549	160
PRS-CS	549	161
PRS-CS	558	161
PRS-CS	558	164
PRS-CS	572	164
PRS-CS	572	165
PRS-CS	573	165
PRS-CS	573	166
PRS-CS	576	166
PRS-CS	576	167
PRS-CS	577	167
PRS-CS	577	168
PRS-CS	578	168
PRS-CS	578	169
PRS-CS	587	169
PRS-CS	587	170
PRS-CS	589	170
PRS-CS	589	171
PRS-CS	592	171
PRS-CS	592	172
PRS-CS	596	172
PRS-CS	596	173
PRS-CS	598	173
PRS-CS	598	174
PRS-CS	600	174
PRS-CS	600	176
PRS-CS	604	176
PRS-CS	604	177
PRS-CS	611	177
PRS-CS	611	179
PRS-CS	619	179
PRS-CS	619	181
PRS-CS	630	181
PRS-CS	630	182
PRS-CS	636	182
PRS-CS	636	183
PRS-CS	648	183
PRS-CS	648	184
PRS-CS	650	184
PRS-CS	650	185
PRS-CS	655	185
PRS-CS	655	186
PRS-CS	658	186
PRS-CS	658	187
PRS-CS	666	187
PRS-CS	666	188
PRS-CS	673	188
PRS-CS	673	189
PRS-CS	675	189
PRS-CS	675	190
PRS-CS	689	190
PRS-CS	689	191
PRS-CS	691	191
PRS-CS	691	192
PRS-CS	693	192
PRS-CS	693	193
PRS-CS	694	193
PRS-CS	694	194
PRS-CS	703	194
PRS-CS	703	195
PRS-CS	707	195
PRS-CS	707	196
PRS-CS	711	196
PRS-CS	711	197
PRS-CS	719	197
PRS-CS	719	198
PRS-CS	731	198
PRS-CS	731	199
PRS-CS	735	199
PRS-CS	735	200
PRS-CS	742	200
PRS-CS	742	201
PRS-CS	745	201
PRS-CS	745	202
PRS-CS	746	202
PRS-CS	746	203
PRS-CS	749	203
PRS-CS	749	206
PRS-CS	750	206
PRS-CS	750	207
PRS-CS	757	207
PRS-CS	757	208
PRS-CS	762	208
PRS-CS	762	211
PRS-CS	765	211
PRS-CS	765	212
PRS-CS	767	212
PRS-CS	767	213
PRS-CS	768	213
PRS-CS	768	214
PRS-CS	770	214
PRS-CS	770	216
PRS-CS	795	216
PRS-CS	795	217
PRS-CS	798	217
PRS-CS	798	218
PRS-CS	808	218
PRS-CS	808	219
PRS-CS	812	219
PRS-CS	812	220
PRS-CS	817	220
PRS-CS	817	221
PRS-CS	825	221
PRS-CS	825	223
PRS-CS	829	223
PRS-CS	829	224
PRS-CS	833	224
PRS-CS	833	225
PRS-CS	837	225
PRS-CS	837	226
PRS-CS	851	226
PRS-CS	851	227
PRS-CS	854	227
PRS-CS	854	228
PRS-CS	859	228
PRS-CS	859	229
PRS-CS	864	229
PRS-CS	864	230
PRS-CS	866	230
PRS-CS	866	231
PRS-CS	875	231
PRS-CS	875	232
PRS-CS	887	232
PRS-CS	887	233
PRS-CS	889	233
PRS-CS	889	234
PRS-CS	892	234
PRS-CS	892	235
PRS-CS	895	235
PRS-CS	895	236
PRS-CS	909	236
PRS-CS	909	237
PRS-CS	911	237
PRS-CS	911	238
PRS-CS	922	238
PRS-CS	922	239
PRS-CS	927	239
PRS-CS	927	240
PRS-CS	943	240
PRS-CS	943	241
PRS-CS	958	241
PRS-CS	958	242
PRS-CS	964	242
PRS-CS	964	244
PRS-CS	973	244
PRS-CS	973	245
PRS-CS	994	245
PRS-CS	994	246
PRS-CS	1004	246
PRS-CS	1004	247
PRS-CS	1008	247
PRS-CS	1008	248
PRS-CS	1016	248
PRS-CS	1016	249
PRS-CS	1019	249
PRS-CS	1019	250
PRS-CS	1025	250
PRS-CS	1025	251
PRS-CS	1026	251
PRS-CS	1026	252
PRS-CS	1041	252
PRS-CS	1041	253
PRS-CS	1042	253
PRS-CS	1042	254
PRS-CS	1059	254
PRS-CS	1059	255
PRS-CS	1075	255
PRS-CS	1075	256
PRS-CS	1081	256
PRS-CS	1081	257
PRS-CS	1084	257
PRS-CS	1084	258
PRS-CS	1091	258
PRS-CS	1091	259
PRS-CS	1106	259
PRS-CS	1106	261
PRS-CS	1109	261
PRS-CS	1109	262
PRS-CS	1117	262
PRS-CS	1117	263
PRS-CS	1132	263
PRS-CS	1132	264
PRS-CS	1141	264
PRS-CS	1141	265
PRS-CS	1142	265
PRS-CS	1142	266
PRS-CS	1146	266
PRS-CS	1146	267
PRS-CS	1147	267
PRS-CS	1147	268
PRS-CS	1150	268
PRS-CS	1150	269
PRS-CS	1157	269
PRS-CS	1157	270
PRS-CS	1166	270
PRS-CS	1166	271
PRS-CS	1167	271
PRS-CS	1167	273
PRS-CS	1171	273
PRS-CS	1171	274
PRS-CS	1183	274
PRS-CS	1183	275
PRS-CS	1194	275
PRS-CS	1194	276
PRS-CS	1197	276
PRS-CS	1197	278
PRS-CS	1199	278
PRS-CS	1199	280
PRS-CS	1224	280
PRS-CS	1224	281
PRS-CS	1225	281
PRS-CS	1225	282
PRS-CS	1232	282
PRS-CS	1232	283
PRS-CS	1243	283
PRS-CS	1243	284
PRS-CS	1276	284
PRS-CS	1276	285
PRS-CS	1281	285
PRS-CS	1281	286
PRS-CS	1289	286
PRS-CS	1289	287
PRS-CS	1302	287
PRS-CS	1302	288
PRS-CS	1309	288
PRS-CS	1309	289
PRS-CS	1313	289
PRS-CS	1313	291
PRS-CS	1315	291
PRS-CS	1315	293
PRS-CS	1319	293
PRS-CS	1319	294
PRS-CS	1327	294
PRS-CS	1327	295
PRS-CS	1339	295
PRS-CS	1339	296
PRS-CS	1342	296
PRS-CS	1342	298
PRS-CS	1343	298
PRS-CS	1343	299
PRS-CS	1349	299
PRS-CS	1349	300
PRS-CS	1358	300
PRS-CS	1358	301
PRS-CS	1359	301
PRS-CS	1359	302
PRS-CS	1367	302
PRS-CS	1367	303
PRS-CS	1371	303
PRS-CS	1371	305
PRS-CS	1374	305
PRS-CS	1374	306
PRS-CS	1375	306
PRS-CS	1375	307
PRS-CS	1385	307
PRS-CS	1385	308
PRS-CS	1387	308
PRS-CS	1387	309
PRS-CS	1400	309
PRS-CS	1400	310
PRS-CS	1401	310
PRS-CS	1401	311
PRS-CS	1403	311
PRS-CS	1403	313
PRS-CS	1410	313
PRS-CS	1410	314
PRS-CS	1411	314
PRS-CS	1411	315
PRS-CS	1422	315
PRS-CS	1422	316
PRS-CS	1423	316
PRS-CS	1423	317
PRS-CS	1429	317
PRS-CS	1429	318
PRS-CS	1434	318
PRS-CS	1434	319
PRS-CS	1442	319
PRS-CS	1442	320
PRS-CS	1450	320
PRS-CS	1450	321
PRS-CS	1454	321
PRS-CS	1454	322
PRS-CS	1457	322
PRS-CS	1457	323
PRS-CS	1458	323
PRS-CS	1458	325
PRS-CS	1462	325
PRS-CS	1462	326
PRS-CS	1468	326
PRS-CS	1468	327
PRS-CS	1480	327
PRS-CS	1480	328
PRS-CS	1493	328
PRS-CS	1493	329
PRS-CS	1497	329
PRS-CS	1497	330
PRS-CS	1498	330
PRS-CS	1498	331
PRS-CS	1510	331
PRS-CS	1510	332
PRS-CS	1517	332
PRS-CS	1517	333
PRS-CS	1523	333
PRS-CS	1523	334
PRS-CS	1525	334
PRS-CS	1525	335
PRS-CS	1531	335
PRS-CS	1531	338
PRS-CS	1533	338
PRS-CS	1533	339
PRS-CS	1538	339
PRS-CS	1538	340
PRS-CS	1550	340
PRS-CS	1550	341
PRS-CS	1562	341
PRS-CS	1562	342
PRS-CS	1564	342
PRS-CS	1564	343
PRS-CS	1565	343
PRS-CS	1565	344
PRS-CS	1568	344
PRS-CS	1568	345
PRS-CS	1570	345
PRS-CS	1570	346
PRS-CS	1574	346
PRS-CS	1574	348
PRS-CS	1578	348
PRS-CS	1578	349
PRS-CS	1579	349
PRS-CS	1579	350
PRS-CS	1600	350
PRS-CS	1600	351
PRS-CS	1603	351
PRS-CS	1603	352
PRS-CS	1604	352
PRS-CS	1604	353
PRS-CS	1605	353
PRS-CS	1605	355
PRS-CS	1611	355
PRS-CS	1611	356
PRS-CS	1614	356
PRS-CS	1614	357
PRS-CS	1616	357
PRS-CS	1616	358
PRS-CS	1619	358
PRS-CS	1619	359
PRS-CS	1620	359
PRS-CS	1620	362
PRS-CS	1640	362
PRS-CS	1640	363
PRS-CS	1644	363
PRS-CS	1644	364
PRS-CS	1648	364
PRS-CS	1648	365
PRS-CS	1649	365
PRS-CS	1649	366
PRS-CS	1658	366
PRS-CS	1658	368
PRS-CS	1667	368
PRS-CS	1667	369
PRS-CS	1688	369
PRS-CS	1688	371
PRS-CS	1696	371
PRS-CS	1696	372
PRS-CS	1697	372
PRS-CS	1697	373
PRS-CS	1706	373
PRS-CS	1706	374
PRS-CS	1717	374
PRS-CS	1717	375
PRS-CS	1722	375
PRS-CS	1722	376
PRS-CS	1723	376
PRS-CS	1723	377
PRS-CS	1737	377
PRS-CS	1737	378
PRS-CS	1738	378
PRS-CS	1738	380
PRS-CS	1740	380
PRS-CS	1740	381
PRS-CS	1744	381
PRS-CS	1744	382
PRS-CS	1745	382
PRS-CS	1745	383
PRS-CS	1759	383
PRS-CS	1759	384
PRS-CS	1763	384
PRS-CS	1763	386
PRS-CS	1767	386
PRS-CS	1767	387
PRS-CS	1773	387
PRS-CS	1773	388
PRS-CS	1780	388
PRS-CS	1780	390
PRS-CS	1786	390
PRS-CS	1786	391
PRS-CS	1788	391
PRS-CS	1788	392
PRS-CS	1807	392
PRS-CS	1807	395
PRS-CS	1811	395
PRS-CS	1811	396
PRS-CS	1817	396
PRS-CS	1817	397
PRS-CS	1820	397
PRS-CS	1820	398
PRS-CS	1831	398
PRS-CS	1831	399
PRS-CS	1832	399
PRS-CS	1832	400
PRS-CS	1840	400
PRS-CS	1840	401
PRS-CS	1843	401
PRS-CS	1843	402
PRS-CS	1857	402
PRS-CS	1857	403
PRS-CS	1859	403
PRS-CS	1859	404
PRS-CS	1861	404
PRS-CS	1861	405
PRS-CS	1862	405
PRS-CS	1862	406
PRS-CS	1866	406
PRS-CS	1866	407
PRS-CS	1879	407
PRS-CS	1879	408
PRS-CS	1881	408
PRS-CS	1881	409
PRS-CS	1889	409
PRS-CS	1889	410
PRS-CS	1890	410
PRS-CS	1890	411
PRS-CS	1902	411
PRS-CS	1902	412
PRS-CS	1903	412
PRS-CS	1903	413
PRS-CS	1905	413
PRS-CS	1905	414
PRS-CS	1913	414
PRS-CS	1913	415
PRS-CS	1942	415
PRS-CS	1942	416
PRS-CS	1949	416
PRS-CS	1949	417
PRS-CS	1964	417
PRS-CS	1964	418
PRS-CS	1968	418
PRS-CS	1968	419
PRS-CS	1975	419
PRS-CS	1975	420
PRS-CS	1976	420
PRS-CS	1976	421
PRS-CS	1977	421
PRS-CS	1977	422
PRS-CS	1979	422
PRS-CS	1979	423
PRS-CS	1981	423
PRS-CS	1981	424
PRS-CS	1988	424
PRS-CS	1988	425
PRS-CS	1992	425
PRS-CS	1992	426
PRS-CS	1996	426
PRS-CS	1996	427
PRS-CS	1997	427
PRS-CS	1997	429
PRS-CS	2014	429
PRS-CS	2014	430
PRS-CS	2015	430
PRS-CS	2015	431
PRS-CS	2016	431
PRS-CS	2016	433
PRS-CS	2019	433
PRS-CS	2019	434
PRS-CS	2032	434
PRS-CS	2032	435
PRS-CS	2036	435
PRS-CS	2036	436
PRS-CS	2042	436
PRS-CS	2042	437
PRS-CS	2044	437
PRS-CS	2044	438
PRS-CS	2051	438
PRS-CS	2051	439
PRS-CS	2054	439
PRS-CS	2054	440
PRS-CS	2062	440
PRS-CS	2062	441
PRS-CS	2077	441
PRS-CS	2077	442
PRS-CS	2084	442
PRS-CS	2084	443
PRS-CS	2087	443
PRS-CS	2087	444
PRS-CS	2093	444
PRS-CS	2093	445
PRS-CS	2104	445
PRS-CS	2104	446
PRS-CS	2144	446
PRS-CS	2144	447
PRS-CS	2147	447
PRS-CS	2147	448
PRS-CS	2153	448
PRS-CS	2153	449
PRS-CS	2171	449
PRS-CS	2171	450
PRS-CS	2177	450
PRS-CS	2177	451
PRS-CS	2182	451
PRS-CS	2182	452
PRS-CS	2184	452
PRS-CS	2184	453
PRS-CS	2195	453
PRS-CS	2195	454
PRS-CS	2198	454
PRS-CS	2198	455
PRS-CS	2200	455
PRS-CS	2200	456
PRS-CS	2213	456
PRS-CS	2213	457
PRS-CS	2215	457
PRS-CS	2215	458
PRS-CS	2219	458
PRS-CS	2219	459
PRS-CS	2226	459
PRS-CS	2226	461
PRS-CS	2233	461
PRS-CS	2233	462
PRS-CS	2241	462
PRS-CS	2241	463
PRS-CS	2251	463
PRS-CS	2251	464
PRS-CS	2252	464
PRS-CS	2252	465
PRS-CS	2256	465
PRS-CS	2256	466
PRS-CS	2259	466
PRS-CS	2259	467
PRS-CS	2282	467
PRS-CS	2282	468
PRS-CS	2284	468
PRS-CS	2284	470
PRS-CS	2297	470
PRS-CS	2297	471
PRS-CS	2321	471
PRS-CS	2321	473
PRS-CS	2329	473
PRS-CS	2329	474
PRS-CS	2332	474
PRS-CS	2332	475
PRS-CS	2354	475
PRS-CS	2354	477
PRS-CS	2356	477
PRS-CS	2356	479
PRS-CS	2363	479
PRS-CS	2363	480
PRS-CS	2373	480
PRS-CS	2373	481
PRS-CS	2376	481
PRS-CS	2376	482
PRS-CS	2392	482
PRS-CS	2392	483
PRS-CS	2396	483
PRS-CS	2396	484
PRS-CS	2397	484
PRS-CS	2397	485
PRS-CS	2399	485
PRS-CS	2399	486
PRS-CS	2400	486
PRS-CS	2400	487
PRS-CS	2422	487
PRS-CS	2422	488
PRS-CS	2426	488
PRS-CS	2426	489
PRS-CS	2437	489
PRS-CS	2437	490
PRS-CS	2439	490
PRS-CS	2439	492
PRS-CS	2443	492
PRS-CS	2443	493
PRS-CS	2456	493
PRS-CS	2456	494
PRS-CS	2461	494
PRS-CS	2461	495
PRS-CS	2462	495
PRS-CS	2462	496
PRS-CS	2464	496
PRS-CS	2464	497
PRS-CS	2472	497
PRS-CS	2472	498
PRS-CS	2473	498
PRS-CS	2473	499
PRS-CS	2485	499
PRS-CS	2485	500
PRS-CS	2487	500
PRS-CS	2487	501
PRS-CS	2492	501
PRS-CS	2492	502
PRS-CS	2498	502
PRS-CS	2498	503
PRS-CS	2504	503
PRS-CS	2504	504
PRS-CS	2508	504
PRS-CS	2508	505
PRS-CS	2512	505
PRS-CS	2512	506
PRS-CS	2513	506
PRS-CS	2513	508
PRS-CS	2514	508
PRS-CS	2514	509
PRS-CS	2522	509
PRS-CS	2522	510
PRS-CS	2526	510
PRS-CS	2526	511
PRS-CS	2532	511
PRS-CS	2532	512
PRS-CS	2534	512
PRS-CS	2534	513
PRS-CS	2544	513
PRS-CS	2544	515
PRS-CS	2561	515
PRS-CS	2561	516
PRS-CS	2562	516
PRS-CS	2562	517
PRS-CS	2563	517
PRS-CS	2563	518
PRS-CS	2570	518
PRS-CS	2570	519
PRS-CS	2574	519
PRS-CS	2574	521
PRS-CS	2579	521
PRS-CS	2579	522
PRS-CS	2592	522
PRS-CS	2592	524
PRS-CS	2597	524
PRS-CS	2597	526
PRS-CS	2598	526
PRS-CS	2598	527
PRS-CS	2603	527
PRS-CS	2603	528
PRS-CS	2605	528
PRS-CS	2605	530
PRS-CS	2607	530
PRS-CS	2607	531
PRS-CS	2609	531
PRS-CS	2609	532
PRS-CS	2620	532
PRS-CS	2620	533
PRS-CS	2621	533
PRS-CS	2621	535
PRS-CS	2623	535
PRS-CS	2623	536
PRS-CS	2627	536
PRS-CS	2627	537
PRS-CS	2641	537
PRS-CS	2641	538
PRS-CS	2647	538
PRS-CS	2647	539
PRS-CS	2653	539
PRS-CS	2653	540
PRS-CS	2655	540
PRS-CS	2655	541
PRS-CS	2666	541
PRS-CS	2666	542
PRS-CS	2672	542
PRS-CS	2672	543
PRS-CS	2673	543
PRS-CS	2673	544
PRS-CS	2684	544
PRS-CS	2684	545
PRS-CS	2685	545
PRS-CS	2685	546
PRS-CS	2690	546
PRS-CS	2690	547
PRS-CS	2699	547
PRS-CS	2699	548
PRS-CS	2701	548
PRS-CS	2701	549
PRS-CS	2706	549
PRS-CS	2706	550
PRS-CS	2725	550
PRS-CS	2725	551
PRS-CS	2727	551
PRS-CS	2727	552
PRS-CS	2751	552
PRS-CS	2751	555
PRS-CS	2753	555
PRS-CS	2753	556
PRS-CS	2760	556
PRS-CS	2760	557
PRS-CS	2764	557
PRS-CS	2764	558
PRS-CS	2782	558
PRS-CS	2782	559
PRS-CS	2786	559
PRS-CS	2786	561
PRS-CS	2788	561
PRS-CS	2788	562
PRS-CS	2796	562
PRS-CS	2796	563
PRS-CS	2802	563
PRS-CS	2802	564
PRS-CS	2803	564
PRS-CS	2803	565
PRS-CS	2804	565
PRS-CS	2804	566
PRS-CS	2824	566
PRS-CS	2824	568
PRS-CS	2825	568
PRS-CS	2825	569
PRS-CS	2827	569
PRS-CS	2827	570
PRS-CS	2828	570
PRS-CS	2828	571
PRS-CS	2844	571
PRS-CS	2844	572
PRS-CS	2849	572
PRS-CS	2849	573
PRS-CS	2858	573
PRS-CS	2858	574
PRS-CS	2867	574
PRS-CS	2867	577
PRS-CS	2876	577
PRS-CS	2876	578
PRS-CS	2883	578
PRS-CS	2883	579
PRS-CS	2884	579
PRS-CS	2884	580
PRS-CS	2889	580
PRS-CS	2889	581
PRS-CS	2895	581
PRS-CS	2895	582
PRS-CS	2915	582
PRS-CS	2915	584
PRS-CS	2916	584
PRS-CS	2916	585
PRS-CS	2926	585
PRS-CS	2926	586
PRS-CS	2927	586
PRS-CS	2927	587
PRS-CS	2955	587
PRS-CS	2955	588
PRS-CS	2969	588
PRS-CS	2969	589
PRS-CS	2980	589
PRS-CS	2980	590
PRS-CS	2984	590
PRS-CS	2984	591
PRS-CS	2985	591
PRS-CS	2985	592
PRS-CS	2990	592
PRS-CS	2990	593
PRS-CS	3003	593
PRS-CS	3003	594
PRS-CS	3019	594
PRS-CS	3019	595
PRS-CS	3021	595
PRS-CS	3021	596
PRS-CS	3051	596
PRS-CS	3051	597
PRS-CS	3058	597
PRS-CS	3058	598
PRS-CS	3062	598
PRS-CS	3062	599
PRS-CS	3067	599
PRS-CS	3067	601
PRS-CS	3079	601
PRS-CS	3079	602
PRS-CS	3080	602
PRS-CS	3080	603
PRS-CS	3083	603
PRS-CS	3083	604
PRS-CS	3094	604
PRS-CS	3094	605
PRS-CS	3116	605
PRS-CS	3116	606
PRS-CS	3118	606
PRS-CS	3118	607
PRS-CS	3119	607
PRS-CS	3119	609
PRS-CS	3127	609
PRS-CS	3127	610
PRS-CS	3140	610
PRS-CS	3140	612
PRS-CS	3143	612
PRS-CS	3143	613
PRS-CS	3144	613
PRS-CS	3144	615
PRS-CS	3152	615
PRS-CS	3152	616
PRS-CS	3160	616
PRS-CS	3160	618
PRS-CS	3172	618
PRS-CS	3172	620
PRS-CS	3179	620
PRS-CS	3179	621
PRS-CS	3187	621
PRS-CS	3187	622
PRS-CS	3188	622
PRS-CS	3188	624
PRS-CS	3199	624
PRS-CS	3199	625
PRS-CS	3204	625
PRS-CS	3204	626
PRS-CS	3214	626
PRS-CS	3214	627
PRS-CS	3219	627
PRS-CS	3219	628
PRS-CS	3224	628
PRS-CS	3224	629
PRS-CS	3236	629
PRS-CS	3236	630
PRS-CS	3247	630
PRS-CS	3247	631
PRS-CS	3254	631
PRS-CS	3254	632
PRS-CS	3279	632
PRS-CS	3279	633
PRS-CS	3282	633
PRS-CS	3282	634
PRS-CS	3284	634
PRS-CS	3284	635
PRS-CS	3286	635
PRS-CS	3286	637
PRS-CS	3290	637
PRS-CS	3290	639
PRS-CS	3291	639
PRS-CS	3291	640
PRS-CS	3307	640
PRS-CS	3307	641
PRS-CS	3308	641
PRS-CS	3308	642
PRS-CS	3311	642
PRS-CS	3311	643
PRS-CS	3319	643
PRS-CS	3319	644
PRS-CS	3327	644
PRS-CS	3327	645
PRS-CS	3336	645
PRS-CS	3336	646
PRS-CS	3339	646
PRS-CS	3339	647
PRS-CS	3347	647
PRS-CS	3347	648
PRS-CS	3352	648
PRS-CS	3352	649
PRS-CS	3355	649
PRS-CS	3355	650
PRS-CS	3366	650
PRS-CS	3366	651
PRS-CS	3367	651
PRS-CS	3367	652
PRS-CS	3369	652
PRS-CS	3369	654
PRS-CS	3376	654
PRS-CS	3376	655
PRS-CS	3379	655
PRS-CS	3379	657
PRS-CS	3396	657
PRS-CS	3396	658
PRS-CS	3397	658
PRS-CS	3397	659
PRS-CS	3402	659
PRS-CS	3402	660
PRS-CS	3404	660
PRS-CS	3404	661
PRS-CS	3405	661
PRS-CS	3405	663
PRS-CS	3411	663
PRS-CS	3411	664
PRS-CS	3412	664
PRS-CS	3412	665
PRS-CS	3415	665
PRS-CS	3415	666
PRS-CS	3425	666
PRS-CS	3425	667
PRS-CS	3434	667
PRS-CS	3434	668
PRS-CS	3447	668
PRS-CS	3447	669
PRS-CS	3454	669
PRS-CS	3454	670
PRS-CS	3456	670
PRS-CS	3456	671
PRS-CS	3461	671
PRS-CS	3461	672
PRS-CS	3473	672
PRS-CS	3473	673
PRS-CS	3482	673
PRS-CS	3482	674
PRS-CS	3494	674
PRS-CS	3494	675
PRS-CS	3525	675
PRS-CS	3525	677
PRS-CS	3532	677
PRS-CS	3532	678
PRS-CS	3533	678
PRS-CS	3533	679
PRS-CS	3542	679
PRS-CS	3542	680
PRS-CS	3572	680
PRS-CS	3572	681
PRS-CS	3589	681
PRS-CS	3589	682
PRS-CS	3590	682
PRS-CS	3590	683
PRS-CS	3591	683
PRS-CS	3591	684
PRS-CS	3592	684
PRS-CS	3592	685
PRS-CS	3601	685
PRS-CS	3601	686
PRS-CS	3602	686
PRS-CS	3602	687
PRS-CS	3604	687
PRS-CS	3604	688
PRS-CS	3613	688
PRS-CS	3613	689
PRS-CS	3621	689
PRS-CS	3621	690
PRS-CS	3630	690
PRS-CS	3630	691
PRS-CS	3648	691
PRS-CS	3648	693
PRS-CS	3652	693
PRS-CS	3652	695
PRS-CS	3654	695
PRS-CS	3654	696
PRS-CS	3671	696
PRS-CS	3671	697
PRS-CS	3698	697
PRS-CS	3698	700
PRS-CS	3712	700
PRS-CS	3712	701
PRS-CS	3719	701
PRS-CS	3719	702
PRS-CS	3721	702
PRS-CS	3721	703
PRS-CS	3729	703
PRS-CS	3729	704
PRS-CS	3730	704
PRS-CS	3730	705
PRS-CS	3732	705
PRS-CS	3732	706
PRS-CS	3734	706
PRS-CS	3734	707
PRS-CS	3737	707
PRS-CS	3737	709
PRS-CS	3743	709
PRS-CS	3743	711
PRS-CS	3753	711
PRS-CS	3753	712
PRS-CS	3757	712
PRS-CS	3757	714
PRS-CS	3765	714
PRS-CS	3765	715
PRS-CS	3771	715
PRS-CS	3771	716
PRS-CS	3782	716
PRS-CS	3782	717
PRS-CS	3798	717
PRS-CS	3798	719
PRS-CS	3825	719
PRS-CS	3825	720
PRS-CS	3832	720
PRS-CS	3832	721
PRS-CS	3833	721
PRS-CS	3833	722
PRS-CS	3834	722
PRS-CS	3834	723
PRS-CS	3837	723
PRS-CS	3837	724
PRS-CS	3840	724
PRS-CS	3840	725
PRS-CS	3842	725
PRS-CS	3842	727
PRS-CS	3846	727
PRS-CS	3846	728
PRS-CS	3867	728
PRS-CS	3867	729
PRS-CS	3878	729
PRS-CS	3878	730
PRS-CS	3914	730
PRS-CS	3914	732
PRS-CS	3926	732
PRS-CS	3926	733
PRS-CS	3927	733
PRS-CS	3927	734
PRS-CS	3945	734
PRS-CS	3945	735
PRS-CS	3967	735
PRS-CS	3967	736
PRS-CS	3976	736
PRS-CS	3976	737
PRS-CS	3994	737
PRS-CS	3994	738
PRS-CS	4011	738
PRS-CS	4011	739
PRS-CS	4015	739
PRS-CS	4015	740
PRS-CS	4026	740
PRS-CS	4026	742
PRS-CS	4034	742
PRS-CS	4034	743
PRS-CS	4035	743
PRS-CS	4035	744
PRS-CS	4040	744
PRS-CS	4040	745
PRS-CS	4045	745
PRS-CS	4045	746
PRS-CS	4046	746
PRS-CS	4046	747
PRS-CS	4063	747
PRS-CS	4063	749
PRS-CS	4075	749
PRS-CS	4075	750
PRS-CS	4078	750
PRS-CS	4078	751
PRS-CS	4099	751
PRS-CS	4099	752
PRS-CS	4111	752
PRS-CS	4111	753
PRS-CS	4115	753
PRS-CS	4115	754
PRS-CS	4124	754
PRS-CS	4124	755
PRS-CS	4126	755
PRS-CS	4126	756
PRS-CS	4137	756
LDpred2	0	0
LDpred2	0	1
LDpred2	5	1
LDpred2	5	2
LDpred2	6	2
LDpred2	6	3
LDpred2	14	3
LDpred2	14	4
LDpred2	23	4
LDpred2	23	6
LDpred2	24	6
LDpred2	24	8
LDpred2	25	8
LDpred2	25	11
LDpred2	32	11
LDpred2	32	12
LDpred2	36	12
LDpred2	36	13
LDpred2	44	13
LDpred2	44	14
LDpred2	46	14
LDpred2	46	15
LDpred2	47	15
LDpred2	47	17
LDpred2	52	17
LDpred2	52	18
LDpred2	54	18
LDpred2	54	19
LDpred2	57	19
LDpred2	57	20
LDpred2	63	20
LDpred2	63	21
LDpred2	64	21
LDpred2	64	23
LDpred2	67	23
LDpred2	67	24
LDpred2	68	24
LDpred2	68	26
LDpred2	70	26
LDpred2	70	27
LDpred2	71	27
LDpred2	71	28
LDpred2	77	28
LDpred2	77	29
LDpred2	79	29
LDpred2	79	30
LDpred2	80	30
LDpred2	80	32
LDpred2	81	32
LDpred2	81	33
LDpred2	83	33
LDpred2	83	34
LDpred2	89	34
LDpred2	89	35
LDpred2	90	35
LDpred2	90	36
LDpred2	91	36
LDpred2	91	37
LDpred2	94	37
LDpred2	94	39
LDpred2	104	39
LDpred2	104	40
LDpred2	108	40
LDpred2	108	41
LDpred2	109	41
LDpred2	109	42
LDpred2	116	42
LDpred2	116	43
LDpred2	123	43
LDpred2	123	44
LDpred2	132	44
LDpred2	132	45
LDpred2	141	45
LDpred2	141	46
LDpred2	150	46
LDpred2	150	47
LDpred2	154	47
LDpred2	154	48
LDpred2	157	48
LDpred2	157	49
LDpred2	158	49
LDpred2	158	50
LDpred2	159	50
LDpred2	159	51
LDpred2	161	51
LDpred2	161	52
LDpred2	168	52
LDpred2	168	53
LDpred2	169	53
LDpred2	169	54
LDpred2	171	54
LDpred2	171	55
LDpred2	174	55
LDpred2	174	58
LDpred2	176	58
LDpred2	176	59
LDpred2	177	59
LDpred2	177	60
LDpred2	185	60
LDpred2	185	61
LDpred2	191	61
LDpred2	191	62
LDpred2	192	62
LDpred2	192	63
LDpred2	197	63
LDpred2	197	64
LDpred2	201	64
LDpred2	201	65
LDpred2	206	65
LDpred2	206	66
LDpred2	211	66
LDpred2	211	67
LDpred2	217	67
LDpred2	217	68
LDpred2	229	68
LDpred2	229	69
LDpred2	230	69
LDpred2	230	70
LDpred2	232	70
LDpred2	232	72
LDpred2	236	72
LDpred2	236	73
LDpred2	239	73
LDpred2	239	74
LDpred2	240	74
LDpred2	240	75
LDpred2	242	75
LDpred2	242	76
LDpred2	250	76
LDpred2	250	77
LDpred2	253	77
LDpred2	253	78
LDpred2	255	78
LDpred2	255	79
LDpred2	257	79
LDpred2	257	80
LDpred2	260	80
LDpred2	260	82
LDpred2	265	82
LDpred2	265	83
LDpred2	268	83
LDpred2	268	84
LDpred2	275	84
LDpred2	275	86
LDpred2	290	86
LDpred2	290	90
LDpred2	294	90
LDpred2	294	91
LDpred2	298	91
LDpred2	298	92
LDpred2	299	92
LDpred2	299	93
LDpred2	300	93
LDpred2	300	95
LDpred2	303	95
LDpred2	303	96
LDpred2	304	96
LDpred2	304	97
LDpred2	314	97
LDpred2	314	98
LDpred2	321	98
LDpred2	321	99
LDpred2	323	99
LDpred2	323	100
LDpred2	334	100
LDpred2	334	103
LDpred2	341	103
LDpred2	341	104
LDpred2	357	104
LDpred2	357	105
LDpred2	363	105
LDpred2	363	106
LDpred2	364	106
LDpred2	364	107
LDpred2	369	107
LDpred2	369	108
LDpred2	390	108
LDpred2	390	109
LDpred2	396	109
LDpred2	396	110
LDpred2	397	110
LDpred2	397	112
LDpred2	402	112
LDpred2	402	113
LDpred2	412	113
LDpred2	412	115
LDpred2	414	115
LDpred2	414	116
LDpred2	415	116
LDpred2	415	117
LDpred2	417	117
LDpred2	417	118
LDpred2	419	118
LDpred2	419	119
LDpred2	420	119
LDpred2	420	120
LDpred2	425	120
LDpred2	425	121
LDpred2	427	121
LDpred2	427	122
LDpred2	428	122
LDpred2	428	123
LDpred2	451	123
LDpred2	451	124
LDpred2	454	124
LDpred2	454	125
LDpred2	455	125
LDpred2	455	128
LDpred2	463	128
LDpred2	463	129
LDpred2	464	129
LDpred2	464	130
LDpred2	466	130
LDpred2	466	131
LDpred2	473	131
LDpred2	473	132
LDpred2	484	132
LDpred2	484	134
LDpred2	494	134
LDpred2	494	135
LDpred2	496	135
LDpred2	496	136
LDpred2	498	136
LDpred2	498	137
LDpred2	503	137
LDpred2	503	138
LDpred2	510	138
LDpred2	510	139
LDpred2	511	139
LDpred2	511	141
LDpred2	518	141
LDpred2	518	142
LDpred2	532	142
LDpred2	532	143
LDpred2	536	143
LDpred2	536	145
LDpred2	542	145
LDpred2	542	146
LDpred2	546	146
LDpred2	546	147
LDpred2	551	147
LDpred2	551	148
LDpred2	561	148
LDpred2	561	150
LDpred2	562	150
LDpred2	562	152
LDpred2	566	152
LDpred2	566	153
LDpred2	573	153
LDpred2	573	155
LDpred2	579	155
LDpred2	579	156
LDpred2	580	156
LDpred2	580	157
LDpred2	585	157
LDpred2	585	158
LDpred2	589	158
LDpred2	589	159
LDpred2	590	159
LDpred2	590	161
LDpred2	591	161
LDpred2	591	162
LDpred2	592	162
LDpred2	592	164
LDpred2	597	164
LDpred2	597	165
LDpred2	606	165
LDpred2	606	167
LDpred2	609	167
LDpred2	609	168
LDpred2	616	168
LDpred2	616	169
LDpred2	619	169
LDpred2	619	170
LDpred2	628	170
LDpred2	628	171
LDpred2	633	171
LDpred2	633	172
LDpred2	637	172
LDpred2	637	174
LDpred2	640	174
LDpred2	640	176
LDpred2	643	176
LDpred2	643	177
LDpred2	646	177
LDpred2	646	179
LDpred2	654	179
LDpred2	654	180
LDpred2	665	180
LDpred2	665	181
LDpred2	667	181
LDpred2	667	183
LDpred2	671	183
LDpred2	671	184
LDpred2	673	184
LDpred2	673	185
LDpred2	686	185
LDpred2	686	186
LDpred2	689	186
LDpred2	689	187
LDpred2	700	187
LDpred2	700	189
LDpred2	710	189
LDpred2	710	191
LDpred2	713	191
LDpred2	713	192
LDpred2	721	192
LDpred2	721	194
LDpred2	723	194
LDpred2	723	196
LDpred2	726	196
LDpred2	726	197
LDpred2	729	197
LDpred2	729	198
LDpred2	742	198
LDpred2	742	199
LDpred2	743	199
LDpred2	743	203
LDpred2	744	203
LDpred2	744	205
LDpred2	746	205
LDpred2	746	206
LDpred2	747	206
LDpred2	747	207
LDpred2	749	207
LDpred2	749	208
LDpred2	757	208
LDpred2	757	209
LDpred2	760	209
LDpred2	760	210
LDpred2	763	210
LDpred2	763	211
LDpred2	767	211
LDpred2	767	212
LDpred2	772	212
LDpred2	772	215
LDpred2	776	215
LDpred2	776	216
LDpred2	780	216
LDpred2	780	217
LDpred2	782	217
LDpred2	782	219
LDpred2	784	219
LDpred2	784	220
LDpred2	794	220
LDpred2	794	221
LDpred2	797	221
LDpred2	797	222
LDpred2	798	222
LDpred2	798	223
LDpred2	802	223
LDpred2	802	224
LDpred2	810	224
LDpred2	810	225
LDpred2	820	225
LDpred2	820	226
LDpred2	828	226
LDpred2	828	227
LDpred2	838	227
LDpred2	838	229
LDpred2	844	229
LDpred2	844	230
LDpred2	859	230
LDpred2	859	231
LDpred2	861	231
LDpred2	861	232
LDpred2	862	232
LDpred2	862	233
LDpred2	880	233
LDpred2	880	234
LDpred2	882	234
LDpred2	882	235
LDpred2	886	235
LDpred2	886	237
LDpred2	891	237
LDpred2	891	238
LDpred2	892	238
LDpred2	892	239
LDpred2	893	239
LDpred2	893	240
LDpred2	900	240
LDpred2	900	241
LDpred2	911	241
LDpred2	911	242
LDpred2	916	242
LDpred2	916	243
LDpred2	922	243
LDpred2	922	244
LDpred2	927	244
LDpred2	927	245
LDpred2	929	245
LDpred2	929	247
LDpred2	932	247
LDpred2	932	248
LDpred2	935	248
LDpred2	935	249
LDpred2	936	249
LDpred2	936	250
LDpred2	938	250
LDpred2	938	251
LDpred2	943	251
LDpred2	943	252
LDpred2	949	252
LDpred2	949	253
LDpred2	957	253
LDpred2	957	255
LDpred2	959	255
LDpred2	959	256
LDpred2	969	256
LDpred2	969	258
LDpred2	975	258
LDpred2	975	259
LDpred2	981	259
LDpred2	981	260
LDpred2	991	260
LDpred2	991	261
LDpred2	999	261
LDpred2	999	262
LDpred2	1000	262
LDpred2	1000	264
LDpred2	1003	264
LDpred2	1003	265
LDpred2	1006	265
LDpred2	1006	266
LDpred2	1011	266
LDpred2	1011	267
LDpred2	1018	267
LDpred2	1018	268
LDpred2	1022	268
LDpred2	1022	269
LDpred2	1038	269
LDpred2	1038	270
LDpred2	1042	270
LDpred2	1042	272
LDpred2	1043	272
LDpred2	1043	273
LDpred2	1046	273
LDpred2	1046	274
LDpred2	1057	274
LDpred2	1057	277
LDpred2	1063	277
LDpred2	1063	278
LDpred2	1083	278
LDpred2	1083	279
LDpred2	1100	279
LDpred2	1100	280
LDpred2	1106	280
LDpred2	1106	281
LDpred2	1107	281
LDpred2	1107	282
LDpred2	1113	282
LDpred2	1113	283
LDpred2	1124	283
LDpred2	1124	284
LDpred2	1131	284
LDpred2	1131	285
LDpred2	1133	285
LDpred2	1133	286
LDpred2	1139	286
LDpred2	1139	287
LDpred2	1144	287
LDpred2	1144	288
LDpred2	1145	288
LDpred2	1145	289
LDpred2	1152	289
LDpred2	1152	290
LDpred2	1156	290
LDpred2	1156	291
LDpred2	1158	291
LDpred2	1158	292
LDpred2	1164	292
LDpred2	1164	293
LDpred2	1165	293
LDpred2	1165	294
LDpred2	1176	294
LDpred2	1176	295
LDpred2	1178	295
LDpred2	1178	296
LDpred2	1186	296
LDpred2	1186	297
LDpred2	1187	297
LDpred2	1187	298
LDpred2	1197	298
LDpred2	1197	299
LDpred2	1220	299
LDpred2	1220	301
LDpred2	1234	301
LDpred2	1234	303
LDpred2	1240	303
LDpred2	1240	304
LDpred2	1244	304
LDpred2	1244	305
LDpred2	1253	305
LDpred2	1253	306
LDpred2	1254	306
LDpred2	1254	307
LDpred2	1255	307
LDpred2	1255	308
LDpred2	1259	308
LDpred2	1259	309
LDpred2	1262	309
LDpred2	1262	311
LDpred2	1265	311
LDpred2	1265	312
LDpred2	1269	312
LDpred2	1269	313
LDpred2	1275	313
LDpred2	1275	315
LDpred2	1280	315
LDpred2	1280	316
LDpred2	1287	316
LDpred2	1287	317
LDpred2	1288	317
LDpred2	1288	318
LDpred2	1297	318
LDpred2	1297	319
LDpred2	1298	319
LDpred2	1298	320
LDpred2	1299	320
LDpred2	1299	321
LDpred2	1309	321
LDpred2	1309	322
LDpred2	1310	322
LDpred2	1310	323
LDpred2	1333	323
LDpred2	1333	326
LDpred2	1335	326
LDpred2	1335	327
LDpred2	1337	327
LDpred2	1337	328
LDpred2	1345	328
LDpred2	1345	329
LDpred2	1350	329
LDpred2	1350	330
LDpred2	1353	330
LDpred2	1353	331
LDpred2	1361	331
LDpred2	1361	333
LDpred2	1365	333
LDpred2	1365	335
LDpred2	1369	335
LDpred2	1369	336
LDpred2	1373	336
LDpred2	1373	337
LDpred2	1381	337
LDpred2	1381	338
LDpred2	1411	338
LDpred2	1411	339
LDpred2	1413	339
LDpred2	1413	340
LDpred2	1424	340
LDpred2	1424	341
LDpred2	1435	341
LDpred2	1435	342
LDpred2	1447	342
LDpred2	1447	343
LDpred2	1451	343
LDpred2	1451	344
LDpred2	1452	344
LDpred2	1452	346
LDpred2	1455	346
LDpred2	1455	347
LDpred2	1457	347
LDpred2	1457	348
LDpred2	1460	348
LDpred2	1460	349
LDpred2	1465	349
LDpred2	1465	350
LDpred2	1485	350
LDpred2	1485	351
LDpred2	1501	351
LDpred2	1501	352
LDpred2	1509	352
LDpred2	1509	353
LDpred2	1524	353
LDpred2	1524	355
LDpred2	1529	355
LDpred2	1529	356
LDpred2	1545	356
LDpred2	1545	357
LDpred2	1548	357
LDpred2	1548	358
LDpred2	1555	358
LDpred2	1555	359
LDpred2	1556	359
LDpred2	1556	360
LDpred2	1561	360
LDpred2	1561	362
LDpred2	1564	362
LDpred2	1564	363
LDpred2	1566	363
LDpred2	1566	364
LDpred2	1572	364
LDpred2	1572	366
LDpred2	1582	366
LDpred2	1582	368
LDpred2	1583	368
LDpred2	1583	369
LDpred2	1586	369
LDpred2	1586	370
LDpred2	1589	370
LDpred2	1589	371
LDpred2	1590	371
LDpred2	1590	372
LDpred2	1595	372
LDpred2	1595	373
LDpred2	1599	373
LDpred2	1599	374
LDpred2	1605	374
LDpred2	1605	375
LDpred2	1607	375
LDpred2	1607	377
LDpred2	1610	377
LDpred2	1610	378
LDpred2	1625	378
LDpred2	1625	379
LDpred2	1634	379
LDpred2	1634	380
LDpred2	1635	380
LDpred2	1635	381
LDpred2	1636	381
LDpred2	1636	382
LDpred2	1638	382
LDpred2	1638	383
LDpred2	1642	383
LDpred2	1642	384
LDpred2	1668	384
LDpred2	1668	385
LDpred2	1677	385
LDpred2	1677	386
LDpred2	1684	386
LDpred2	1684	387
LDpred2	1686	387
LDpred2	1686	389
LDpred2	1701	389
LDpred2	1701	390
LDpred2	1705	390
LDpred2	1705	391
LDpred2	1718	391
LDpred2	1718	395
LDpred2	1723	395
LDpred2	1723	396
LDpred2	1729	396
LDpred2	1729	397
LDpred2	1732	397
LDpred2	1732	398
LDpred2	1737	398
LDpred2	1737	399
LDpred2	1743	399
LDpred2	1743	400
LDpred2	1769	400
LDpred2	1769	401
LDpred2	1780	401
LDpred2	1780	402
LDpred2	1785	402
LDpred2	1785	403
LDpred2	1786	403
LDpred2	1786	404
LDpred2	1788	404
LDpred2	1788	405
LDpred2	1789	405
LDpred2	1789	406
LDpred2	1798	406
LDpred2	1798	407
LDpred2	1802	407
LDpred2	1802	408
LDpred2	1816	408
LDpred2	1816	409
LDpred2	1822	409
LDpred2	1822	410
LDpred2	1832	410
LDpred2	1832	411
LDpred2	1840	411
LDpred2	1840	412
LDpred2	1845	412
LDpred2	1845	413
LDpred2	1864	413
LDpred2	1864	414
LDpred2	1867	414
LDpred2	1867	415
LDpred2	1901	415
LDpred2	1901	416
LDpred2	1902	416
LDpred2	1902	417
LDpred2	1913	417
LDpred2	1913	418
LDpred2	1920	418
LDpred2	1920	419
LDpred2	1927	419
LDpred2	1927	420
LDpred2	1930	420
LDpred2	1930	421
LDpred2	1932	421
LDpred2	1932	422
LDpred2	1952	422
LDpred2	1952	423
LDpred2	1953	423
LDpred2	1953	424
LDpred2	1957	424
LDpred2	1957	425
LDpred2	1969	425
LDpred2	1969	426
LDpred2	1990	426
LDpred2	1990	427
LDpred2	1993	427
LDpred2	1993	428
LDpred2	1994	428
LDpred2	1994	429
LDpred2	2005	429
LDpred2	2005	430
LDpred2	2014	430
LDpred2	2014	431
LDpred2	2018	431
LDpred2	2018	432
LDpred2	2029	432
LDpred2	2029	433
LDpred2	2037	433
LDpred2	2037	434
LDpred2	2046	434
LDpred2	2046	435
LDpred2	2058	435
LDpred2	2058	436
LDpred2	2064	436
LDpred2	2064	437
LDpred2	2078	437
LDpred2	2078	438
LDpred2	2086	438
LDpred2	2086	439
LDpred2	2087	439
LDpred2	2087	440
LDpred2	2106	440
LDpred2	2106	441
LDpred2	2107	441
LDpred2	2107	442
LDpred2	2121	442
LDpred2	2121	443
LDpred2	2123	443
LDpred2	2123	445
LDpred2	2139	445
LDpred2	2139	446
LDpred2	2142	446
LDpred2	2142	447
LDpred2	2148	447
LDpred2	2148	448
LDpred2	2161	448
LDpred2	2161	449
LDpred2	2170	449
LDpred2	2170	450
LDpred2	2173	450
LDpred2	2173	451
LDpred2	2176	451
LDpred2	2176	452
LDpred2	2178	452
LDpred2	2178	453
LDpred2	2186	453
LDpred2	2186	455
LDpred2	2187	455
LDpred2	2187	456
LDpred2	2193	456
LDpred2	2193	457
LDpred2	2195	457
LDpred2	2195	458
LDpred2	2196	458
LDpred2	2196	459
LDpred2	2201	459
LDpred2	2201	460
LDpred2	2207	460
LDpred2	2207	462
LDpred2	2208	462
LDpred2	2208	464
LDpred2	2221	464
LDpred2	2221	465
LDpred2	2224	465
LDpred2	2224	467
LDpred2	2225	467
LDpred2	2225	468
LDpred2	2227	468
LDpred2	2227	469
LDpred2	2235	469
LDpred2	2235	470
LDpred2	2236	470
LDpred2	2236	471
LDpred2	2242	471
LDpred2	2242	473
LDpred2	2247	473
LDpred2	2247	474
LDpred2	2255	474
LDpred2	2255	475
LDpred2	2259	475
LDpred2	2259	476
LDpred2	2267	476
LDpred2	2267	477
LDpred2	2276	477
LDpred2	2276	478
LDpred2	2283	478
LDpred2	2283	480
LDpred2	2301	480
LDpred2	2301	481
LDpred2	2306	481
LDpred2	2306	482
LDpred2	2319	482
LDpred2	2319	483
LDpred2	2322	483
LDpred2	2322	484
LDpred2	2327	484
LDpred2	2327	485
LDpred2	2330	485
LDpred2	2330	486
LDpred2	2336	486
LDpred2	2336	487
LDpred2	2338	487
LDpred2	2338	490
LDpred2	2341	490
LDpred2	2341	492
LDpred2	2347	492
LDpred2	2347	493
LDpred2	2353	493
LDpred2	2353	495
LDpred2	2354	495
LDpred2	2354	497
LDpred2	2367	497
LDpred2	2367	498
LDpred2	2376	498
LDpred2	2376	499
LDpred2	2382	499
LDpred2	2382	500
LDpred2	2383	500
LDpred2	2383	501
LDpred2	2390	501
LDpred2	2390	502
LDpred2	2398	502
LDpred2	2398	503
LDpred2	2403	503
LDpred2	2403	504
LDpred2	2414	504
LDpred2	2414	505
LDpred2	2421	505
LDpred2	2421	506
LDpred2	2425	506
LDpred2	2425	507
LDpred2	2428	507
LDpred2	2428	509
LDpred2	2429	509
LDpred2	2429	510
LDpred2	2438	510
LDpred2	2438	511
LDpred2	2488	511
LDpred2	2488	512
LDpred2	2500	512
LDpred2	2500	513
LDpred2	2501	513
LDpred2	2501	514
LDpred2	2517	514
LDpred2	2517	517
LDpred2	2524	517
LDpred2	2524	518
LDpred2	2527	518
LDpred2	2527	519
LDpred2	2542	519
LDpred2	2542	520
LDpred2	2544	520
LDpred2	2544	522
LDpred2	2548	522
LDpred2	2548	523
LDpred2	2568	523
LDpred2	2568	524
LDpred2	2586	524
LDpred2	2586	526
LDpred2	2587	526
LDpred2	2587	527
LDpred2	2589	527
LDpred2	2589	528
LDpred2	2596	528
LDpred2	2596	529
LDpred2	2597	529
LDpred2	2597	530
LDpred2	2598	530
LDpred2	2598	531
LDpred2	2603	531
LDpred2	2603	532
LDpred2	2617	532
LDpred2	2617	533
LDpred2	2622	533
LDpred2	2622	534
LDpred2	2656	534
LDpred2	2656	535
LDpred2	2665	535
LDpred2	2665	536
LDpred2	2681	536
LDpred2	2681	538
LDpred2	2696	538
LDpred2	2696	539
LDpred2	2698	539
LDpred2	2698	540
LDpred2	2703	540
LDpred2	2703	541
LDpred2	2708	541
LDpred2	2708	542
LDpred2	2744	542
LDpred2	2744	543
LDpred2	2747	543
LDpred2	2747	545
LDpred2	2750	545
LDpred2	2750	546
LDpred2	2761	546
LDpred2	2761	547
LDpred2	2766	547
LDpred2	2766	548
LDpred2	2784	548
LDpred2	2784	550
LDpred2	2805	550
LDpred2	2805	551
LDpred2	2817	551
LDpred2	2817	552
LDpred2	2820	552
LDpred2	2820	554
LDpred2	2836	554
LDpred2	2836	555
LDpred2	2842	555
LDpred2	2842	556
LDpred2	2859	556
LDpred2	2859	557
LDpred2	2865	557
LDpred2	2865	559
LDpred2	2871	559
LDpred2	2871	560
LDpred2	2874	560
LDpred2	2874	562
LDpred2	2878	562
LDpred2	2878	563
LDpred2	2892	563
LDpred2	2892	564
LDpred2	2899	564
LDpred2	2899	565
LDpred2	2906	565
LDpred2	2906	566
LDpred2	2911	566
LDpred2	2911	567
LDpred2	2917	567
LDpred2	2917	568
LDpred2	2923	568
LDpred2	2923	569
LDpred2	2927	569
LDpred2	2927	570
LDpred2	2950	570
LDpred2	2950	571
LDpred2	2957	571
LDpred2	2957	572
LDpred2	2964	572
LDpred2	2964	573
LDpred2	2965	573
LDpred2	2965	574
LDpred2	2976	574
LDpred2	2976	575
LDpred2	2980	575
LDpred2	2980	576
LDpred2	2982	576
LDpred2	2982	577
LDpred2	2984	577
LDpred2	2984	578
LDpred2	2989	578
LDpred2	2989	579
LDpred2	3000	579
LDpred2	3000	582
LDpred2	3002	582
LDpred2	3002	583
LDpred2	3016	583
LDpred2	3016	584
LDpred2	3018	584
LDpred2	3018	585
LDpred2	3020	585
LDpred2	3020	586
LDpred2	3027	586
LDpred2	3027	587
LDpred2	3032	587
LDpred2	3032	588
LDpred2	3043	588
LDpred2	3043	589
LDpred2	3048	589
LDpred2	3048	590
LDpred2	3067	590
LDpred2	3067	592
LDpred2	3088	592
LDpred2	3088	593
LDpred2	3090	593
LDpred2	3090	594
LDpred2	3113	594
LDpred2	3113	596
LDpred2	3117	596
LDpred2	3117	597
LDpred2	3127	597
LDpred2	3127	599
LDpred2	3130	599
LDpred2	3130	600
LDpred2	3131	600
LDpred2	3131	601
LDpred2	3145	601
LDpred2	3145	602
LDpred2	3151	602
LDpred2	3151	603
LDpred2	3152	603
LDpred2	3152	604
LDpred2	3165	604
LDpred2	3165	605
LDpred2	3170	605
LDpred2	3170	606
LDpred2	3171	606
LDpred2	3171	607
LDpred2	3180	607
LDpred2	3180	608
LDpred2	3183	608
LDpred2	3183	609
LDpred2	3186	609
LDpred2	3186	610
LDpred2	3187	610
LDpred2	3187	611
LDpred2	3193	611
LDpred2	3193	612
LDpred2	3204	612
LDpred2	3204	613
LDpred2	3207	613
LDpred2	3207	614
LDpred2	3212	614
LDpred2	3212	615
LDpred2	3215	615
LDpred2	3215	616
LDpred2	3221	616
LDpred2	3221	617
LDpred2	3222	617
LDpred2	3222	618
LDpred2	3233	618
LDpred2	3233	619
LDpred2	3236	619
LDpred2	3236	620
LDpred2	3237	620
LDpred2	3237	621
LDpred2	3248	621
LDpred2	3248	622
LDpred2	3257	622
LDpred2	3257	623
LDpred2	3270	623
LDpred2	3270	625
LDpred2	3272	625
LDpred2	3272	628
LDpred2	3283	628
LDpred2	3283	629
LDpred2	3290	629
LDpred2	3290	630
LDpred2	3307	630
LDpred2	3307	631
LDpred2	3311	631
LDpred2	3311	634
LDpred2	3312	634
LDpred2	3312	635
LDpred2	3357	635
LDpred2	3357	636
LDpred2	3359	636
LDpred2	3359	637
LDpred2	3361	637
LDpred2	3361	638
LDpred2	3365	638
LDpred2	3365	639
LDpred2	3367	639
LDpred2	3367	640
LDpred2	3368	640
LDpred2	3368	641
LDpred2	3387	641
LDpred2	3387	642
LDpred2	3396	642
LDpred2	3396	643
LDpred2	3401	643
LDpred2	3401	645
LDpred2	3406	645
LDpred2	3406	646
LDpred2	3411	646
LDpred2	3411	647
LDpred2	3412	647
LDpred2	3412	648
LDpred2	3413	648
LDpred2	3413	649
LDpred2	3418	649
LDpred2	3418	650
LDpred2	3419	650
LDpred2	3419	651
LDpred2	3424	651
LDpred2	3424	652
LDpred2	3437	652
LDpred2	3437	653
LDpred2	3443	653
LDpred2	3443	654
LDpred2	3452	654
LDpred2	3452	655
LDpred2	3459	655
LDpred2	3459	656
LDpred2	3497	656
LDpred2	3497	657
LDpred2	3498	657
LDpred2	3498	658
LDpred2	3503	658
LDpred2	3503	659
LDpred2	3504	659
LDpred2	3504	660
LDpred2	3513	660
LDpred2	3513	661
LDpred2	3520	661
LDpred2	3520	662
LDpred2	3528	662
LDpred2	3528	663
LDpred2	3529	663
LDpred2	3529	664
LDpred2	3569	664
LDpred2	3569	665
LDpred2	3572	665
LDpred2	3572	666
LDpred2	3573	666
LDpred2	3573	667
LDpred2	3574	667
LDpred2	3574	668
LDpred2	3580	668
LDpred2	3580	669
LDpred2	3584	669
LDpred2	3584	671
LDpred2	3588	671
LDpred2	3588	672
LDpred2	3590	672
LDpred2	3590	673
LDpred2	3594	673
LDpred2	3594	675
LDpred2	3602	675
LDpred2	3602	676
LDpred2	3608	676
LDpred2	3608	677
LDpred2	3621	677
LDpred2	3621	678
LDpred2	3622	678
LDpred2	3622	679
LDpred2	3630	679
LDpred2	3630	680
LDpred2	3635	680
LDpred2	3635	681
LDpred2	3639	681
LDpred2	3639	682
LDpred2	3651	682
LDpred2	3651	684
LDpred2	3670	684
LDpred2	3670	685
LDpred2	3673	685
LDpred2	3673	687
LDpred2	3697	687
LDpred2	3697	688
LDpred2	3711	688
LDpred2	3711	689
LDpred2	3713	689
LDpred2	3713	690
LDpred2	3716	690
LDpred2	3716	691
LDpred2	3724	691
LDpred2	3724	692
LDpred2	3734	692
LDpred2	3734	693
LDpred2	3749	693
LDpred2	3749	694
LDpred2	3780	694
LDpred2	3780	695
LDpred2	3787	695
LDpred2	3787	697
LDpred2	3793	697
LDpred2	3793	698
LDpred2	3799	698
LDpred2	3799	699
LDpred2	3802	699
LDpred2	3802	700
LDpred2	3805	700
LDpred2	3805	701
LDpred2	3807	701
LDpred2	3807	702
LDpred2	3809	702
LDpred2	3809	703
LDpred2	3821	703
LDpred2	3821	704
LDpred2	3827	704
LDpred2	3827	705
LDpred2	3833	705
LDpred2	3833	706
LDpred2	3841	706
LDpred2	3841	707
LDpred2	3844	707
LDpred2	3844	708
LDpred2	3847	708
LDpred2	3847	709
LDpred2	3854	709
LDpred2	3854	710
LDpred2	3861	710
LDpred2	3861	711
LDpred2	3866	711
LDpred2	3866	714
LDpred2	3868	714
LDpred2	3868	715
LDpred2	3877	715
LDpred2	3877	716
LDpred2	3884	716
LDpred2	3884	717
LDpred2	3890	717
LDpred2	3890	718
LDpred2	3892	718
LDpred2	3892	719
LDpred2	3920	719
LDpred2	3920	720
LDpred2	3925	720
LDpred2	3925	722
LDpred2	3930	722
LDpred2	3930	723
LDpred2	3931	723
LDpred2	3931	724
LDpred2	3939	724
LDpred2	3939	726
LDpred2	3942	726
LDpred2	3942	727
LDpred2	3945	727
LDpred2	3945	728
LDpred2	3954	728
LDpred2	3954	729
LDpred2	3963	729
LDpred2	3963	730
LDpred2	3968	730
LDpred2	3968	731
LDpred2	3987	731
LDpred2	3987	732
LDpred2	3992	732
LDpred2	3992	733
LDpred2	3994	733
LDpred2	3994	734
LDpred2	4001	734
LDpred2	4001	736
LDpred2	4003	736
LDpred2	4003	737
LDpred2	4019	737
LDpred2	4019	738
LDpred2	4022	738
LDpred2	4022	739
LDpred2	4030	739
LDpred2	4030	740
LDpred2	4031	740
LDpred2	4031	741
LDpred2	4038	741
LDpred2	4038	742
LDpred2	4039	742
LDpred2	4039	744
LDpred2	4043	744
LDpred2	4043	745
LDpred2	4044	745
LDpred2	4044	746
LDpred2	4046	746
LDpred2	4046	747
LDpred2	4053	747
LDpred2	4053	748
LDpred2	4056	748
LDpred2	4056	749
LDpred2	4079	749
LDpred2	4079	750
LDpred2	4096	750
LDpred2	4096	751
LDpred2	4098	751
LDpred2	4098	752
LDpred2	4101	752
LDpred2	4101	754
LDpred2	4125	754
LDpred2	4125	755
LDpred2	4133	755
LDpred2	4133	756
LDpred2	4137	756
SDPR	0	0
SDPR	1	0
SDPR	5	0
SDPR	5	1
SDPR	6	1
SDPR	6	2
SDPR	11	2
SDPR	11	3
SDPR	12	3
SDPR	12	4
SDPR	18	4
SDPR	18	5
SDPR	21	5
SDPR	21	9
SDPR	24	9
SDPR	24	10
SDPR	30	10
SDPR	30	11
SDPR	31	11
SDPR	31	12
SDPR	35	12
SDPR	35	13
SDPR	39	13
SDPR	39	14
SDPR	52	14
SDPR	52	15
SDPR	53	15
SDPR	53	17
SDPR	54	17
SDPR	54	19
SDPR	58	19
SDPR	58	20
SDPR	61	20
SDPR	61	23
SDPR	65	23
SDPR	65	24
SDPR	78	24
SDPR	78	26
SDPR	79	26
SDPR	79	27
SDPR	80	27
SDPR	80	29
SDPR	84	29
SDPR	84	30
SDPR	87	30
SDPR	87	31
SDPR	90	31
SDPR	90	33
SDPR	91	33
SDPR	91	34
SDPR	93	34
SDPR	93	35
SDPR	95	35
SDPR	95	38
SDPR	100	38
SDPR	100	39
SDPR	105	39
SDPR	105	40
SDPR	106	40
SDPR	106	43
SDPR	107	43
SDPR	107	44
SDPR	108	44
SDPR	108	45
SDPR	114	45
SDPR	114	46
SDPR	138	46
SDPR	138	47
SDPR	150	47
SDPR	150	48
SDPR	152	48
SDPR	152	50
SDPR	156	50
SDPR	156	51
SDPR	164	51
SDPR	164	52
SDPR	168	52
SDPR	168	53
SDPR	176	53
SDPR	176	54
SDPR	179	54
SDPR	179	55
SDPR	183	55
SDPR	183	56
SDPR	189	56
SDPR	189	57
SDPR	190	57
SDPR	190	58
SDPR	195	58
SDPR	195	61
SDPR	202	61
SDPR	202	64
SDPR	206	64
SDPR	206	65
SDPR	212	65
SDPR	212	66
SDPR	214	66
SDPR	214	70
SDPR	234	70
SDPR	234	72
SDPR	258	72
SDPR	258	73
SDPR	259	73
SDPR	259	75
SDPR	260	75
SDPR	260	77
SDPR	265	77
SDPR	265	78
SDPR	268	78
SDPR	268	79
SDPR	270	79
SDPR	270	80
SDPR	273	80
SDPR	273	84
SDPR	275	84
SDPR	275	85
SDPR	282	85
SDPR	282	86
SDPR	286	86
SDPR	286	87
SDPR	288	87
SDPR	288	89
SDPR	297	89
SDPR	297	90
SDPR	298	90
SDPR	298	92
SDPR	305	92
SDPR	305	93
SDPR	312	93
SDPR	312	94
SDPR	323	94
SDPR	323	95
SDPR	342	95
SDPR	342	96
SDPR	350	96
SDPR	350	97
SDPR	353	97
SDPR	353	98
SDPR	357	98
SDPR	357	99
SDPR	363	99
SDPR	363	100
SDPR	369	100
SDPR	369	101
SDPR	373	101
SDPR	373	102
SDPR	376	102
SDPR	376	104
SDPR	377	104
SDPR	377	105
SDPR	378	105
SDPR	378	106
SDPR	397	106
SDPR	397	107
SDPR	405	107
SDPR	405	108
SDPR	413	108
SDPR	413	110
SDPR	416	110
SDPR	416	111
SDPR	417	111
SDPR	417	112
SDPR	420	112
SDPR	420	114
SDPR	422	114
SDPR	422	116
SDPR	425	116
SDPR	425	117
SDPR	433	117
SDPR	433	118
SDPR	437	118
SDPR	437	119
SDPR	446	119
SDPR	446	120
SDPR	447	120
SDPR	447	122
SDPR	448	122
SDPR	448	123
SDPR	449	123
SDPR	449	124
SDPR	453	124
SDPR	453	125
SDPR	472	125
SDPR	472	128
SDPR	476	128
SDPR	476	130
SDPR	482	130
SDPR	482	131
SDPR	484	131
SDPR	484	132
SDPR	488	132
SDPR	488	133
SDPR	493	133
SDPR	493	134
SDPR	499	134
SDPR	499	135
SDPR	502	135
SDPR	502	136
SDPR	503	136
SDPR	503	138
SDPR	508	138
SDPR	508	139
SDPR	510	139
SDPR	510	140
SDPR	511	140
SDPR	511	141
SDPR	514	141
SDPR	514	142
SDPR	519	142
SDPR	519	143
SDPR	521	143
SDPR	521	144
SDPR	523	144
SDPR	523	145
SDPR	528	145
SDPR	528	146
SDPR	540	146
SDPR	540	147
SDPR	559	147
SDPR	559	148
SDPR	571	148
SDPR	571	149
SDPR	574	149
SDPR	574	151
SDPR	575	151
SDPR	575	152
SDPR	583	152
SDPR	583	153
SDPR	593	153
SDPR	593	154
SDPR	594	154
SDPR	594	155
SDPR	596	155
SDPR	596	156
SDPR	598	156
SDPR	598	158
SDPR	599	158
SDPR	599	159
SDPR	600	159
SDPR	600	161
SDPR	608	161
SDPR	608	164
SDPR	625	164
SDPR	625	165
SDPR	629	165
SDPR	629	166
SDPR	634	166
SDPR	634	167
SDPR	638	167
SDPR	638	168
SDPR	642	168
SDPR	642	169
SDPR	648	169
SDPR	648	170
SDPR	658	170
SDPR	658	174
SDPR	659	174
SDPR	659	175
SDPR	661	175
SDPR	661	177
SDPR	672	177
SDPR	672	178
SDPR	673	178
SDPR	673	179
SDPR	674	179
SDPR	674	180
SDPR	677	180
SDPR	677	181
SDPR	678	181
SDPR	678	182
SDPR	683	182
SDPR	683	183
SDPR	685	183
SDPR	685	184
SDPR	688	184
SDPR	688	185
SDPR	697	185
SDPR	697	186
SDPR	701	186
SDPR	701	187
SDPR	702	187
SDPR	702	188
SDPR	710	188
SDPR	710	189
SDPR	723	189
SDPR	723	190
SDPR	727	190
SDPR	727	191
SDPR	729	191
SDPR	729	192
SDPR	734	192
SDPR	734	194
SDPR	735	194
SDPR	735	195
SDPR	740	195
SDPR	740	196
SDPR	753	196
SDPR	753	197
SDPR	758	197
SDPR	758	198
SDPR	762	198
SDPR	762	199
SDPR	763	199
SDPR	763	200
SDPR	764	200
SDPR	764	201
SDPR	772	201
SDPR	772	203
SDPR	776	203
SDPR	776	205
SDPR	785	205
SDPR	785	206
SDPR	786	206
SDPR	786	207
SDPR	792	207
SDPR	792	208
SDPR	796	208
SDPR	796	210
SDPR	799	210
SDPR	799	211
SDPR	801	211
SDPR	801	212
SDPR	812	212
SDPR	812	213
SDPR	822	213
SDPR	822	214
SDPR	834	214
SDPR	834	215
SDPR	836	215
SDPR	836	216
SDPR	850	216
SDPR	850	217
SDPR	851	217
SDPR	851	218
SDPR	856	218
SDPR	856	219
SDPR	860	219
SDPR	860	220
SDPR	865	220
SDPR	865	221
SDPR	874	221
SDPR	874	223
SDPR	875	223
SDPR	875	224
SDPR	877	224
SDPR	877	225
SDPR	878	225
SDPR	878	226
SDPR	883	226
SDPR	883	227
SDPR	894	227
SDPR	894	228
SDPR	897	228
SDPR	897	229
SDPR	900	229
SDPR	900	230
SDPR	905	230
SDPR	905	231
SDPR	913	231
SDPR	913	232
SDPR	925	232
SDPR	925	234
SDPR	926	234
SDPR	926	237
SDPR	927	237
SDPR	927	238
SDPR	929	238
SDPR	929	239
SDPR	937	239
SDPR	937	240
SDPR	947	240
SDPR	947	241
SDPR	952	241
SDPR	952	242
SDPR	954	242
SDPR	954	243
SDPR	963	243
SDPR	963	244
SDPR	965	244
SDPR	965	245
SDPR	966	245
SDPR	966	246
SDPR	975	246
SDPR	975	247
SDPR	977	247
SDPR	977	248
SDPR	978	248
SDPR	978	249
SDPR	982	249
SDPR	982	250
SDPR	986	250
SDPR	986	251
SDPR	991	251
SDPR	991	252
SDPR	993	252
SDPR	993	253
SDPR	994	253
SDPR	994	255
SDPR	996	255
SDPR	996	256
SDPR	999	256
SDPR	999	257
SDPR	1000	257
SDPR	1000	258
SDPR	1001	258
SDPR	1001	260
SDPR	1002	260
SDPR	1002	262
SDPR	1009	262
SDPR	1009	263
SDPR	1012	263
SDPR	1012	264
SDPR	1014	264
SDPR	1014	265
SDPR	1015	265
SDPR	1015	266
SDPR	1017	266
SDPR	1017	267
SDPR	1023	267
SDPR	1023	269
SDPR	1027	269
SDPR	1027	270
SDPR	1032	270
SDPR	1032	271
SDPR	1034	271
SDPR	1034	272
SDPR	1038	272
SDPR	1038	273
SDPR	1040	273
SDPR	1040	274
SDPR	1042	274
SDPR	1042	276
SDPR	1044	276
SDPR	1044	277
SDPR	1049	277
SDPR	1049	278
SDPR	1054	278
SDPR	1054	279
SDPR	1059	279
SDPR	1059	280
SDPR	1066	280
SDPR	1066	281
SDPR	1073	281
SDPR	1073	282
SDPR	1074	282
SDPR	1074	283
SDPR	1075	283
SDPR	1075	285
SDPR	1091	285
SDPR	1091	286
SDPR	1110	286
SDPR	1110	287
SDPR	1111	287
SDPR	1111	288
SDPR	1113	288
SDPR	1113	289
SDPR	1126	289
SDPR	1126	290
SDPR	1131	290
SDPR	1131	291
SDPR	1133	291
SDPR	1133	292
SDPR	1137	292
SDPR	1137	293
SDPR	1138	293
SDPR	1138	294
SDPR	1151	294
SDPR	1151	296
SDPR	1155	296
SDPR	1155	297
SDPR	1157	297
SDPR	1157	298
SDPR	1161	298
SDPR	1161	299
SDPR	1174	299
SDPR	1174	300
SDPR	1178	300
SDPR	1178	301
SDPR	1183	301
SDPR	1183	302
SDPR	1196	302
SDPR	1196	304
SDPR	1199	304
SDPR	1199	305
SDPR	1200	305
SDPR	1200	306
SDPR	1205	306
SDPR	1205	307
SDPR	1206	307
SDPR	1206	308
SDPR	1211	308
SDPR	1211	309
SDPR	1219	309
SDPR	1219	310
SDPR	1220	310
SDPR	1220	311
SDPR	1230	311
SDPR	1230	312
SDPR	1231	312
SDPR	1231	313
SDPR	1245	313
SDPR	1245	315
SDPR	1249	315
SDPR	1249	316
SDPR	1262	316
SDPR	1262	317
SDPR	1265	317
SDPR	1265	318
SDPR	1271	318
SDPR	1271	319
SDPR	1285	319
SDPR	1285	320
SDPR	1286	320
SDPR	1286	321
SDPR	1301	321
SDPR	1301	322
SDPR	1302	322
SDPR	1302	323
SDPR	1305	323
SDPR	1305	324
SDPR	1306	324
SDPR	1306	326
SDPR	1312	326
SDPR	1312	327
SDPR	1320	327
SDPR	1320	328
SDPR	1331	328
SDPR	1331	329
SDPR	1332	329
SDPR	1332	330
SDPR	1338	330
SDPR	1338	332
SDPR	1341	332
SDPR	1341	333
SDPR	1342	333
SDPR	1342	334
SDPR	1348	334
SDPR	1348	335
SDPR	1351	335
SDPR	1351	337
SDPR	1358	337
SDPR	1358	338
SDPR	1363	338
SDPR	1363	339
SDPR	1375	339
SDPR	1375	341
SDPR	1380	341
SDPR	1380	342
SDPR	1388	342
SDPR	1388	343
SDPR	1389	343
SDPR	1389	344
SDPR	1391	344
SDPR	1391	345
SDPR	1408	345
SDPR	1408	346
SDPR	1419	346
SDPR	1419	347
SDPR	1423	347
SDPR	1423	348
SDPR	1424	348
SDPR	1424	349
SDPR	1437	349
SDPR	1437	351
SDPR	1441	351
SDPR	1441	352
SDPR	1444	352
SDPR	1444	353
SDPR	1460	353
SDPR	1460	354
SDPR	1497	354
SDPR	1497	355
SDPR	1502	355
SDPR	1502	356
SDPR	1505	356
SDPR	1505	357
SDPR	1506	357
SDPR	1506	358
SDPR	1509	358
SDPR	1509	359
SDPR	1524	359
SDPR	1524	360
SDPR	1534	360
SDPR	1534	361
SDPR	1546	361
SDPR	1546	362
SDPR	1547	362
SDPR	1547	363
SDPR	1557	363
SDPR	1557	364
SDPR	1571	364
SDPR	1571	365
SDPR	1573	365
SDPR	1573	366
SDPR	1583	366
SDPR	1583	368
SDPR	1591	368
SDPR	1591	371
SDPR	1593	371
SDPR	1593	372
SDPR	1594	372
SDPR	1594	373
SDPR	1600	373
SDPR	1600	374
SDPR	1612	374
SDPR	1612	375
SDPR	1613	375
SDPR	1613	376
SDPR	1617	376
SDPR	1617	377
SDPR	1625	377
SDPR	1625	378
SDPR	1626	378
SDPR	1626	379
SDPR	1632	379
SDPR	1632	380
SDPR	1637	380
SDPR	1637	381
SDPR	1646	381
SDPR	1646	382
SDPR	1649	382
SDPR	1649	383
SDPR	1659	383
SDPR	1659	384
SDPR	1660	384
SDPR	1660	385
SDPR	1670	385
SDPR	1670	386
SDPR	1681	386
SDPR	1681	387
SDPR	1683	387
SDPR	1683	388
SDPR	1690	388
SDPR	1690	389
SDPR	1700	389
SDPR	1700	391
SDPR	1702	391
SDPR	1702	392
SDPR	1715	392
SDPR	1715	393
SDPR	1731	393
SDPR	1731	394
SDPR	1743	394
SDPR	1743	395
SDPR	1753	395
SDPR	1753	396
SDPR	1755	396
SDPR	1755	397
SDPR	1769	397
SDPR	1769	398
SDPR	1779	398
SDPR	1779	399
SDPR	1791	399
SDPR	1791	400
SDPR	1806	400
SDPR	1806	401
SDPR	1808	401
SDPR	1808	402
SDPR	1811	402
SDPR	1811	403
SDPR	1814	403
SDPR	1814	404
SDPR	1819	404
SDPR	1819	406
SDPR	1841	406
SDPR	1841	407
SDPR	1849	407
SDPR	1849	408
SDPR	1851	408
SDPR	1851	409
SDPR	1877	409
SDPR	1877	411
SDPR	1897	411
SDPR	1897	412
SDPR	1901	412
SDPR	1901	413
SDPR	1913	413
SDPR	1913	414
SDPR	1920	414
SDPR	1920	415
SDPR	1932	415
SDPR	1932	416
SDPR	1956	416
SDPR	1956	417
SDPR	1962	417
SDPR	1962	418
SDPR	1963	418
SDPR	1963	419
SDPR	1966	419
SDPR	1966	420
SDPR	1967	420
SDPR	1967	421
SDPR	1969	421
SDPR	1969	422
SDPR	1979	422
SDPR	1979	423
SDPR	2003	423
SDPR	2003	425
SDPR	2004	425
SDPR	2004	426
SDPR	2009	426
SDPR	2009	428
SDPR	2018	428
SDPR	2018	431
SDPR	2020	431
SDPR	2020	432
SDPR	2033	432
SDPR	2033	433
SDPR	2034	433
SDPR	2034	434
SDPR	2039	434
SDPR	2039	435
SDPR	2042	435
SDPR	2042	436
SDPR	2045	436
SDPR	2045	437
SDPR	2064	437
SDPR	2064	438
SDPR	2085	438
SDPR	2085	439
SDPR	2111	439
SDPR	2111	441
SDPR	2117	441
SDPR	2117	442
SDPR	2142	442
SDPR	2142	443
SDPR	2172	443
SDPR	2172	444
SDPR	2173	444
SDPR	2173	445
SDPR	2178	445
SDPR	2178	447
SDPR	2183	447
SDPR	2183	448
SDPR	2191	448
SDPR	2191	450
SDPR	2201	450
SDPR	2201	451
SDPR	2210	451
SDPR	2210	453
SDPR	2217	453
SDPR	2217	454
SDPR	2218	454
SDPR	2218	455
SDPR	2239	455
SDPR	2239	457
SDPR	2240	457
SDPR	2240	460
SDPR	2246	460
SDPR	2246	461
SDPR	2265	461
SDPR	2265	462
SDPR	2271	462
SDPR	2271	463
SDPR	2279	463
SDPR	2279	464
SDPR	2290	464
SDPR	2290	465
SDPR	2318	465
SDPR	2318	466
SDPR	2322	466
SDPR	2322	468
SDPR	2336	468
SDPR	2336	469
SDPR	2341	469
SDPR	2341	470
SDPR	2344	470
SDPR	2344	472
SDPR	2345	472
SDPR	2345	473
SDPR	2356	473
SDPR	2356	474
SDPR	2361	474
SDPR	2361	475
SDPR	2371	475
SDPR	2371	476
SDPR	2376	476
SDPR	2376	477
SDPR	2385	477
SDPR	2385	478
SDPR	2389	478
SDPR	2389	480
SDPR	2394	480
SDPR	2394	482
SDPR	2399	482
SDPR	2399	483
SDPR	2404	483
SDPR	2404	484
SDPR	2426	484
SDPR	2426	486
SDPR	2444	486
SDPR	2444	487
SDPR	2445	487
SDPR	2445	488
SDPR	2448	488
SDPR	2448	489
SDPR	2460	489
SDPR	2460	490
SDPR	2473	490
SDPR	2473	491
SDPR	2479	491
SDPR	2479	492
SDPR	2492	492
SDPR	2492	494
SDPR	2495	494
SDPR	2495	495
SDPR	2516	495
SDPR	2516	496
SDPR	2523	496
SDPR	2523	497
SDPR	2541	497
SDPR	2541	498
SDPR	2550	498
SDPR	2550	499
SDPR	2557	499
SDPR	2557	500
SDPR	2560	500
SDPR	2560	501
SDPR	2561	501
SDPR	2561	502
SDPR	2562	502
SDPR	2562	503
SDPR	2569	503
SDPR	2569	504
SDPR	2582	504
SDPR	2582	505
SDPR	2585	505
SDPR	2585	506
SDPR	2589	506
SDPR	2589	508
SDPR	2595	508
SDPR	2595	509
SDPR	2599	509
SDPR	2599	510
SDPR	2603	510
SDPR	2603	511
SDPR	2606	511
SDPR	2606	512
SDPR	2608	512
SDPR	2608	513
SDPR	2622	513
SDPR	2622	514
SDPR	2634	514
SDPR	2634	515
SDPR	2636	515
SDPR	2636	517
SDPR	2641	517
SDPR	2641	518
SDPR	2642	518
SDPR	2642	519
SDPR	2643	519
SDPR	2643	520
SDPR	2647	520
SDPR	2647	521
SDPR	2657	521
SDPR	2657	522
SDPR	2659	522
SDPR	2659	523
SDPR	2660	523
SDPR	2660	524
SDPR	2675	524
SDPR	2675	526
SDPR	2681	526
SDPR	2681	527
SDPR	2688	527
SDPR	2688	528
SDPR	2693	528
SDPR	2693	529
SDPR	2704	529
SDPR	2704	530
SDPR	2709	530
SDPR	2709	531
SDPR	2710	531
SDPR	2710	532
SDPR	2711	532
SDPR	2711	534
SDPR	2725	534
SDPR	2725	535
SDPR	2741	535
SDPR	2741	536
SDPR	2753	536
SDPR	2753	537
SDPR	2764	537
SDPR	2764	538
SDPR	2765	538
SDPR	2765	539
SDPR	2770	539
SDPR	2770	540
SDPR	2771	540
SDPR	2771	541
SDPR	2773	541
SDPR	2773	542
SDPR	2774	542
SDPR	2774	544
SDPR	2776	544
SDPR	2776	545
SDPR	2778	545
SDPR	2778	546
SDPR	2780	546
SDPR	2780	547
SDPR	2784	547
SDPR	2784	548
SDPR	2786	548
SDPR	2786	550
SDPR	2789	550
SDPR	2789	552
SDPR	2796	552
SDPR	2796	553
SDPR	2799	553
SDPR	2799	554
SDPR	2815	554
SDPR	2815	555
SDPR	2817	555
SDPR	2817	556
SDPR	2828	556
SDPR	2828	557
SDPR	2829	557
SDPR	2829	558
SDPR	2850	558
SDPR	2850	559
SDPR	2856	559
SDPR	2856	560
SDPR	2861	560
SDPR	2861	561
SDPR	2864	561
SDPR	2864	562
SDPR	2879	562
SDPR	2879	563
SDPR	2880	563
SDPR	2880	564
SDPR	2888	564
SDPR	2888	565
SDPR	2891	565
SDPR	2891	566
SDPR	2910	566
SDPR	2910	567
SDPR	2940	567
SDPR	2940	568
SDPR	2941	568
SDPR	2941	569
SDPR	2947	569
SDPR	2947	570
SDPR	2962	570
SDPR	2962	571
SDPR	2969	571
SDPR	2969	572
SDPR	2974	572
SDPR	2974	573
SDPR	2982	573
SDPR	2982	574
SDPR	2991	574
SDPR	2991	575
SDPR	2992	575
SDPR	2992	576
SDPR	3000	576
SDPR	3000	577
SDPR	3006	577
SDPR	3006	578
SDPR	3014	578
SDPR	3014	580
SDPR	3018	580
SDPR	3018	582
SDPR	3019	582
SDPR	3019	583
SDPR	3028	583
SDPR	3028	584
SDPR	3030	584
SDPR	3030	585
SDPR	3031	585
SDPR	3031	586
SDPR	3036	586
SDPR	3036	587
SDPR	3049	587
SDPR	3049	588
SDPR	3055	588
SDPR	3055	589
SDPR	3060	589
SDPR	3060	590
SDPR	3064	590
SDPR	3064	591
SDPR	3070	591
SDPR	3070	592
SDPR	3076	592
SDPR	3076	593
SDPR	3082	593
SDPR	3082	594
SDPR	3087	594
SDPR	3087	595
SDPR	3088	595
SDPR	3088	596
SDPR	3089	596
SDPR	3089	597
SDPR	3091	597
SDPR	3091	598
SDPR	3095	598
SDPR	3095	599
SDPR	3099	599
SDPR	3099	602
SDPR	3106	602
SDPR	3106	604
SDPR	3115	604
SDPR	3115	605
SDPR	3121	605
SDPR	3121	606
SDPR	3123	606
SDPR	3123	607
SDPR	3151	607
SDPR	3151	608
SDPR	3156	608
SDPR	3156	609
SDPR	3159	609
SDPR	3159	610
SDPR	3161	610
SDPR	3161	611
SDPR	3175	611
SDPR	3175	612
SDPR	3197	612
SDPR	3197	613
SDPR	3200	613
SDPR	3200	616
SDPR	3209	616
SDPR	3209	617
SDPR	3214	617
SDPR	3214	618
SDPR	3216	618
SDPR	3216	619
SDPR	3230	619
SDPR	3230	620
SDPR	3232	620
SDPR	3232	621
SDPR	3236	621
SDPR	3236	622
SDPR	3242	622
SDPR	3242	623
SDPR	3258	623
SDPR	3258	624
SDPR	3265	624
SDPR	3265	625
SDPR	3269	625
SDPR	3269	627
SDPR	3283	627
SDPR	3283	629
SDPR	3289	629
SDPR	3289	630
SDPR	3294	630
SDPR	3294	631
SDPR	3302	631
SDPR	3302	632
SDPR	3307	632
SDPR	3307	633
SDPR	3317	633
SDPR	3317	634
SDPR	3321	634
SDPR	3321	635
SDPR	3328	635
SDPR	3328	636
SDPR	3332	636
SDPR	3332	637
SDPR	3336	637
SDPR	3336	638
SDPR	3338	638
SDPR	3338	639
SDPR	3340	639
SDPR	3340	640
SDPR	3348	640
SDPR	3348	641
SDPR	3350	641
SDPR	3350	642
SDPR	3352	642
SDPR	3352	643
SDPR	3360	643
SDPR	3360	644
SDPR	3363	644
SDPR	3363	646
SDPR	3373	646
SDPR	3373	647
SDPR	3381	647
SDPR	3381	648
SDPR	3387	648
SDPR	3387	649
SDPR	3393	649
SDPR	3393	650
SDPR	3399	650
SDPR	3399	651
SDPR	3414	651
SDPR	3414	652
SDPR	3418	652
SDPR	3418	653
SDPR	3434	653
SDPR	3434	654
SDPR	3450	654
SDPR	3450	655
SDPR	3452	655
SDPR	3452	656
SDPR	3510	656
SDPR	3510	657
SDPR	3512	657
SDPR	3512	658
SDPR	3528	658
SDPR	3528	659
SDPR	3539	659
SDPR	3539	660
SDPR	3541	660
SDPR	3541	661
SDPR	3545	661
SDPR	3545	662
SDPR	3550	662
SDPR	3550	663
SDPR	3555	663
SDPR	3555	664
SDPR	3571	664
SDPR	3571	666
SDPR	3585	666
SDPR	3585	667
SDPR	3587	667
SDPR	3587	668
SDPR	3601	668
SDPR	3601	669
SDPR	3604	669
SDPR	3604	670
SDPR	3606	670
SDPR	3606	672
SDPR	3620	672
SDPR	3620	673
SDPR	3633	673
SDPR	3633	674
SDPR	3640	674
SDPR	3640	675
SDPR	3641	675
SDPR	3641	676
SDPR	3649	676
SDPR	3649	677
SDPR	3657	677
SDPR	3657	678
SDPR	3665	678
SDPR	3665	679
SDPR	3681	679
SDPR	3681	680
SDPR	3687	680
SDPR	3687	681
SDPR	3697	681
SDPR	3697	683
SDPR	3707	683
SDPR	3707	684
SDPR	3748	684
SDPR	3748	685
SDPR	3750	685
SDPR	3750	686
SDPR	3751	686
SDPR	3751	687
SDPR	3767	687
SDPR	3767	688
SDPR	3771	688
SDPR	3771	689
SDPR	3773	689
SDPR	3773	691
SDPR	3777	691
SDPR	3777	692
SDPR	3788	692
SDPR	3788	693
SDPR	3794	693
SDPR	3794	694
SDPR	3796	694
SDPR	3796	695
SDPR	3799	695
SDPR	3799	696
SDPR	3807	696
SDPR	3807	697
SDPR	3812	697
SDPR	3812	700
SDPR	3813	700
SDPR	3813	701
SDPR	3815	701
SDPR	3815	702
SDPR	3832	702
SDPR	3832	703
SDPR	3834	703
SDPR	3834	705
SDPR	3854	705
SDPR	3854	706
SDPR	3855	706
SDPR	3855	707
SDPR	3880	707
SDPR	3880	708
SDPR	3883	708
SDPR	3883	709
SDPR	3884	709
SDPR	3884	710
SDPR	3887	710
SDPR	3887	711
SDPR	3898	711
SDPR	3898	712
SDPR	3901	712
SDPR	3901	713
SDPR	3902	713
SDPR	3902	714
SDPR	3904	714
SDPR	3904	715
SDPR	3907	715
SDPR	3907	716
SDPR	3916	716
SDPR	3916	717
SDPR	3917	717
SDPR	3917	718
SDPR	3919	718
SDPR	3919	719
SDPR	3920	719
SDPR	3920	720
SDPR	3922	720
SDPR	3922	721
SDPR	3929	721
SDPR	3929	722
SDPR	3937	722
SDPR	3937	724
SDPR	3951	724
SDPR	3951	725
SDPR	3969	725
SDPR	3969	726
SDPR	3970	726
SDPR	3970	727
SDPR	3972	727
SDPR	3972	728
SDPR	3976	728
SDPR	3976	730
SDPR	3988	730
SDPR	3988	731
SDPR	3997	731
SDPR	3997	733
SDPR	4000	733
SDPR	4000	734
SDPR	4005	734
SDPR	4005	735
SDPR	4012	735
SDPR	4012	736
SDPR	4013	736
SDPR	4013	738
SDPR	4020	738
SDPR	4020	739
SDPR	4024	739
SDPR	4024	740
SDPR	4030	740
SDPR	4030	741
SDPR	4041	741
SDPR	4041	742
SDPR	4045	742
SDPR	4045	743
SDPR	4046	743
SDPR	4046	744
SDPR	4048	744
SDPR	4048	745
SDPR	4056	745
SDPR	4056	746
SDPR	4059	746
SDPR	4059	747
SDPR	4063	747
SDPR	4063	748
SDPR	4071	748
SDPR	4071	749
SDPR	4075	749
SDPR	4075	750
SDPR	4091	750
SDPR	4091	752
SDPR	4093	752
SDPR	4093	753
SDPR	4096	753
SDPR	4096	754
SDPR	4102	754
SDPR	4102	755
SDPR	4115	755
SDPR	4115	756
SDPR	4137	756
