method	false_positives	true_positives
epiBrainLLM	0	0
epiBrainLLM	0	1
epiBrainLLM	0	3
epiBrainLLM	1	3
epiBrainLLM	1	13
epiBrainLLM	3	13
epiBrainLLM	3	27
epiBrainLLM	4	27
epiBrainLLM	4	31
epiBrainLLM	5	31
epiBrainLLM	5	41
epiBrainLLM	6	41
epiBrainLLM	6	49
epiBrainLLM	7	49
epiBrainLLM	7	51
epiBrainLLM	9	51
epiBrainLLM	9	62
epiBrainLLM	10	62
epiBrainLLM	10	65
epiBrainLLM	11	65
epiBrainLLM	11	66
epiBrainLLM	12	66
epiBrainLLM	12	67
epiBrainLLM	13	67
epiBrainLLM	13	70
epiBrainLLM	14	70
epiBrainLLM	14	71
epiBrainLLM	15	71
epiBrainLLM	15	94
epiBrainLLM	16	94
epiBrainLLM	16	96
epiBrainLLM	17	96
epiBrainLLM	17	97
epiBrainLLM	20	97
epiBrainLLM	20	101
epiBrainLLM	21	101
epiBrainLLM	21	104
epiBrainLLM	22	104
epiBrainLLM	22	106
epiBrainLLM	23	106
epiBrainLLM	23	107
epiBrainLLM	27	107
epiBrainLLM	27	108
epiBrainLLM	28	108
epiBrainLLM	28	109
epiBrainLLM	29	109
epiBrainLLM	29	110
epiBrainLLM	32	110
epiBrainLLM	32	111
epiBrainLLM	35	111
epiBrainLLM	35	112
epiBrainLLM	36	112
epiBrainLLM	36	116
epiBrainLLM	37	116
epiBrainLLM	37	124
epiBrainLLM	38	124
epiBrainLLM	38	125
epiBrainLLM	39	125
epiBrainLLM	39	126
epiBrainLLM	41	126
epiBrainLLM	41	132
epiBrainLLM	43	132
epiBrainLLM	43	133
epiBrainLLM	44	133
epiBrainLLM	44	135
epiBrainLLM	45	135
epiBrainLLM	45	136
epiBrainLLM	46	136
epiBrainLLM	46	139
epiBrainLLM	47	139
epiBrainLLM	47	141
epiBrainLLM	48	141
epiBrainLLM	48	143
epiBrainLLM	49	143
epiBrainLLM	49	149
epiBrainLLM	50	149
epiBrainLLM	50	153
epiBrainLLM	51	153
epiBrainLLM	51	160
epiBrainLLM	52	160
epiBrainLLM	52	164
epiBrainLLM	54	164
epiBrainLLM	54	166
epiBrainLLM	55	166
epiBrainLLM	55	175
epiBrainLLM	57	175
epiBrainLLM	57	185
epiBrainLLM	59	185
epiBrainLLM	59	189
epiBrainLLM	60	189
epiBrainLLM	60	190
epiBrainLLM	61	190
epiBrainLLM	61	194
epiBrainLLM	62	194
epiBrainLLM	62	196
epiBrainLLM	65	196
epiBrainLLM	65	198
epiBrainLLM	69	198
epiBrainLLM	69	211
epiBrainLLM	75	211
epiBrainLLM	75	214
epiBrainLLM	76	214
epiBrainLLM	76	215
epiBrainLLM	80	215
epiBrainLLM	80	218
epiBrainLLM	81	218
epiBrainLLM	81	222
epiBrainLLM	82	222
epiBrainLLM	82	223
epiBrainLLM	85	223
epiBrainLLM	85	225
epiBrainLLM	87	225
epiBrainLLM	87	230
epiBrainLLM	89	230
epiBrainLLM	89	231
epiBrainLLM	90	231
epiBrainLLM	90	233
epiBrainLLM	91	233
epiBrainLLM	91	235
epiBrainLLM	92	235
epiBrainLLM	92	237
epiBrainLLM	94	237
epiBrainLLM	94	238
epiBrainLLM	96	238
epiBrainLLM	96	240
epiBrainLLM	97	240
epiBrainLLM	97	246
epiBrainLLM	101	246
epiBrainLLM	101	249
epiBrainLLM	102	249
epiBrainLLM	102	251
epiBrainLLM	103	251
epiBrainLLM	103	255
epiBrainLLM	104	255
epiBrainLLM	104	257
epiBrainLLM	106	257
epiBrainLLM	106	258
epiBrainLLM	107	258
epiBrainLLM	107	259
epiBrainLLM	110	259
epiBrainLLM	110	275
epiBrainLLM	111	275
epiBrainLLM	111	276
epiBrainLLM	112	276
epiBrainLLM	112	277
epiBrainLLM	113	277
epiBrainLLM	113	281
epiBrainLLM	115	281
epiBrainLLM	115	282
epiBrainLLM	117	282
epiBrainLLM	117	286
epiBrainLLM	119	286
epiBrainLLM	119	287
epiBrainLLM	120	287
epiBrainLLM	120	288
epiBrainLLM	121	288
epiBrainLLM	121	291
epiBrainLLM	122	291
epiBrainLLM	122	298
epiBrainLLM	124	298
epiBrainLLM	124	303
epiBrainLLM	125	303
epiBrainLLM	125	306
epiBrainLLM	127	306
epiBrainLLM	127	309
epiBrainLLM	131	309
epiBrainLLM	131	314
epiBrainLLM	132	314
epiBrainLLM	132	318
epiBrainLLM	135	318
epiBrainLLM	135	319
epiBrainLLM	136	319
epiBrainLLM	136	320
epiBrainLLM	137	320
epiBrainLLM	137	324
epiBrainLLM	138	324
epiBrainLLM	138	326
epiBrainLLM	139	326
epiBrainLLM	139	332
epiBrainLLM	140	332
epiBrainLLM	140	333
epiBrainLLM	142	333
epiBrainLLM	142	334
epiBrainLLM	143	334
epiBrainLLM	143	336
epiBrainLLM	144	336
epiBrainLLM	144	339
epiBrainLLM	145	339
epiBrainLLM	145	341
epiBrainLLM	146	341
epiBrainLLM	146	347
epiBrainLLM	148	347
epiBrainLLM	148	349
epiBrainLLM	149	349
epiBrainLLM	149	351
epiBrainLLM	153	351
epiBrainLLM	153	352
epiBrainLLM	154	352
epiBrainLLM	154	361
epiBrainLLM	157	361
epiBrainLLM	157	366
epiBrainLLM	158	366
epiBrainLLM	158	367
epiBrainLLM	159	367
epiBrainLLM	159	373
epiBrainLLM	161	373
epiBrainLLM	161	374
epiBrainLLM	162	374
epiBrainLLM	162	376
epiBrainLLM	164	376
epiBrainLLM	164	382
epiBrainLLM	165	382
epiBrainLLM	165	384
epiBrainLLM	166	384
epiBrainLLM	166	394
epiBrainLLM	167	394
epiBrainLLM	167	395
epiBrainLLM	168	395
epiBrainLLM	168	408
epiBrainLLM	169	408
epiBrainLLM	169	410
epiBrainLLM	171	410
epiBrainLLM	171	413
epiBrainLLM	173	413
epiBrainLLM	173	416
epiBrainLLM	175	416
epiBrainLLM	175	417
epiBrainLLM	178	417
epiBrainLLM	178	423
epiBrainLLM	180	423
epiBrainLLM	180	429
epiBrainLLM	181	429
epiBrainLLM	181	443
epiBrainLLM	182	443
epiBrainLLM	182	447
epiBrainLLM	185	447
epiBrainLLM	185	448
epiBrainLLM	186	448
epiBrainLLM	186	450
epiBrainLLM	187	450
epiBrainLLM	187	451
epiBrainLLM	190	451
epiBrainLLM	190	456
epiBrainLLM	192	456
epiBrainLLM	192	459
epiBrainLLM	193	459
epiBrainLLM	193	464
epiBrainLLM	195	464
epiBrainLLM	195	466
epiBrainLLM	198	466
epiBrainLLM	198	467
epiBrainLLM	199	467
epiBrainLLM	199	471
epiBrainLLM	200	471
epiBrainLLM	200	472
epiBrainLLM	201	472
epiBrainLLM	201	473
epiBrainLLM	203	473
epiBrainLLM	203	474
epiBrainLLM	207	474
epiBrainLLM	207	475
epiBrainLLM	208	475
epiBrainLLM	208	476
epiBrainLLM	209	476
epiBrainLLM	209	478
epiBrainLLM	212	478
epiBrainLLM	212	480
epiBrainLLM	213	480
epiBrainLLM	213	481
epiBrainLLM	216	481
epiBrainLLM	216	485
epiBrainLLM	218	485
epiBrainLLM	218	488
epiBrainLLM	220	488
epiBrainLLM	220	490
epiBrainLLM	221	490
epiBrainLLM	221	492
epiBrainLLM	223	492
epiBrainLLM	223	493
epiBrainLLM	224	493
epiBrainLLM	224	498
epiBrainLLM	227	498
epiBrainLLM	227	499
epiBrainLLM	229	499
epiBrainLLM	229	500
epiBrainLLM	238	500
epiBrainLLM	238	501
epiBrainLLM	242	501
epiBrainLLM	242	503
epiBrainLLM	245	503
epiBrainLLM	245	514
epiBrainLLM	247	514
epiBrainLLM	247	517
epiBrainLLM	248	517
epiBrainLLM	248	522
epiBrainLLM	251	522
epiBrainLLM	251	531
epiBrainLLM	255	531
epiBrainLLM	255	533
epiBrainLLM	256	533
epiBrainLLM	256	536
epiBrainLLM	257	536
epiBrainLLM	257	537
epiBrainLLM	258	537
epiBrainLLM	258	538
epiBrainLLM	259	538
epiBrainLLM	259	540
epiBrainLLM	260	540
epiBrainLLM	260	541
epiBrainLLM	262	541
epiBrainLLM	262	543
epiBrainLLM	264	543
epiBrainLLM	264	544
epiBrainLLM	268	544
epiBrainLLM	268	546
epiBrainLLM	269	546
epiBrainLLM	269	548
epiBrainLLM	271	548
epiBrainLLM	271	551
epiBrainLLM	275	551
epiBrainLLM	275	552
epiBrainLLM	276	552
epiBrainLLM	276	556
epiBrainLLM	278	556
epiBrainLLM	278	557
epiBrainLLM	279	557
epiBrainLLM	279	558
epiBrainLLM	280	558
epiBrainLLM	280	559
epiBrainLLM	281	559
epiBrainLLM	281	560
epiBrainLLM	283	560
epiBrainLLM	283	561
epiBrainLLM	284	561
epiBrainLLM	284	562
epiBrainLLM	285	562
epiBrainLLM	285	565
epiBrainLLM	288	565
epiBrainLLM	288	567
epiBrainLLM	289	567
epiBrainLLM	289	571
epiBrainLLM	290	571
epiBrainLLM	290	577
epiBrainLLM	291	577
epiBrainLLM	291	583
epiBrainLLM	292	583
epiBrainLLM	292	584
epiBrainLLM	293	584
epiBrainLLM	293	589
epiBrainLLM	294	589
epiBrainLLM	294	592
epiBrainLLM	295	592
epiBrainLLM	295	598
epiBrainLLM	296	598
epiBrainLLM	296	599
epiBrainLLM	297	599
epiBrainLLM	297	600
epiBrainLLM	298	600
epiBrainLLM	298	603
epiBrainLLM	299	603
epiBrainLLM	299	605
epiBrainLLM	300	605
epiBrainLLM	300	606
epiBrainLLM	304	606
epiBrainLLM	304	607
epiBrainLLM	306	607
epiBrainLLM	306	610
epiBrainLLM	307	610
epiBrainLLM	307	618
epiBrainLLM	309	618
epiBrainLLM	309	620
epiBrainLLM	310	620
epiBrainLLM	310	628
epiBrainLLM	311	628
epiBrainLLM	311	629
epiBrainLLM	312	629
epiBrainLLM	312	632
epiBrainLLM	316	632
epiBrainLLM	316	634
epiBrainLLM	318	634
epiBrainLLM	318	638
epiBrainLLM	319	638
epiBrainLLM	319	640
epiBrainLLM	321	640
epiBrainLLM	321	643
epiBrainLLM	322	643
epiBrainLLM	322	645
epiBrainLLM	323	645
epiBrainLLM	323	647
epiBrainLLM	325	647
epiBrainLLM	325	649
epiBrainLLM	326	649
epiBrainLLM	326	654
epiBrainLLM	327	654
epiBrainLLM	327	656
epiBrainLLM	328	656
epiBrainLLM	328	658
epiBrainLLM	329	658
epiBrainLLM	329	665
epiBrainLLM	331	665
epiBrainLLM	331	669
epiBrainLLM	335	669
epiBrainLLM	335	677
epiBrainLLM	337	677
epiBrainLLM	337	678
epiBrainLLM	339	678
epiBrainLLM	339	679
epiBrainLLM	342	679
epiBrainLLM	342	680
epiBrainLLM	343	680
epiBrainLLM	343	681
epiBrainLLM	344	681
epiBrainLLM	344	684
epiBrainLLM	346	684
epiBrainLLM	346	686
epiBrainLLM	348	686
epiBrainLLM	348	688
epiBrainLLM	350	688
epiBrainLLM	350	696
epiBrainLLM	351	696
epiBrainLLM	351	700
epiBrainLLM	352	700
epiBrainLLM	352	701
epiBrainLLM	354	701
epiBrainLLM	354	702
epiBrainLLM	355	702
epiBrainLLM	355	703
epiBrainLLM	356	703
epiBrainLLM	356	706
epiBrainLLM	357	706
epiBrainLLM	357	707
epiBrainLLM	359	707
epiBrainLLM	359	708
epiBrainLLM	360	708
epiBrainLLM	360	709
epiBrainLLM	361	709
epiBrainLLM	361	712
epiBrainLLM	363	712
epiBrainLLM	363	714
epiBrainLLM	365	714
epiBrainLLM	365	715
epiBrainLLM	367	715
epiBrainLLM	367	716
epiBrainLLM	368	716
epiBrainLLM	368	717
epiBrainLLM	369	717
epiBrainLLM	369	719
epiBrainLLM	370	719
epiBrainLLM	370	720
epiBrainLLM	371	720
epiBrainLLM	371	723
epiBrainLLM	372	723
epiBrainLLM	372	724
epiBrainLLM	373	724
epiBrainLLM	373	725
epiBrainLLM	374	725
epiBrainLLM	374	734
epiBrainLLM	375	734
epiBrainLLM	375	735
epiBrainLLM	377	735
epiBrainLLM	377	736
epiBrainLLM	378	736
epiBrainLLM	378	738
epiBrainLLM	379	738
epiBrainLLM	379	740
epiBrainLLM	381	740
epiBrainLLM	381	742
epiBrainLLM	382	742
epiBrainLLM	382	745
epiBrainLLM	383	745
epiBrainLLM	383	747
epiBrainLLM	384	747
epiBrainLLM	384	748
epiBrainLLM	386	748
epiBrainLLM	386	749
epiBrainLLM	388	749
epiBrainLLM	388	752
epiBrainLLM	392	752
epiBrainLLM	392	756
epiBrainLLM	394	756
epiBrainLLM	394	758
epiBrainLLM	395	758
epiBrainLLM	395	761
epiBrainLLM	396	761
epiBrainLLM	396	762
epiBrainLLM	398	762
epiBrainLLM	398	767
epiBrainLLM	400	767
epiBrainLLM	400	768
epiBrainLLM	401	768
epiBrainLLM	401	769
epiBrainLLM	402	769
epiBrainLLM	402	771
epiBrainLLM	407	771
epiBrainLLM	407	776
epiBrainLLM	408	776
epiBrainLLM	408	783
epiBrainLLM	409	783
epiBrainLLM	409	784
epiBrainLLM	410	784
epiBrainLLM	410	788
epiBrainLLM	412	788
epiBrainLLM	412	789
epiBrainLLM	413	789
epiBrainLLM	413	790
epiBrainLLM	415	790
epiBrainLLM	415	792
epiBrainLLM	418	792
epiBrainLLM	418	797
epiBrainLLM	419	797
epiBrainLLM	419	798
epiBrainLLM	424	798
epiBrainLLM	424	804
epiBrainLLM	425	804
epiBrainLLM	425	805
epiBrainLLM	427	805
epiBrainLLM	427	811
epiBrainLLM	430	811
epiBrainLLM	430	812
epiBrainLLM	431	812
epiBrainLLM	431	813
epiBrainLLM	432	813
epiBrainLLM	432	814
epiBrainLLM	434	814
epiBrainLLM	434	815
epiBrainLLM	436	815
epiBrainLLM	436	816
epiBrainLLM	437	816
epiBrainLLM	437	817
epiBrainLLM	438	817
epiBrainLLM	438	818
epiBrainLLM	442	818
epiBrainLLM	442	819
epiBrainLLM	443	819
epiBrainLLM	443	821
epiBrainLLM	445	821
epiBrainLLM	445	823
epiBrainLLM	449	823
epiBrainLLM	449	829
epiBrainLLM	450	829
epiBrainLLM	450	833
epiBrainLLM	452	833
epiBrainLLM	452	837
epiBrainLLM	454	837
epiBrainLLM	454	843
epiBrainLLM	455	843
epiBrainLLM	455	845
epiBrainLLM	457	845
epiBrainLLM	457	848
epiBrainLLM	458	848
epiBrainLLM	458	849
epiBrainLLM	462	849
epiBrainLLM	462	851
epiBrainLLM	463	851
epiBrainLLM	463	852
epiBrainLLM	464	852
epiBrainLLM	464	853
epiBrainLLM	465	853
epiBrainLLM	465	856
epiBrainLLM	467	856
epiBrainLLM	467	859
epiBrainLLM	468	859
epiBrainLLM	468	862
epiBrainLLM	471	862
epiBrainLLM	471	864
epiBrainLLM	472	864
epiBrainLLM	472	868
epiBrainLLM	473	868
epiBrainLLM	473	870
epiBrainLLM	474	870
epiBrainLLM	474	871
epiBrainLLM	475	871
epiBrainLLM	475	877
epiBrainLLM	479	877
epiBrainLLM	479	879
epiBrainLLM	480	879
epiBrainLLM	480	881
epiBrainLLM	482	881
epiBrainLLM	482	886
epiBrainLLM	484	886
epiBrainLLM	484	890
epiBrainLLM	486	890
epiBrainLLM	486	894
epiBrainLLM	487	894
epiBrainLLM	487	895
epiBrainLLM	489	895
epiBrainLLM	489	898
epiBrainLLM	494	898
epiBrainLLM	494	899
epiBrainLLM	495	899
epiBrainLLM	495	902
epiBrainLLM	496	902
epiBrainLLM	496	906
epiBrainLLM	497	906
epiBrainLLM	497	909
epiBrainLLM	498	909
epiBrainLLM	498	915
epiBrainLLM	499	915
epiBrainLLM	499	917
epiBrainLLM	500	917
epiBrainLLM	500	918
epiBrainLLM	501	918
epiBrainLLM	501	920
epiBrainLLM	506	920
epiBrainLLM	506	927
epiBrainLLM	509	927
epiBrainLLM	509	929
epiBrainLLM	511	929
epiBrainLLM	511	932
epiBrainLLM	512	932
epiBrainLLM	512	934
epiBrainLLM	513	934
epiBrainLLM	513	935
epiBrainLLM	515	935
epiBrainLLM	515	937
epiBrainLLM	516	937
epiBrainLLM	516	938
epiBrainLLM	517	938
epiBrainLLM	517	943
epiBrainLLM	518	943
epiBrainLLM	518	946
epiBrainLLM	520	946
epiBrainLLM	520	955
epiBrainLLM	523	955
epiBrainLLM	523	956
epiBrainLLM	524	956
epiBrainLLM	524	964
epiBrainLLM	525	964
epiBrainLLM	525	971
epiBrainLLM	527	971
epiBrainLLM	527	974
epiBrainLLM	531	974
epiBrainLLM	531	981
epiBrainLLM	533	981
epiBrainLLM	533	985
epiBrainLLM	534	985
epiBrainLLM	534	988
epiBrainLLM	537	988
epiBrainLLM	537	990
epiBrainLLM	538	990
epiBrainLLM	538	991
epiBrainLLM	542	991
epiBrainLLM	542	993
epiBrainLLM	545	993
epiBrainLLM	545	994
epiBrainLLM	547	994
epiBrainLLM	547	996
epiBrainLLM	548	996
epiBrainLLM	548	1000
epiBrainLLM	552	1000
epiBrainLLM	552	1008
epiBrainLLM	553	1008
epiBrainLLM	553	1009
epiBrainLLM	555	1009
epiBrainLLM	555	1011
epiBrainLLM	557	1011
epiBrainLLM	557	1013
epiBrainLLM	562	1013
epiBrainLLM	562	1016
epiBrainLLM	563	1016
epiBrainLLM	563	1018
epiBrainLLM	564	1018
epiBrainLLM	564	1020
epiBrainLLM	565	1020
epiBrainLLM	565	1023
epiBrainLLM	567	1023
epiBrainLLM	567	1024
epiBrainLLM	570	1024
epiBrainLLM	570	1026
epiBrainLLM	571	1026
epiBrainLLM	571	1027
epiBrainLLM	573	1027
epiBrainLLM	573	1030
epiBrainLLM	574	1030
epiBrainLLM	574	1034
epiBrainLLM	575	1034
epiBrainLLM	575	1036
epiBrainLLM	576	1036
epiBrainLLM	576	1039
epiBrainLLM	577	1039
epiBrainLLM	577	1041
epiBrainLLM	579	1041
epiBrainLLM	579	1043
epiBrainLLM	581	1043
epiBrainLLM	581	1044
epiBrainLLM	582	1044
epiBrainLLM	582	1048
epiBrainLLM	588	1048
epiBrainLLM	588	1052
epiBrainLLM	590	1052
epiBrainLLM	590	1053
epiBrainLLM	591	1053
epiBrainLLM	591	1054
epiBrainLLM	592	1054
epiBrainLLM	592	1058
epiBrainLLM	594	1058
epiBrainLLM	594	1060
epiBrainLLM	596	1060
epiBrainLLM	596	1062
epiBrainLLM	597	1062
epiBrainLLM	597	1065
epiBrainLLM	598	1065
epiBrainLLM	598	1069
epiBrainLLM	599	1069
epiBrainLLM	599	1071
epiBrainLLM	602	1071
epiBrainLLM	602	1074
epiBrainLLM	604	1074
epiBrainLLM	604	1075
epiBrainLLM	606	1075
epiBrainLLM	606	1077
epiBrainLLM	608	1077
epiBrainLLM	608	1079
epiBrainLLM	609	1079
epiBrainLLM	609	1080
epiBrainLLM	611	1080
epiBrainLLM	611	1081
epiBrainLLM	612	1081
epiBrainLLM	612	1083
epiBrainLLM	613	1083
epiBrainLLM	613	1086
epiBrainLLM	614	1086
epiBrainLLM	614	1087
epiBrainLLM	615	1087
epiBrainLLM	615	1090
epiBrainLLM	616	1090
epiBrainLLM	616	1092
epiBrainLLM	617	1092
epiBrainLLM	617	1093
epiBrainLLM	620	1093
epiBrainLLM	620	1095
epiBrainLLM	621	1095
epiBrainLLM	621	1096
epiBrainLLM	623	1096
epiBrainLLM	623	1097
epiBrainLLM	626	1097
epiBrainLLM	626	1098
epiBrainLLM	627	1098
epiBrainLLM	627	1101
epiBrainLLM	629	1101
epiBrainLLM	629	1103
epiBrainLLM	630	1103
epiBrainLLM	630	1106
epiBrainLLM	634	1106
epiBrainLLM	634	1108
epiBrainLLM	635	1108
epiBrainLLM	635	1109
epiBrainLLM	636	1109
epiBrainLLM	636	1111
epiBrainLLM	638	1111
epiBrainLLM	638	1112
epiBrainLLM	641	1112
epiBrainLLM	641	1114
epiBrainLLM	642	1114
epiBrainLLM	642	1116
epiBrainLLM	645	1116
epiBrainLLM	645	1117
epiBrainLLM	646	1117
epiBrainLLM	646	1120
epiBrainLLM	647	1120
epiBrainLLM	647	1122
epiBrainLLM	648	1122
epiBrainLLM	648	1124
epiBrainLLM	649	1124
epiBrainLLM	649	1126
epiBrainLLM	651	1126
epiBrainLLM	651	1128
epiBrainLLM	652	1128
epiBrainLLM	652	1131
epiBrainLLM	653	1131
epiBrainLLM	653	1132
epiBrainLLM	657	1132
epiBrainLLM	657	1134
epiBrainLLM	658	1134
epiBrainLLM	658	1140
epiBrainLLM	659	1140
epiBrainLLM	659	1142
epiBrainLLM	660	1142
epiBrainLLM	660	1145
epiBrainLLM	661	1145
epiBrainLLM	661	1146
epiBrainLLM	663	1146
epiBrainLLM	663	1147
epiBrainLLM	664	1147
epiBrainLLM	664	1149
epiBrainLLM	666	1149
epiBrainLLM	666	1150
epiBrainLLM	667	1150
epiBrainLLM	667	1151
epiBrainLLM	671	1151
epiBrainLLM	671	1156
epiBrainLLM	675	1156
epiBrainLLM	675	1158
epiBrainLLM	678	1158
epiBrainLLM	678	1162
epiBrainLLM	680	1162
epiBrainLLM	680	1166
epiBrainLLM	682	1166
epiBrainLLM	682	1168
epiBrainLLM	683	1168
epiBrainLLM	683	1171
epiBrainLLM	684	1171
epiBrainLLM	684	1172
epiBrainLLM	685	1172
epiBrainLLM	685	1173
epiBrainLLM	687	1173
epiBrainLLM	687	1174
epiBrainLLM	688	1174
epiBrainLLM	688	1176
epiBrainLLM	689	1176
epiBrainLLM	689	1177
epiBrainLLM	691	1177
epiBrainLLM	691	1181
epiBrainLLM	693	1181
epiBrainLLM	693	1182
epiBrainLLM	695	1182
epiBrainLLM	695	1184
epiBrainLLM	696	1184
epiBrainLLM	696	1185
epiBrainLLM	699	1185
epiBrainLLM	699	1186
epiBrainLLM	705	1186
epiBrainLLM	705	1187
epiBrainLLM	707	1187
epiBrainLLM	707	1190
epiBrainLLM	708	1190
epiBrainLLM	708	1195
epiBrainLLM	710	1195
epiBrainLLM	710	1198
epiBrainLLM	711	1198
epiBrainLLM	711	1199
epiBrainLLM	712	1199
epiBrainLLM	712	1201
epiBrainLLM	713	1201
epiBrainLLM	713	1204
epiBrainLLM	715	1204
epiBrainLLM	715	1207
epiBrainLLM	716	1207
epiBrainLLM	716	1208
epiBrainLLM	719	1208
epiBrainLLM	719	1222
epiBrainLLM	721	1222
epiBrainLLM	721	1223
epiBrainLLM	723	1223
epiBrainLLM	723	1227
epiBrainLLM	724	1227
epiBrainLLM	724	1228
epiBrainLLM	725	1228
epiBrainLLM	725	1229
epiBrainLLM	726	1229
epiBrainLLM	726	1230
epiBrainLLM	728	1230
epiBrainLLM	728	1231
epiBrainLLM	729	1231
epiBrainLLM	729	1232
epiBrainLLM	733	1232
epiBrainLLM	733	1233
epiBrainLLM	736	1233
epiBrainLLM	736	1234
epiBrainLLM	738	1234
epiBrainLLM	738	1240
epiBrainLLM	739	1240
epiBrainLLM	739	1246
epiBrainLLM	740	1246
epiBrainLLM	740	1247
epiBrainLLM	742	1247
epiBrainLLM	742	1251
epiBrainLLM	743	1251
epiBrainLLM	743	1252
epiBrainLLM	750	1252
epiBrainLLM	750	1254
epiBrainLLM	753	1254
epiBrainLLM	753	1255
epiBrainLLM	754	1255
epiBrainLLM	754	1258
epiBrainLLM	755	1258
epiBrainLLM	755	1260
epiBrainLLM	756	1260
epiBrainLLM	756	1261
epiBrainLLM	759	1261
epiBrainLLM	759	1266
epiBrainLLM	762	1266
epiBrainLLM	762	1269
epiBrainLLM	765	1269
epiBrainLLM	765	1270
epiBrainLLM	767	1270
epiBrainLLM	767	1272
epiBrainLLM	770	1272
epiBrainLLM	770	1276
epiBrainLLM	774	1276
epiBrainLLM	774	1280
epiBrainLLM	779	1280
epiBrainLLM	779	1282
epiBrainLLM	781	1282
epiBrainLLM	781	1283
epiBrainLLM	783	1283
epiBrainLLM	783	1287
epiBrainLLM	785	1287
epiBrainLLM	785	1288
epiBrainLLM	786	1288
epiBrainLLM	786	1291
epiBrainLLM	787	1291
epiBrainLLM	787	1293
epiBrainLLM	788	1293
epiBrainLLM	788	1294
epiBrainLLM	789	1294
epiBrainLLM	789	1295
epiBrainLLM	790	1295
epiBrainLLM	790	1296
epiBrainLLM	791	1296
epiBrainLLM	791	1299
epiBrainLLM	792	1299
epiBrainLLM	792	1300
epiBrainLLM	793	1300
epiBrainLLM	793	1301
epiBrainLLM	798	1301
epiBrainLLM	798	1302
epiBrainLLM	799	1302
epiBrainLLM	799	1304
epiBrainLLM	802	1304
epiBrainLLM	802	1310
epiBrainLLM	804	1310
epiBrainLLM	804	1312
epiBrainLLM	808	1312
epiBrainLLM	808	1313
epiBrainLLM	810	1313
epiBrainLLM	810	1314
epiBrainLLM	813	1314
epiBrainLLM	813	1317
epiBrainLLM	814	1317
epiBrainLLM	814	1318
epiBrainLLM	818	1318
epiBrainLLM	818	1319
epiBrainLLM	819	1319
epiBrainLLM	819	1324
epiBrainLLM	820	1324
epiBrainLLM	820	1327
epiBrainLLM	821	1327
epiBrainLLM	821	1328
epiBrainLLM	824	1328
epiBrainLLM	824	1330
epiBrainLLM	826	1330
epiBrainLLM	826	1331
epiBrainLLM	831	1331
epiBrainLLM	831	1335
epiBrainLLM	832	1335
epiBrainLLM	832	1336
epiBrainLLM	835	1336
epiBrainLLM	835	1337
epiBrainLLM	839	1337
epiBrainLLM	839	1339
epiBrainLLM	842	1339
epiBrainLLM	842	1342
epiBrainLLM	844	1342
epiBrainLLM	844	1345
epiBrainLLM	845	1345
epiBrainLLM	845	1346
epiBrainLLM	846	1346
epiBrainLLM	846	1353
epiBrainLLM	847	1353
epiBrainLLM	847	1356
epiBrainLLM	851	1356
epiBrainLLM	851	1357
epiBrainLLM	854	1357
epiBrainLLM	854	1358
epiBrainLLM	856	1358
epiBrainLLM	856	1359
epiBrainLLM	858	1359
epiBrainLLM	858	1361
epiBrainLLM	860	1361
epiBrainLLM	860	1362
epiBrainLLM	862	1362
epiBrainLLM	862	1364
epiBrainLLM	864	1364
epiBrainLLM	864	1366
epiBrainLLM	866	1366
epiBrainLLM	866	1367
epiBrainLLM	871	1367
epiBrainLLM	871	1370
epiBrainLLM	873	1370
epiBrainLLM	873	1371
epiBrainLLM	875	1371
epiBrainLLM	875	1375
epiBrainLLM	876	1375
epiBrainLLM	876	1376
epiBrainLLM	877	1376
epiBrainLLM	877	1378
epiBrainLLM	878	1378
epiBrainLLM	878	1379
epiBrainLLM	879	1379
epiBrainLLM	879	1381
epiBrainLLM	881	1381
epiBrainLLM	881	1383
epiBrainLLM	883	1383
epiBrainLLM	883	1387
epiBrainLLM	884	1387
epiBrainLLM	884	1388
epiBrainLLM	885	1388
epiBrainLLM	885	1389
epiBrainLLM	886	1389
epiBrainLLM	886	1390
epiBrainLLM	889	1390
epiBrainLLM	889	1393
epiBrainLLM	892	1393
epiBrainLLM	892	1394
epiBrainLLM	893	1394
epiBrainLLM	893	1396
epiBrainLLM	896	1396
epiBrainLLM	896	1398
epiBrainLLM	897	1398
epiBrainLLM	897	1400
epiBrainLLM	900	1400
epiBrainLLM	900	1401
epiBrainLLM	902	1401
epiBrainLLM	902	1403
epiBrainLLM	903	1403
epiBrainLLM	903	1404
epiBrainLLM	905	1404
epiBrainLLM	905	1408
epiBrainLLM	907	1408
epiBrainLLM	907	1411
epiBrainLLM	910	1411
epiBrainLLM	910	1416
epiBrainLLM	912	1416
epiBrainLLM	912	1417
epiBrainLLM	914	1417
epiBrainLLM	914	1420
epiBrainLLM	915	1420
epiBrainLLM	915	1422
epiBrainLLM	918	1422
epiBrainLLM	918	1423
epiBrainLLM	921	1423
epiBrainLLM	921	1426
epiBrainLLM	922	1426
epiBrainLLM	922	1429
epiBrainLLM	923	1429
epiBrainLLM	923	1430
epiBrainLLM	924	1430
epiBrainLLM	924	1432
epiBrainLLM	926	1432
epiBrainLLM	926	1433
epiBrainLLM	927	1433
epiBrainLLM	927	1438
epiBrainLLM	928	1438
epiBrainLLM	928	1440
epiBrainLLM	929	1440
epiBrainLLM	929	1443
epiBrainLLM	933	1443
epiBrainLLM	933	1445
epiBrainLLM	935	1445
epiBrainLLM	935	1447
epiBrainLLM	936	1447
epiBrainLLM	936	1449
epiBrainLLM	937	1449
epiBrainLLM	937	1450
epiBrainLLM	938	1450
epiBrainLLM	938	1451
epiBrainLLM	939	1451
epiBrainLLM	939	1453
epiBrainLLM	942	1453
epiBrainLLM	942	1456
epiBrainLLM	943	1456
epiBrainLLM	943	1457
epiBrainLLM	944	1457
epiBrainLLM	944	1458
epiBrainLLM	945	1458
epiBrainLLM	945	1459
epiBrainLLM	946	1459
epiBrainLLM	946	1462
epiBrainLLM	947	1462
epiBrainLLM	947	1464
epiBrainLLM	950	1464
epiBrainLLM	950	1465
epiBrainLLM	954	1465
epiBrainLLM	954	1466
epiBrainLLM	955	1466
epiBrainLLM	955	1467
epiBrainLLM	957	1467
epiBrainLLM	957	1468
epiBrainLLM	958	1468
epiBrainLLM	958	1472
epiBrainLLM	959	1472
epiBrainLLM	959	1473
epiBrainLLM	960	1473
epiBrainLLM	960	1475
epiBrainLLM	963	1475
epiBrainLLM	963	1476
epiBrainLLM	967	1476
epiBrainLLM	967	1478
epiBrainLLM	968	1478
epiBrainLLM	968	1480
epiBrainLLM	969	1480
epiBrainLLM	969	1485
epiBrainLLM	970	1485
epiBrainLLM	970	1487
epiBrainLLM	971	1487
epiBrainLLM	971	1488
epiBrainLLM	972	1488
epiBrainLLM	972	1490
epiBrainLLM	976	1490
epiBrainLLM	976	1492
epiBrainLLM	977	1492
epiBrainLLM	977	1494
epiBrainLLM	978	1494
epiBrainLLM	978	1495
epiBrainLLM	979	1495
epiBrainLLM	979	1496
epiBrainLLM	980	1496
epiBrainLLM	980	1497
epiBrainLLM	982	1497
epiBrainLLM	982	1501
epiBrainLLM	983	1501
epiBrainLLM	983	1502
epiBrainLLM	985	1502
epiBrainLLM	985	1503
epiBrainLLM	986	1503
epiBrainLLM	986	1504
epiBrainLLM	988	1504
epiBrainLLM	988	1508
epiBrainLLM	989	1508
epiBrainLLM	989	1509
epiBrainLLM	990	1509
epiBrainLLM	990	1511
epiBrainLLM	993	1511
epiBrainLLM	993	1513
epiBrainLLM	997	1513
epiBrainLLM	997	1515
epiBrainLLM	998	1515
epiBrainLLM	998	1516
epiBrainLLM	1003	1516
epiBrainLLM	1003	1517
epiBrainLLM	1004	1517
epiBrainLLM	1004	1518
epiBrainLLM	1006	1518
epiBrainLLM	1006	1519
epiBrainLLM	1008	1519
epiBrainLLM	1008	1520
epiBrainLLM	1009	1520
epiBrainLLM	1009	1524
epiBrainLLM	1010	1524
epiBrainLLM	1010	1526
epiBrainLLM	1011	1526
epiBrainLLM	1011	1527
epiBrainLLM	1014	1527
epiBrainLLM	1014	1528
epiBrainLLM	1015	1528
epiBrainLLM	1015	1530
epiBrainLLM	1017	1530
epiBrainLLM	1017	1531
epiBrainLLM	1018	1531
epiBrainLLM	1018	1533
epiBrainLLM	1020	1533
epiBrainLLM	1020	1534
epiBrainLLM	1021	1534
epiBrainLLM	1021	1536
epiBrainLLM	1022	1536
epiBrainLLM	1022	1537
epiBrainLLM	1027	1537
epiBrainLLM	1027	1539
epiBrainLLM	1029	1539
epiBrainLLM	1029	1541
epiBrainLLM	1033	1541
epiBrainLLM	1033	1542
epiBrainLLM	1034	1542
epiBrainLLM	1034	1543
epiBrainLLM	1037	1543
epiBrainLLM	1037	1547
epiBrainLLM	1038	1547
epiBrainLLM	1038	1548
epiBrainLLM	1041	1548
epiBrainLLM	1041	1549
epiBrainLLM	1042	1549
epiBrainLLM	1042	1550
epiBrainLLM	1044	1550
epiBrainLLM	1044	1554
epiBrainLLM	1046	1554
epiBrainLLM	1046	1555
epiBrainLLM	1048	1555
epiBrainLLM	1048	1557
epiBrainLLM	1050	1557
epiBrainLLM	1050	1558
epiBrainLLM	1053	1558
epiBrainLLM	1053	1561
epiBrainLLM	1054	1561
epiBrainLLM	1054	1565
epiBrainLLM	1056	1565
epiBrainLLM	1056	1568
epiBrainLLM	1060	1568
epiBrainLLM	1060	1573
epiBrainLLM	1061	1573
epiBrainLLM	1061	1574
epiBrainLLM	1062	1574
epiBrainLLM	1062	1576
epiBrainLLM	1063	1576
epiBrainLLM	1063	1577
epiBrainLLM	1064	1577
epiBrainLLM	1064	1578
epiBrainLLM	1066	1578
epiBrainLLM	1066	1580
epiBrainLLM	1068	1580
epiBrainLLM	1068	1582
epiBrainLLM	1069	1582
epiBrainLLM	1069	1583
epiBrainLLM	1071	1583
epiBrainLLM	1071	1585
epiBrainLLM	1072	1585
epiBrainLLM	1072	1586
epiBrainLLM	1073	1586
epiBrainLLM	1073	1588
epiBrainLLM	1077	1588
epiBrainLLM	1077	1589
epiBrainLLM	1081	1589
epiBrainLLM	1081	1591
epiBrainLLM	1082	1591
epiBrainLLM	1082	1593
epiBrainLLM	1084	1593
epiBrainLLM	1084	1594
epiBrainLLM	1085	1594
epiBrainLLM	1085	1597
epiBrainLLM	1087	1597
epiBrainLLM	1087	1598
epiBrainLLM	1088	1598
epiBrainLLM	1088	1599
epiBrainLLM	1089	1599
epiBrainLLM	1089	1601
epiBrainLLM	1090	1601
epiBrainLLM	1090	1603
epiBrainLLM	1093	1603
epiBrainLLM	1093	1604
epiBrainLLM	1096	1604
epiBrainLLM	1096	1605
epiBrainLLM	1097	1605
epiBrainLLM	1097	1606
epiBrainLLM	1099	1606
epiBrainLLM	1099	1608
epiBrainLLM	1100	1608
epiBrainLLM	1100	1610
epiBrainLLM	1101	1610
epiBrainLLM	1101	1613
epiBrainLLM	1103	1613
epiBrainLLM	1103	1617
epiBrainLLM	1106	1617
epiBrainLLM	1106	1618
epiBrainLLM	1108	1618
epiBrainLLM	1108	1620
epiBrainLLM	1111	1620
epiBrainLLM	1111	1621
epiBrainLLM	1113	1621
epiBrainLLM	1113	1623
epiBrainLLM	1115	1623
epiBrainLLM	1115	1626
epiBrainLLM	1118	1626
epiBrainLLM	1118	1629
epiBrainLLM	1119	1629
epiBrainLLM	1119	1630
epiBrainLLM	1122	1630
epiBrainLLM	1122	1631
epiBrainLLM	1123	1631
epiBrainLLM	1123	1634
epiBrainLLM	1127	1634
epiBrainLLM	1127	1636
epiBrainLLM	1128	1636
epiBrainLLM	1128	1638
epiBrainLLM	1130	1638
epiBrainLLM	1130	1639
epiBrainLLM	1134	1639
epiBrainLLM	1134	1640
epiBrainLLM	1136	1640
epiBrainLLM	1136	1642
epiBrainLLM	1140	1642
epiBrainLLM	1140	1645
epiBrainLLM	1141	1645
epiBrainLLM	1141	1647
epiBrainLLM	1142	1647
epiBrainLLM	1142	1648
epiBrainLLM	1143	1648
epiBrainLLM	1143	1649
epiBrainLLM	1144	1649
epiBrainLLM	1144	1650
epiBrainLLM	1145	1650
epiBrainLLM	1145	1652
epiBrainLLM	1148	1652
epiBrainLLM	1148	1653
epiBrainLLM	1150	1653
epiBrainLLM	1150	1654
epiBrainLLM	1153	1654
epiBrainLLM	1153	1655
epiBrainLLM	1156	1655
epiBrainLLM	1156	1656
epiBrainLLM	1158	1656
epiBrainLLM	1158	1657
epiBrainLLM	1159	1657
epiBrainLLM	1159	1658
epiBrainLLM	1160	1658
epiBrainLLM	1160	1659
epiBrainLLM	1162	1659
epiBrainLLM	1162	1660
epiBrainLLM	1164	1660
epiBrainLLM	1164	1661
epiBrainLLM	1166	1661
epiBrainLLM	1166	1662
epiBrainLLM	1167	1662
epiBrainLLM	1167	1664
epiBrainLLM	1169	1664
epiBrainLLM	1169	1666
epiBrainLLM	1170	1666
epiBrainLLM	1170	1667
epiBrainLLM	1172	1667
epiBrainLLM	1172	1668
epiBrainLLM	1174	1668
epiBrainLLM	1174	1670
epiBrainLLM	1176	1670
epiBrainLLM	1176	1672
epiBrainLLM	1177	1672
epiBrainLLM	1177	1673
epiBrainLLM	1178	1673
epiBrainLLM	1178	1674
epiBrainLLM	1179	1674
epiBrainLLM	1179	1675
epiBrainLLM	1183	1675
epiBrainLLM	1183	1677
epiBrainLLM	1186	1677
epiBrainLLM	1186	1678
epiBrainLLM	1193	1678
epiBrainLLM	1193	1679
epiBrainLLM	1195	1679
epiBrainLLM	1195	1682
epiBrainLLM	1197	1682
epiBrainLLM	1197	1683
epiBrainLLM	1200	1683
epiBrainLLM	1200	1685
epiBrainLLM	1202	1685
epiBrainLLM	1202	1692
epiBrainLLM	1203	1692
epiBrainLLM	1203	1693
epiBrainLLM	1204	1693
epiBrainLLM	1204	1698
epiBrainLLM	1209	1698
epiBrainLLM	1209	1699
epiBrainLLM	1210	1699
epiBrainLLM	1210	1700
epiBrainLLM	1211	1700
epiBrainLLM	1211	1701
epiBrainLLM	1213	1701
epiBrainLLM	1213	1702
epiBrainLLM	1214	1702
epiBrainLLM	1214	1704
epiBrainLLM	1215	1704
epiBrainLLM	1215	1705
epiBrainLLM	1216	1705
epiBrainLLM	1216	1707
epiBrainLLM	1217	1707
epiBrainLLM	1217	1709
epiBrainLLM	1220	1709
epiBrainLLM	1220	1710
epiBrainLLM	1221	1710
epiBrainLLM	1221	1711
epiBrainLLM	1222	1711
epiBrainLLM	1222	1713
epiBrainLLM	1223	1713
epiBrainLLM	1223	1714
epiBrainLLM	1225	1714
epiBrainLLM	1225	1716
epiBrainLLM	1226	1716
epiBrainLLM	1226	1717
epiBrainLLM	1227	1717
epiBrainLLM	1227	1718
epiBrainLLM	1228	1718
epiBrainLLM	1228	1719
epiBrainLLM	1229	1719
epiBrainLLM	1229	1727
epiBrainLLM	1230	1727
epiBrainLLM	1230	1730
epiBrainLLM	1234	1730
epiBrainLLM	1234	1731
epiBrainLLM	1235	1731
epiBrainLLM	1235	1733
epiBrainLLM	1236	1733
epiBrainLLM	1236	1734
epiBrainLLM	1237	1734
epiBrainLLM	1237	1735
epiBrainLLM	1238	1735
epiBrainLLM	1238	1736
epiBrainLLM	1241	1736
epiBrainLLM	1241	1738
epiBrainLLM	1243	1738
epiBrainLLM	1243	1740
epiBrainLLM	1246	1740
epiBrainLLM	1246	1748
epiBrainLLM	1248	1748
epiBrainLLM	1248	1750
epiBrainLLM	1250	1750
epiBrainLLM	1250	1753
epiBrainLLM	1251	1753
epiBrainLLM	1251	1754
epiBrainLLM	1252	1754
epiBrainLLM	1252	1755
epiBrainLLM	1255	1755
epiBrainLLM	1255	1756
epiBrainLLM	1261	1756
epiBrainLLM	1261	1757
epiBrainLLM	1263	1757
epiBrainLLM	1263	1760
epiBrainLLM	1264	1760
epiBrainLLM	1264	1762
epiBrainLLM	1265	1762
epiBrainLLM	1265	1763
epiBrainLLM	1269	1763
epiBrainLLM	1269	1765
epiBrainLLM	1270	1765
epiBrainLLM	1270	1768
epiBrainLLM	1272	1768
epiBrainLLM	1272	1769
epiBrainLLM	1273	1769
epiBrainLLM	1273	1772
epiBrainLLM	1274	1772
epiBrainLLM	1274	1775
epiBrainLLM	1275	1775
epiBrainLLM	1275	1776
epiBrainLLM	1276	1776
epiBrainLLM	1276	1778
epiBrainLLM	1283	1778
epiBrainLLM	1283	1781
epiBrainLLM	1286	1781
epiBrainLLM	1286	1782
epiBrainLLM	1292	1782
epiBrainLLM	1292	1784
epiBrainLLM	1293	1784
epiBrainLLM	1293	1787
epiBrainLLM	1294	1787
epiBrainLLM	1294	1793
epiBrainLLM	1295	1793
epiBrainLLM	1295	1796
epiBrainLLM	1296	1796
epiBrainLLM	1296	1799
epiBrainLLM	1297	1799
epiBrainLLM	1297	1802
epiBrainLLM	1298	1802
epiBrainLLM	1298	1805
epiBrainLLM	1301	1805
epiBrainLLM	1301	1808
epiBrainLLM	1302	1808
epiBrainLLM	1302	1810
epiBrainLLM	1304	1810
epiBrainLLM	1304	1814
epiBrainLLM	1308	1814
epiBrainLLM	1308	1815
epiBrainLLM	1309	1815
epiBrainLLM	1309	1816
epiBrainLLM	1310	1816
epiBrainLLM	1310	1819
epiBrainLLM	1311	1819
epiBrainLLM	1311	1821
epiBrainLLM	1314	1821
epiBrainLLM	1314	1823
epiBrainLLM	1316	1823
epiBrainLLM	1316	1824
epiBrainLLM	1318	1824
epiBrainLLM	1318	1825
epiBrainLLM	1323	1825
epiBrainLLM	1323	1828
epiBrainLLM	1325	1828
epiBrainLLM	1325	1830
epiBrainLLM	1326	1830
epiBrainLLM	1326	1831
epiBrainLLM	1332	1831
epiBrainLLM	1332	1834
epiBrainLLM	1335	1834
epiBrainLLM	1335	1835
epiBrainLLM	1340	1835
epiBrainLLM	1340	1836
epiBrainLLM	1343	1836
epiBrainLLM	1343	1839
epiBrainLLM	1345	1839
epiBrainLLM	1345	1841
epiBrainLLM	1346	1841
epiBrainLLM	1346	1842
epiBrainLLM	1347	1842
epiBrainLLM	1347	1843
epiBrainLLM	1349	1843
epiBrainLLM	1349	1847
epiBrainLLM	1355	1847
epiBrainLLM	1355	1850
epiBrainLLM	1356	1850
epiBrainLLM	1356	1854
epiBrainLLM	1357	1854
epiBrainLLM	1357	1857
epiBrainLLM	1359	1857
epiBrainLLM	1359	1858
epiBrainLLM	1360	1858
epiBrainLLM	1360	1859
epiBrainLLM	1362	1859
epiBrainLLM	1362	1862
epiBrainLLM	1365	1862
epiBrainLLM	1365	1864
epiBrainLLM	1367	1864
epiBrainLLM	1367	1865
epiBrainLLM	1373	1865
epiBrainLLM	1373	1867
epiBrainLLM	1374	1867
epiBrainLLM	1374	1870
epiBrainLLM	1378	1870
epiBrainLLM	1378	1871
epiBrainLLM	1380	1871
epiBrainLLM	1380	1872
epiBrainLLM	1381	1872
epiBrainLLM	1381	1873
epiBrainLLM	1386	1873
epiBrainLLM	1386	1874
epiBrainLLM	1387	1874
epiBrainLLM	1387	1875
epiBrainLLM	1388	1875
epiBrainLLM	1388	1878
epiBrainLLM	1390	1878
epiBrainLLM	1390	1879
epiBrainLLM	1391	1879
epiBrainLLM	1391	1883
epiBrainLLM	1392	1883
epiBrainLLM	1392	1886
epiBrainLLM	1394	1886
epiBrainLLM	1394	1888
epiBrainLLM	1395	1888
epiBrainLLM	1395	1889
epiBrainLLM	1397	1889
epiBrainLLM	1397	1890
epiBrainLLM	1398	1890
epiBrainLLM	1398	1896
epiBrainLLM	1399	1896
epiBrainLLM	1399	1897
epiBrainLLM	1400	1897
epiBrainLLM	1400	1898
epiBrainLLM	1401	1898
epiBrainLLM	1401	1899
epiBrainLLM	1402	1899
epiBrainLLM	1402	1900
epiBrainLLM	1406	1900
epiBrainLLM	1406	1901
epiBrainLLM	1407	1901
epiBrainLLM	1407	1902
epiBrainLLM	1412	1902
epiBrainLLM	1412	1903
epiBrainLLM	1413	1903
epiBrainLLM	1413	1907
epiBrainLLM	1415	1907
epiBrainLLM	1415	1908
epiBrainLLM	1420	1908
epiBrainLLM	1420	1911
epiBrainLLM	1422	1911
epiBrainLLM	1422	1912
epiBrainLLM	1424	1912
epiBrainLLM	1424	1914
epiBrainLLM	1425	1914
epiBrainLLM	1425	1915
epiBrainLLM	1426	1915
epiBrainLLM	1426	1917
epiBrainLLM	1429	1917
epiBrainLLM	1429	1918
epiBrainLLM	1430	1918
epiBrainLLM	1430	1919
epiBrainLLM	1434	1919
epiBrainLLM	1434	1920
epiBrainLLM	1437	1920
epiBrainLLM	1437	1921
epiBrainLLM	1440	1921
epiBrainLLM	1440	1922
epiBrainLLM	1443	1922
epiBrainLLM	1443	1923
epiBrainLLM	1447	1923
epiBrainLLM	1447	1924
epiBrainLLM	1448	1924
epiBrainLLM	1448	1928
epiBrainLLM	1449	1928
epiBrainLLM	1449	1932
epiBrainLLM	1451	1932
epiBrainLLM	1451	1943
epiBrainLLM	1452	1943
epiBrainLLM	1452	1944
epiBrainLLM	1454	1944
epiBrainLLM	1454	1945
epiBrainLLM	1455	1945
epiBrainLLM	1455	1946
epiBrainLLM	1460	1946
epiBrainLLM	1460	1947
epiBrainLLM	1462	1947
epiBrainLLM	1462	1949
epiBrainLLM	1465	1949
epiBrainLLM	1465	1950
epiBrainLLM	1469	1950
epiBrainLLM	1469	1951
epiBrainLLM	1470	1951
epiBrainLLM	1470	1954
epiBrainLLM	1480	1954
epiBrainLLM	1480	1959
epiBrainLLM	1481	1959
epiBrainLLM	1481	1960
epiBrainLLM	1484	1960
epiBrainLLM	1484	1966
epiBrainLLM	1485	1966
epiBrainLLM	1485	1967
epiBrainLLM	1488	1967
epiBrainLLM	1488	1969
epiBrainLLM	1490	1969
epiBrainLLM	1490	1974
epiBrainLLM	1492	1974
epiBrainLLM	1492	1978
epiBrainLLM	1493	1978
epiBrainLLM	1493	1981
epiBrainLLM	1494	1981
epiBrainLLM	1494	1983
epiBrainLLM	1495	1983
epiBrainLLM	1495	1984
epiBrainLLM	1498	1984
epiBrainLLM	1498	1985
epiBrainLLM	1502	1985
epiBrainLLM	1502	1986
epiBrainLLM	1504	1986
epiBrainLLM	1504	1988
epiBrainLLM	1505	1988
epiBrainLLM	1505	1990
epiBrainLLM	1507	1990
epiBrainLLM	1507	1991
epiBrainLLM	1508	1991
epiBrainLLM	1508	1992
epiBrainLLM	1509	1992
epiBrainLLM	1509	1994
epiBrainLLM	1516	1994
epiBrainLLM	1516	2000
epiBrainLLM	1518	2000
epiBrainLLM	1518	2003
epiBrainLLM	1521	2003
epiBrainLLM	1521	2004
epiBrainLLM	1524	2004
epiBrainLLM	1524	2006
epiBrainLLM	1527	2006
epiBrainLLM	1527	2008
epiBrainLLM	1529	2008
epiBrainLLM	1529	2010
epiBrainLLM	1530	2010
epiBrainLLM	1530	2013
epiBrainLLM	1533	2013
epiBrainLLM	1533	2014
epiBrainLLM	1534	2014
epiBrainLLM	1534	2015
epiBrainLLM	1536	2015
epiBrainLLM	1536	2016
epiBrainLLM	1538	2016
epiBrainLLM	1538	2017
epiBrainLLM	1541	2017
epiBrainLLM	1541	2019
epiBrainLLM	1542	2019
epiBrainLLM	1542	2021
epiBrainLLM	1543	2021
epiBrainLLM	1543	2022
epiBrainLLM	1544	2022
epiBrainLLM	1544	2023
epiBrainLLM	1546	2023
epiBrainLLM	1546	2025
epiBrainLLM	1550	2025
epiBrainLLM	1550	2028
epiBrainLLM	1556	2028
epiBrainLLM	1556	2029
epiBrainLLM	1558	2029
epiBrainLLM	1558	2034
epiBrainLLM	1561	2034
epiBrainLLM	1561	2035
epiBrainLLM	1562	2035
epiBrainLLM	1562	2037
epiBrainLLM	1564	2037
epiBrainLLM	1564	2039
epiBrainLLM	1566	2039
epiBrainLLM	1566	2040
epiBrainLLM	1568	2040
epiBrainLLM	1568	2041
epiBrainLLM	1570	2041
epiBrainLLM	1570	2042
epiBrainLLM	1571	2042
epiBrainLLM	1571	2046
epiBrainLLM	1580	2046
epiBrainLLM	1580	2047
epiBrainLLM	1581	2047
epiBrainLLM	1581	2052
epiBrainLLM	1584	2052
epiBrainLLM	1584	2058
epiBrainLLM	1585	2058
epiBrainLLM	1585	2059
epiBrainLLM	1587	2059
epiBrainLLM	1587	2060
epiBrainLLM	1588	2060
epiBrainLLM	1588	2061
epiBrainLLM	1592	2061
epiBrainLLM	1592	2068
epiBrainLLM	1593	2068
epiBrainLLM	1593	2069
epiBrainLLM	1594	2069
epiBrainLLM	1594	2071
epiBrainLLM	1595	2071
epiBrainLLM	1595	2072
epiBrainLLM	1597	2072
epiBrainLLM	1597	2073
epiBrainLLM	1598	2073
epiBrainLLM	1598	2074
epiBrainLLM	1601	2074
epiBrainLLM	1601	2075
epiBrainLLM	1605	2075
epiBrainLLM	1605	2076
epiBrainLLM	1608	2076
epiBrainLLM	1608	2078
epiBrainLLM	1611	2078
epiBrainLLM	1611	2082
epiBrainLLM	1615	2082
epiBrainLLM	1615	2083
epiBrainLLM	1617	2083
epiBrainLLM	1617	2084
epiBrainLLM	1624	2084
epiBrainLLM	1624	2085
epiBrainLLM	1625	2085
epiBrainLLM	1625	2087
epiBrainLLM	1626	2087
epiBrainLLM	1626	2088
epiBrainLLM	1629	2088
epiBrainLLM	1629	2090
epiBrainLLM	1632	2090
epiBrainLLM	1632	2092
epiBrainLLM	1633	2092
epiBrainLLM	1633	2096
epiBrainLLM	1637	2096
epiBrainLLM	1637	2099
epiBrainLLM	1639	2099
epiBrainLLM	1639	2100
epiBrainLLM	1640	2100
epiBrainLLM	1640	2101
epiBrainLLM	1643	2101
epiBrainLLM	1643	2102
epiBrainLLM	1645	2102
epiBrainLLM	1645	2103
epiBrainLLM	1650	2103
epiBrainLLM	1650	2104
epiBrainLLM	1652	2104
epiBrainLLM	1652	2105
epiBrainLLM	1656	2105
epiBrainLLM	1656	2106
epiBrainLLM	1668	2106
epiBrainLLM	1668	2107
epiBrainLLM	1670	2107
epiBrainLLM	1670	2108
epiBrainLLM	1671	2108
epiBrainLLM	1671	2109
epiBrainLLM	1672	2109
epiBrainLLM	1672	2112
epiBrainLLM	1689	2112
epiBrainLLM	1689	2115
epiBrainLLM	1692	2115
epiBrainLLM	1692	2116
epiBrainLLM	1693	2116
epiBrainLLM	1693	2117
epiBrainLLM	1694	2117
epiBrainLLM	1694	2118
epiBrainLLM	1695	2118
epiBrainLLM	1695	2120
epiBrainLLM	1696	2120
epiBrainLLM	1696	2121
epiBrainLLM	1698	2121
epiBrainLLM	1698	2123
epiBrainLLM	1699	2123
epiBrainLLM	1699	2124
epiBrainLLM	1701	2124
epiBrainLLM	1701	2125
epiBrainLLM	1702	2125
epiBrainLLM	1702	2127
epiBrainLLM	1703	2127
epiBrainLLM	1703	2128
epiBrainLLM	1706	2128
epiBrainLLM	1706	2129
epiBrainLLM	1708	2129
epiBrainLLM	1708	2130
epiBrainLLM	1709	2130
epiBrainLLM	1709	2132
epiBrainLLM	1710	2132
epiBrainLLM	1710	2133
epiBrainLLM	1712	2133
epiBrainLLM	1712	2135
epiBrainLLM	1719	2135
epiBrainLLM	1719	2137
epiBrainLLM	1720	2137
epiBrainLLM	1720	2139
epiBrainLLM	1721	2139
epiBrainLLM	1721	2140
epiBrainLLM	1723	2140
epiBrainLLM	1723	2141
epiBrainLLM	1724	2141
epiBrainLLM	1724	2142
epiBrainLLM	1725	2142
epiBrainLLM	1725	2143
epiBrainLLM	1727	2143
epiBrainLLM	1727	2144
epiBrainLLM	1733	2144
epiBrainLLM	1733	2145
epiBrainLLM	1739	2145
epiBrainLLM	1739	2147
epiBrainLLM	1741	2147
epiBrainLLM	1741	2148
epiBrainLLM	1742	2148
epiBrainLLM	1742	2150
epiBrainLLM	1743	2150
epiBrainLLM	1743	2151
epiBrainLLM	1744	2151
epiBrainLLM	1744	2155
epiBrainLLM	1745	2155
epiBrainLLM	1745	2156
epiBrainLLM	1749	2156
epiBrainLLM	1749	2161
epiBrainLLM	1750	2161
epiBrainLLM	1750	2166
epiBrainLLM	1753	2166
epiBrainLLM	1753	2167
epiBrainLLM	1754	2167
epiBrainLLM	1754	2168
epiBrainLLM	1755	2168
epiBrainLLM	1755	2169
epiBrainLLM	1757	2169
epiBrainLLM	1757	2172
epiBrainLLM	1758	2172
epiBrainLLM	1758	2173
epiBrainLLM	1760	2173
epiBrainLLM	1760	2174
epiBrainLLM	1761	2174
epiBrainLLM	1761	2175
epiBrainLLM	1763	2175
epiBrainLLM	1763	2177
epiBrainLLM	1769	2177
epiBrainLLM	1769	2178
epiBrainLLM	1770	2178
epiBrainLLM	1770	2179
epiBrainLLM	1772	2179
epiBrainLLM	1772	2180
epiBrainLLM	1773	2180
epiBrainLLM	1773	2181
epiBrainLLM	1774	2181
epiBrainLLM	1774	2182
epiBrainLLM	1776	2182
epiBrainLLM	1776	2183
epiBrainLLM	1777	2183
epiBrainLLM	1777	2184
epiBrainLLM	1781	2184
epiBrainLLM	1781	2185
epiBrainLLM	1783	2185
epiBrainLLM	1783	2186
epiBrainLLM	1786	2186
epiBrainLLM	1786	2190
epiBrainLLM	1791	2190
epiBrainLLM	1791	2191
epiBrainLLM	1793	2191
epiBrainLLM	1793	2194
epiBrainLLM	1794	2194
epiBrainLLM	1794	2197
epiBrainLLM	1797	2197
epiBrainLLM	1797	2199
epiBrainLLM	1799	2199
epiBrainLLM	1799	2201
epiBrainLLM	1800	2201
epiBrainLLM	1800	2203
epiBrainLLM	1801	2203
epiBrainLLM	1801	2204
epiBrainLLM	1802	2204
epiBrainLLM	1802	2205
epiBrainLLM	1805	2205
epiBrainLLM	1805	2208
epiBrainLLM	1808	2208
epiBrainLLM	1808	2209
epiBrainLLM	1813	2209
epiBrainLLM	1813	2210
epiBrainLLM	1814	2210
epiBrainLLM	1814	2211
epiBrainLLM	1815	2211
epiBrainLLM	1815	2213
epiBrainLLM	1816	2213
epiBrainLLM	1816	2214
epiBrainLLM	1817	2214
epiBrainLLM	1817	2216
epiBrainLLM	1819	2216
epiBrainLLM	1819	2218
epiBrainLLM	1820	2218
epiBrainLLM	1820	2219
epiBrainLLM	1822	2219
epiBrainLLM	1822	2220
epiBrainLLM	1823	2220
epiBrainLLM	1823	2222
epiBrainLLM	1828	2222
epiBrainLLM	1828	2223
epiBrainLLM	1833	2223
epiBrainLLM	1833	2225
epiBrainLLM	1838	2225
epiBrainLLM	1838	2227
epiBrainLLM	1840	2227
epiBrainLLM	1840	2229
epiBrainLLM	1843	2229
epiBrainLLM	1843	2230
epiBrainLLM	1846	2230
epiBrainLLM	1846	2231
epiBrainLLM	1849	2231
epiBrainLLM	1849	2237
epiBrainLLM	1850	2237
epiBrainLLM	1850	2239
epiBrainLLM	1851	2239
epiBrainLLM	1851	2241
epiBrainLLM	1852	2241
epiBrainLLM	1852	2242
epiBrainLLM	1853	2242
epiBrainLLM	1853	2243
epiBrainLLM	1854	2243
epiBrainLLM	1854	2245
epiBrainLLM	1855	2245
epiBrainLLM	1855	2246
epiBrainLLM	1857	2246
epiBrainLLM	1857	2247
epiBrainLLM	1858	2247
epiBrainLLM	1858	2248
epiBrainLLM	1861	2248
epiBrainLLM	1861	2250
epiBrainLLM	1863	2250
epiBrainLLM	1863	2252
epiBrainLLM	1865	2252
epiBrainLLM	1865	2253
epiBrainLLM	1866	2253
epiBrainLLM	1866	2254
epiBrainLLM	1867	2254
epiBrainLLM	1867	2256
epiBrainLLM	1869	2256
epiBrainLLM	1869	2257
epiBrainLLM	1870	2257
epiBrainLLM	1870	2259
epiBrainLLM	1871	2259
epiBrainLLM	1871	2261
epiBrainLLM	1874	2261
epiBrainLLM	1874	2262
epiBrainLLM	1877	2262
epiBrainLLM	1877	2263
epiBrainLLM	1878	2263
epiBrainLLM	1878	2264
epiBrainLLM	1879	2264
epiBrainLLM	1879	2266
epiBrainLLM	1880	2266
epiBrainLLM	1880	2267
epiBrainLLM	1883	2267
epiBrainLLM	1883	2269
epiBrainLLM	1889	2269
epiBrainLLM	1889	2271
epiBrainLLM	1890	2271
epiBrainLLM	1890	2275
epiBrainLLM	1891	2275
epiBrainLLM	1891	2277
epiBrainLLM	1893	2277
epiBrainLLM	1893	2279
epiBrainLLM	1894	2279
epiBrainLLM	1894	2282
epiBrainLLM	1895	2282
epiBrainLLM	1895	2285
epiBrainLLM	1898	2285
epiBrainLLM	1898	2292
epiBrainLLM	1906	2292
epiBrainLLM	1906	2295
epiBrainLLM	1907	2295
epiBrainLLM	1907	2296
epiBrainLLM	1914	2296
epiBrainLLM	1914	2298
epiBrainLLM	1916	2298
epiBrainLLM	1916	2299
epiBrainLLM	1922	2299
epiBrainLLM	1922	2301
epiBrainLLM	1923	2301
epiBrainLLM	1923	2302
epiBrainLLM	1924	2302
epiBrainLLM	1924	2304
epiBrainLLM	1927	2304
epiBrainLLM	1927	2306
epiBrainLLM	1928	2306
epiBrainLLM	1928	2307
epiBrainLLM	1929	2307
epiBrainLLM	1929	2308
epiBrainLLM	1932	2308
epiBrainLLM	1932	2310
epiBrainLLM	1933	2310
epiBrainLLM	1933	2312
epiBrainLLM	1935	2312
epiBrainLLM	1935	2314
epiBrainLLM	1936	2314
epiBrainLLM	1936	2315
epiBrainLLM	1938	2315
epiBrainLLM	1938	2316
epiBrainLLM	1940	2316
epiBrainLLM	1940	2317
epiBrainLLM	1942	2317
epiBrainLLM	1942	2318
epiBrainLLM	1945	2318
epiBrainLLM	1945	2319
epiBrainLLM	1954	2319
epiBrainLLM	1954	2320
epiBrainLLM	1960	2320
epiBrainLLM	1960	2322
epiBrainLLM	1963	2322
epiBrainLLM	1963	2323
epiBrainLLM	1965	2323
epiBrainLLM	1965	2324
epiBrainLLM	1968	2324
epiBrainLLM	1968	2326
epiBrainLLM	1973	2326
epiBrainLLM	1973	2327
epiBrainLLM	1974	2327
epiBrainLLM	1974	2328
epiBrainLLM	1978	2328
epiBrainLLM	1978	2329
epiBrainLLM	1981	2329
epiBrainLLM	1981	2330
epiBrainLLM	1982	2330
epiBrainLLM	1982	2331
epiBrainLLM	1983	2331
epiBrainLLM	1983	2332
epiBrainLLM	1985	2332
epiBrainLLM	1985	2334
epiBrainLLM	1988	2334
epiBrainLLM	1988	2335
epiBrainLLM	1994	2335
epiBrainLLM	1994	2336
epiBrainLLM	1996	2336
epiBrainLLM	1996	2337
epiBrainLLM	1999	2337
epiBrainLLM	1999	2338
epiBrainLLM	2000	2338
epiBrainLLM	2000	2339
epiBrainLLM	2002	2339
epiBrainLLM	2002	2340
epiBrainLLM	2003	2340
epiBrainLLM	2003	2341
epiBrainLLM	2004	2341
epiBrainLLM	2004	2342
epiBrainLLM	2007	2342
epiBrainLLM	2007	2345
epiBrainLLM	2008	2345
epiBrainLLM	2008	2346
epiBrainLLM	2009	2346
epiBrainLLM	2009	2347
epiBrainLLM	2011	2347
epiBrainLLM	2011	2348
epiBrainLLM	2017	2348
epiBrainLLM	2017	2351
epiBrainLLM	2020	2351
epiBrainLLM	2020	2353
epiBrainLLM	2028	2353
epiBrainLLM	2028	2354
epiBrainLLM	2031	2354
epiBrainLLM	2031	2357
epiBrainLLM	2032	2357
epiBrainLLM	2032	2360
epiBrainLLM	2035	2360
epiBrainLLM	2035	2361
epiBrainLLM	2037	2361
epiBrainLLM	2037	2362
epiBrainLLM	2038	2362
epiBrainLLM	2038	2363
epiBrainLLM	2041	2363
epiBrainLLM	2041	2364
epiBrainLLM	2043	2364
epiBrainLLM	2043	2365
epiBrainLLM	2045	2365
epiBrainLLM	2045	2367
epiBrainLLM	2047	2367
epiBrainLLM	2047	2368
epiBrainLLM	2048	2368
epiBrainLLM	2048	2369
epiBrainLLM	2050	2369
epiBrainLLM	2050	2372
epiBrainLLM	2051	2372
epiBrainLLM	2051	2373
epiBrainLLM	2054	2373
epiBrainLLM	2054	2374
epiBrainLLM	2055	2374
epiBrainLLM	2055	2376
epiBrainLLM	2060	2376
epiBrainLLM	2060	2377
epiBrainLLM	2066	2377
epiBrainLLM	2066	2378
epiBrainLLM	2072	2378
epiBrainLLM	2072	2379
epiBrainLLM	2074	2379
epiBrainLLM	2074	2380
epiBrainLLM	2075	2380
epiBrainLLM	2075	2381
epiBrainLLM	2076	2381
epiBrainLLM	2076	2382
epiBrainLLM	2077	2382
epiBrainLLM	2077	2385
epiBrainLLM	2083	2385
epiBrainLLM	2083	2386
epiBrainLLM	2087	2386
epiBrainLLM	2087	2387
epiBrainLLM	2089	2387
epiBrainLLM	2089	2388
epiBrainLLM	2092	2388
epiBrainLLM	2092	2393
epiBrainLLM	2093	2393
epiBrainLLM	2093	2395
epiBrainLLM	2094	2395
epiBrainLLM	2094	2396
epiBrainLLM	2096	2396
epiBrainLLM	2096	2398
epiBrainLLM	2097	2398
epiBrainLLM	2097	2402
epiBrainLLM	2101	2402
epiBrainLLM	2101	2405
epiBrainLLM	2103	2405
epiBrainLLM	2103	2408
epiBrainLLM	2107	2408
epiBrainLLM	2107	2410
epiBrainLLM	2108	2410
epiBrainLLM	2108	2411
epiBrainLLM	2112	2411
epiBrainLLM	2112	2413
epiBrainLLM	2114	2413
epiBrainLLM	2114	2415
epiBrainLLM	2116	2415
epiBrainLLM	2116	2416
epiBrainLLM	2117	2416
epiBrainLLM	2117	2417
epiBrainLLM	2123	2417
epiBrainLLM	2123	2421
epiBrainLLM	2124	2421
epiBrainLLM	2124	2423
epiBrainLLM	2128	2423
epiBrainLLM	2128	2425
epiBrainLLM	2129	2425
epiBrainLLM	2129	2428
epiBrainLLM	2130	2428
epiBrainLLM	2130	2429
epiBrainLLM	2132	2429
epiBrainLLM	2132	2430
epiBrainLLM	2135	2430
epiBrainLLM	2135	2431
epiBrainLLM	2136	2431
epiBrainLLM	2136	2432
epiBrainLLM	2139	2432
epiBrainLLM	2139	2437
epiBrainLLM	2140	2437
epiBrainLLM	2140	2440
epiBrainLLM	2143	2440
epiBrainLLM	2143	2444
epiBrainLLM	2144	2444
epiBrainLLM	2144	2445
epiBrainLLM	2146	2445
epiBrainLLM	2146	2447
epiBrainLLM	2149	2447
epiBrainLLM	2149	2449
epiBrainLLM	2153	2449
epiBrainLLM	2153	2450
epiBrainLLM	2155	2450
epiBrainLLM	2155	2453
epiBrainLLM	2157	2453
epiBrainLLM	2157	2454
epiBrainLLM	2158	2454
epiBrainLLM	2158	2455
epiBrainLLM	2159	2455
epiBrainLLM	2159	2460
epiBrainLLM	2172	2460
epiBrainLLM	2172	2461
epiBrainLLM	2175	2461
epiBrainLLM	2175	2464
epiBrainLLM	2176	2464
epiBrainLLM	2176	2465
epiBrainLLM	2177	2465
epiBrainLLM	2177	2466
epiBrainLLM	2178	2466
epiBrainLLM	2178	2468
epiBrainLLM	2179	2468
epiBrainLLM	2179	2469
epiBrainLLM	2180	2469
epiBrainLLM	2180	2470
epiBrainLLM	2181	2470
epiBrainLLM	2181	2472
epiBrainLLM	2184	2472
epiBrainLLM	2184	2477
epiBrainLLM	2185	2477
epiBrainLLM	2185	2480
epiBrainLLM	2187	2480
epiBrainLLM	2187	2484
epiBrainLLM	2189	2484
epiBrainLLM	2189	2486
epiBrainLLM	2202	2486
epiBrainLLM	2202	2487
epiBrainLLM	2203	2487
epiBrainLLM	2203	2489
epiBrainLLM	2204	2489
epiBrainLLM	2204	2490
epiBrainLLM	2208	2490
epiBrainLLM	2208	2491
epiBrainLLM	2209	2491
epiBrainLLM	2209	2493
epiBrainLLM	2217	2493
epiBrainLLM	2217	2495
epiBrainLLM	2218	2495
epiBrainLLM	2218	2497
epiBrainLLM	2225	2497
epiBrainLLM	2225	2499
epiBrainLLM	2228	2499
epiBrainLLM	2228	2500
epiBrainLLM	2229	2500
epiBrainLLM	2229	2501
epiBrainLLM	2233	2501
epiBrainLLM	2233	2503
epiBrainLLM	2234	2503
epiBrainLLM	2234	2505
epiBrainLLM	2235	2505
epiBrainLLM	2235	2506
epiBrainLLM	2245	2506
epiBrainLLM	2245	2507
epiBrainLLM	2246	2507
epiBrainLLM	2246	2511
epiBrainLLM	2247	2511
epiBrainLLM	2247	2512
epiBrainLLM	2248	2512
epiBrainLLM	2248	2516
epiBrainLLM	2250	2516
epiBrainLLM	2250	2518
epiBrainLLM	2252	2518
epiBrainLLM	2252	2519
epiBrainLLM	2253	2519
epiBrainLLM	2253	2520
epiBrainLLM	2258	2520
epiBrainLLM	2258	2522
epiBrainLLM	2259	2522
epiBrainLLM	2259	2524
epiBrainLLM	2262	2524
epiBrainLLM	2262	2527
epiBrainLLM	2263	2527
epiBrainLLM	2263	2528
epiBrainLLM	2265	2528
epiBrainLLM	2265	2530
epiBrainLLM	2266	2530
epiBrainLLM	2266	2531
epiBrainLLM	2268	2531
epiBrainLLM	2268	2532
epiBrainLLM	2271	2532
epiBrainLLM	2271	2533
epiBrainLLM	2274	2533
epiBrainLLM	2274	2534
epiBrainLLM	2276	2534
epiBrainLLM	2276	2535
epiBrainLLM	2278	2535
epiBrainLLM	2278	2538
epiBrainLLM	2280	2538
epiBrainLLM	2280	2539
epiBrainLLM	2283	2539
epiBrainLLM	2283	2542
epiBrainLLM	2285	2542
epiBrainLLM	2285	2547
epiBrainLLM	2291	2547
epiBrainLLM	2291	2549
epiBrainLLM	2292	2549
epiBrainLLM	2292	2550
epiBrainLLM	2293	2550
epiBrainLLM	2293	2552
epiBrainLLM	2294	2552
epiBrainLLM	2294	2556
epiBrainLLM	2295	2556
epiBrainLLM	2295	2557
epiBrainLLM	2297	2557
epiBrainLLM	2297	2558
epiBrainLLM	2300	2558
epiBrainLLM	2300	2560
epiBrainLLM	2306	2560
epiBrainLLM	2306	2561
epiBrainLLM	2308	2561
epiBrainLLM	2308	2563
epiBrainLLM	2311	2563
epiBrainLLM	2311	2564
epiBrainLLM	2318	2564
epiBrainLLM	2318	2568
epiBrainLLM	2321	2568
epiBrainLLM	2321	2570
epiBrainLLM	2322	2570
epiBrainLLM	2322	2571
epiBrainLLM	2324	2571
epiBrainLLM	2324	2572
epiBrainLLM	2329	2572
epiBrainLLM	2329	2574
epiBrainLLM	2330	2574
epiBrainLLM	2330	2575
epiBrainLLM	2333	2575
epiBrainLLM	2333	2577
epiBrainLLM	2334	2577
epiBrainLLM	2334	2578
epiBrainLLM	2338	2578
epiBrainLLM	2338	2579
epiBrainLLM	2339	2579
epiBrainLLM	2339	2580
epiBrainLLM	2344	2580
epiBrainLLM	2344	2582
epiBrainLLM	2345	2582
epiBrainLLM	2345	2584
epiBrainLLM	2351	2584
epiBrainLLM	2351	2586
epiBrainLLM	2357	2586
epiBrainLLM	2357	2587
epiBrainLLM	2358	2587
epiBrainLLM	2358	2588
epiBrainLLM	2360	2588
epiBrainLLM	2360	2589
epiBrainLLM	2362	2589
epiBrainLLM	2362	2592
epiBrainLLM	2363	2592
epiBrainLLM	2363	2593
epiBrainLLM	2367	2593
epiBrainLLM	2367	2595
epiBrainLLM	2372	2595
epiBrainLLM	2372	2597
epiBrainLLM	2373	2597
epiBrainLLM	2373	2598
epiBrainLLM	2374	2598
epiBrainLLM	2374	2599
epiBrainLLM	2375	2599
epiBrainLLM	2375	2600
epiBrainLLM	2376	2600
epiBrainLLM	2376	2602
epiBrainLLM	2377	2602
epiBrainLLM	2377	2605
epiBrainLLM	2382	2605
epiBrainLLM	2382	2606
epiBrainLLM	2383	2606
epiBrainLLM	2383	2608
epiBrainLLM	2384	2608
epiBrainLLM	2384	2610
epiBrainLLM	2388	2610
epiBrainLLM	2388	2611
epiBrainLLM	2390	2611
epiBrainLLM	2390	2612
epiBrainLLM	2391	2612
epiBrainLLM	2391	2613
epiBrainLLM	2392	2613
epiBrainLLM	2392	2615
epiBrainLLM	2393	2615
epiBrainLLM	2393	2616
epiBrainLLM	2396	2616
epiBrainLLM	2396	2619
epiBrainLLM	2397	2619
epiBrainLLM	2397	2620
epiBrainLLM	2399	2620
epiBrainLLM	2399	2621
epiBrainLLM	2404	2621
epiBrainLLM	2404	2626
epiBrainLLM	2405	2626
epiBrainLLM	2405	2627
epiBrainLLM	2408	2627
epiBrainLLM	2408	2628
epiBrainLLM	2409	2628
epiBrainLLM	2409	2629
epiBrainLLM	2410	2629
epiBrainLLM	2410	2632
epiBrainLLM	2411	2632
epiBrainLLM	2411	2634
epiBrainLLM	2412	2634
epiBrainLLM	2412	2636
epiBrainLLM	2414	2636
epiBrainLLM	2414	2637
epiBrainLLM	2416	2637
epiBrainLLM	2416	2638
epiBrainLLM	2418	2638
epiBrainLLM	2418	2641
epiBrainLLM	2422	2641
epiBrainLLM	2422	2642
epiBrainLLM	2423	2642
epiBrainLLM	2423	2643
epiBrainLLM	2425	2643
epiBrainLLM	2425	2645
epiBrainLLM	2426	2645
epiBrainLLM	2426	2646
epiBrainLLM	2428	2646
epiBrainLLM	2428	2648
epiBrainLLM	2431	2648
epiBrainLLM	2431	2650
epiBrainLLM	2432	2650
epiBrainLLM	2432	2653
epiBrainLLM	2433	2653
epiBrainLLM	2433	2655
epiBrainLLM	2434	2655
epiBrainLLM	2434	2656
epiBrainLLM	2436	2656
epiBrainLLM	2436	2662
epiBrainLLM	2439	2662
epiBrainLLM	2439	2664
epiBrainLLM	2440	2664
epiBrainLLM	2440	2665
epiBrainLLM	2441	2665
epiBrainLLM	2441	2668
epiBrainLLM	2444	2668
epiBrainLLM	2444	2669
epiBrainLLM	2448	2669
epiBrainLLM	2448	2671
epiBrainLLM	2451	2671
epiBrainLLM	2451	2673
epiBrainLLM	2455	2673
epiBrainLLM	2455	2674
epiBrainLLM	2458	2674
epiBrainLLM	2458	2675
epiBrainLLM	2463	2675
epiBrainLLM	2463	2677
epiBrainLLM	2467	2677
epiBrainLLM	2467	2678
epiBrainLLM	2476	2678
epiBrainLLM	2476	2679
epiBrainLLM	2477	2679
epiBrainLLM	2477	2680
epiBrainLLM	2478	2680
epiBrainLLM	2478	2682
epiBrainLLM	2480	2682
epiBrainLLM	2480	2683
epiBrainLLM	2481	2683
epiBrainLLM	2481	2690
epiBrainLLM	2482	2690
epiBrainLLM	2482	2693
epiBrainLLM	2485	2693
epiBrainLLM	2485	2697
epiBrainLLM	2487	2697
epiBrainLLM	2487	2698
epiBrainLLM	2489	2698
epiBrainLLM	2489	2701
epiBrainLLM	2493	2701
epiBrainLLM	2493	2703
epiBrainLLM	2495	2703
epiBrainLLM	2495	2704
epiBrainLLM	2498	2704
epiBrainLLM	2498	2706
epiBrainLLM	2501	2706
epiBrainLLM	2501	2707
epiBrainLLM	2503	2707
epiBrainLLM	2503	2708
epiBrainLLM	2509	2708
epiBrainLLM	2509	2709
epiBrainLLM	2519	2709
epiBrainLLM	2519	2710
epiBrainLLM	2521	2710
epiBrainLLM	2521	2712
epiBrainLLM	2528	2712
epiBrainLLM	2528	2713
epiBrainLLM	2529	2713
epiBrainLLM	2529	2714
epiBrainLLM	2530	2714
epiBrainLLM	2530	2718
epiBrainLLM	2533	2718
epiBrainLLM	2533	2722
epiBrainLLM	2536	2722
epiBrainLLM	2536	2723
epiBrainLLM	2540	2723
epiBrainLLM	2540	2725
epiBrainLLM	2543	2725
epiBrainLLM	2543	2726
epiBrainLLM	2546	2726
epiBrainLLM	2546	2727
epiBrainLLM	2551	2727
epiBrainLLM	2551	2731
epiBrainLLM	2552	2731
epiBrainLLM	2552	2732
epiBrainLLM	2553	2732
epiBrainLLM	2553	2733
epiBrainLLM	2557	2733
epiBrainLLM	2557	2734
epiBrainLLM	2558	2734
epiBrainLLM	2558	2735
epiBrainLLM	2562	2735
epiBrainLLM	2562	2737
epiBrainLLM	2568	2737
epiBrainLLM	2568	2740
epiBrainLLM	2571	2740
epiBrainLLM	2571	2741
epiBrainLLM	2572	2741
epiBrainLLM	2572	2743
epiBrainLLM	2574	2743
epiBrainLLM	2574	2745
epiBrainLLM	2577	2745
epiBrainLLM	2577	2746
epiBrainLLM	2579	2746
epiBrainLLM	2579	2748
epiBrainLLM	2580	2748
epiBrainLLM	2580	2749
epiBrainLLM	2581	2749
epiBrainLLM	2581	2751
epiBrainLLM	2582	2751
epiBrainLLM	2582	2752
epiBrainLLM	2590	2752
epiBrainLLM	2590	2753
epiBrainLLM	2594	2753
epiBrainLLM	2594	2756
epiBrainLLM	2598	2756
epiBrainLLM	2598	2759
epiBrainLLM	2599	2759
epiBrainLLM	2599	2760
epiBrainLLM	2606	2760
epiBrainLLM	2606	2762
epiBrainLLM	2608	2762
epiBrainLLM	2608	2764
epiBrainLLM	2609	2764
epiBrainLLM	2609	2765
epiBrainLLM	2610	2765
epiBrainLLM	2610	2767
epiBrainLLM	2611	2767
epiBrainLLM	2611	2771
epiBrainLLM	2613	2771
epiBrainLLM	2613	2775
epiBrainLLM	2614	2775
epiBrainLLM	2614	2776
epiBrainLLM	2619	2776
epiBrainLLM	2619	2778
epiBrainLLM	2625	2778
epiBrainLLM	2625	2780
epiBrainLLM	2629	2780
epiBrainLLM	2629	2781
epiBrainLLM	2630	2781
epiBrainLLM	2630	2782
epiBrainLLM	2631	2782
epiBrainLLM	2631	2783
epiBrainLLM	2633	2783
epiBrainLLM	2633	2784
epiBrainLLM	2634	2784
epiBrainLLM	2634	2785
epiBrainLLM	2635	2785
epiBrainLLM	2635	2787
epiBrainLLM	2638	2787
epiBrainLLM	2638	2788
epiBrainLLM	2643	2788
epiBrainLLM	2643	2789
epiBrainLLM	2644	2789
epiBrainLLM	2644	2792
epiBrainLLM	2645	2792
epiBrainLLM	2645	2794
epiBrainLLM	2649	2794
epiBrainLLM	2649	2795
epiBrainLLM	2651	2795
epiBrainLLM	2651	2796
epiBrainLLM	2652	2796
epiBrainLLM	2652	2800
epiBrainLLM	2656	2800
epiBrainLLM	2656	2802
epiBrainLLM	2657	2802
epiBrainLLM	2657	2804
epiBrainLLM	2660	2804
epiBrainLLM	2660	2805
epiBrainLLM	2662	2805
epiBrainLLM	2662	2806
epiBrainLLM	2664	2806
epiBrainLLM	2664	2807
epiBrainLLM	2665	2807
epiBrainLLM	2665	2808
epiBrainLLM	2666	2808
epiBrainLLM	2666	2809
epiBrainLLM	2667	2809
epiBrainLLM	2667	2810
epiBrainLLM	2668	2810
epiBrainLLM	2668	2812
epiBrainLLM	2670	2812
epiBrainLLM	2670	2813
epiBrainLLM	2673	2813
epiBrainLLM	2673	2817
epiBrainLLM	2676	2817
epiBrainLLM	2676	2818
epiBrainLLM	2679	2818
epiBrainLLM	2679	2819
epiBrainLLM	2683	2819
epiBrainLLM	2683	2821
epiBrainLLM	2686	2821
epiBrainLLM	2686	2822
epiBrainLLM	2690	2822
epiBrainLLM	2690	2824
epiBrainLLM	2695	2824
epiBrainLLM	2695	2825
epiBrainLLM	2699	2825
epiBrainLLM	2699	2826
epiBrainLLM	2701	2826
epiBrainLLM	2701	2832
epiBrainLLM	2703	2832
epiBrainLLM	2703	2833
epiBrainLLM	2704	2833
epiBrainLLM	2704	2834
epiBrainLLM	2705	2834
epiBrainLLM	2705	2835
epiBrainLLM	2706	2835
epiBrainLLM	2706	2836
epiBrainLLM	2712	2836
epiBrainLLM	2712	2837
epiBrainLLM	2714	2837
epiBrainLLM	2714	2838
epiBrainLLM	2716	2838
epiBrainLLM	2716	2839
epiBrainLLM	2719	2839
epiBrainLLM	2719	2840
epiBrainLLM	2720	2840
epiBrainLLM	2720	2841
epiBrainLLM	2721	2841
epiBrainLLM	2721	2842
epiBrainLLM	2724	2842
epiBrainLLM	2724	2843
epiBrainLLM	2729	2843
epiBrainLLM	2729	2844
epiBrainLLM	2732	2844
epiBrainLLM	2732	2845
epiBrainLLM	2734	2845
epiBrainLLM	2734	2846
epiBrainLLM	2737	2846
epiBrainLLM	2737	2847
epiBrainLLM	2740	2847
epiBrainLLM	2740	2848
epiBrainLLM	2741	2848
epiBrainLLM	2741	2849
epiBrainLLM	2744	2849
epiBrainLLM	2744	2853
epiBrainLLM	2748	2853
epiBrainLLM	2748	2855
epiBrainLLM	2749	2855
epiBrainLLM	2749	2856
epiBrainLLM	2751	2856
epiBrainLLM	2751	2857
epiBrainLLM	2752	2857
epiBrainLLM	2752	2858
epiBrainLLM	2756	2858
epiBrainLLM	2756	2859
epiBrainLLM	2762	2859
epiBrainLLM	2762	2861
epiBrainLLM	2766	2861
epiBrainLLM	2766	2862
epiBrainLLM	2767	2862
epiBrainLLM	2767	2864
epiBrainLLM	2768	2864
epiBrainLLM	2768	2865
epiBrainLLM	2773	2865
epiBrainLLM	2773	2866
epiBrainLLM	2774	2866
epiBrainLLM	2774	2868
epiBrainLLM	2776	2868
epiBrainLLM	2776	2870
epiBrainLLM	2778	2870
epiBrainLLM	2778	2871
epiBrainLLM	2783	2871
epiBrainLLM	2783	2873
epiBrainLLM	2784	2873
epiBrainLLM	2784	2874
epiBrainLLM	2785	2874
epiBrainLLM	2785	2876
epiBrainLLM	2793	2876
epiBrainLLM	2793	2880
epiBrainLLM	2794	2880
epiBrainLLM	2794	2881
epiBrainLLM	2796	2881
epiBrainLLM	2796	2882
epiBrainLLM	2798	2882
epiBrainLLM	2798	2886
epiBrainLLM	2801	2886
epiBrainLLM	2801	2887
epiBrainLLM	2806	2887
epiBrainLLM	2806	2888
epiBrainLLM	2807	2888
epiBrainLLM	2807	2889
epiBrainLLM	2809	2889
epiBrainLLM	2809	2892
epiBrainLLM	2812	2892
epiBrainLLM	2812	2893
epiBrainLLM	2813	2893
epiBrainLLM	2813	2894
epiBrainLLM	2815	2894
epiBrainLLM	2815	2898
epiBrainLLM	2819	2898
epiBrainLLM	2819	2899
epiBrainLLM	2821	2899
epiBrainLLM	2821	2902
epiBrainLLM	2825	2902
epiBrainLLM	2825	2903
epiBrainLLM	2829	2903
epiBrainLLM	2829	2904
epiBrainLLM	2834	2904
epiBrainLLM	2834	2906
epiBrainLLM	2838	2906
epiBrainLLM	2838	2907
epiBrainLLM	2842	2907
epiBrainLLM	2842	2908
epiBrainLLM	2843	2908
epiBrainLLM	2843	2909
epiBrainLLM	2844	2909
epiBrainLLM	2844	2910
epiBrainLLM	2845	2910
epiBrainLLM	2845	2911
epiBrainLLM	2847	2911
epiBrainLLM	2847	2912
epiBrainLLM	2850	2912
epiBrainLLM	2850	2914
epiBrainLLM	2851	2914
epiBrainLLM	2851	2915
epiBrainLLM	2852	2915
epiBrainLLM	2852	2916
epiBrainLLM	2853	2916
epiBrainLLM	2853	2919
epiBrainLLM	2854	2919
epiBrainLLM	2854	2920
epiBrainLLM	2856	2920
epiBrainLLM	2856	2921
epiBrainLLM	2857	2921
epiBrainLLM	2857	2922
epiBrainLLM	2859	2922
epiBrainLLM	2859	2924
epiBrainLLM	2863	2924
epiBrainLLM	2863	2925
epiBrainLLM	2866	2925
epiBrainLLM	2866	2926
epiBrainLLM	2870	2926
epiBrainLLM	2870	2927
epiBrainLLM	2871	2927
epiBrainLLM	2871	2928
epiBrainLLM	2874	2928
epiBrainLLM	2874	2929
epiBrainLLM	2875	2929
epiBrainLLM	2875	2930
epiBrainLLM	2876	2930
epiBrainLLM	2876	2931
epiBrainLLM	2880	2931
epiBrainLLM	2880	2932
epiBrainLLM	2881	2932
epiBrainLLM	2881	2933
epiBrainLLM	2883	2933
epiBrainLLM	2883	2936
epiBrainLLM	2884	2936
epiBrainLLM	2884	2938
epiBrainLLM	2892	2938
epiBrainLLM	2892	2939
epiBrainLLM	2893	2939
epiBrainLLM	2893	2940
epiBrainLLM	2895	2940
epiBrainLLM	2895	2941
epiBrainLLM	2897	2941
epiBrainLLM	2897	2944
epiBrainLLM	2899	2944
epiBrainLLM	2899	2945
epiBrainLLM	2900	2945
epiBrainLLM	2900	2948
epiBrainLLM	2904	2948
epiBrainLLM	2904	2949
epiBrainLLM	2909	2949
epiBrainLLM	2909	2953
epiBrainLLM	2911	2953
epiBrainLLM	2911	2954
epiBrainLLM	2912	2954
epiBrainLLM	2912	2958
epiBrainLLM	2914	2958
epiBrainLLM	2914	2959
epiBrainLLM	2916	2959
epiBrainLLM	2916	2961
epiBrainLLM	2917	2961
epiBrainLLM	2917	2962
epiBrainLLM	2921	2962
epiBrainLLM	2921	2963
epiBrainLLM	2926	2963
epiBrainLLM	2926	2964
epiBrainLLM	2930	2964
epiBrainLLM	2930	2968
epiBrainLLM	2932	2968
epiBrainLLM	2932	2972
epiBrainLLM	2934	2972
epiBrainLLM	2934	2973
epiBrainLLM	2938	2973
epiBrainLLM	2938	2974
epiBrainLLM	2939	2974
epiBrainLLM	2939	2975
epiBrainLLM	2942	2975
epiBrainLLM	2942	2977
epiBrainLLM	2946	2977
epiBrainLLM	2946	2978
epiBrainLLM	2947	2978
epiBrainLLM	2947	2979
epiBrainLLM	2948	2979
epiBrainLLM	2948	2980
epiBrainLLM	2949	2980
epiBrainLLM	2949	2981
epiBrainLLM	2950	2981
epiBrainLLM	2950	2982
epiBrainLLM	2953	2982
epiBrainLLM	2953	2983
epiBrainLLM	2958	2983
epiBrainLLM	2958	2985
epiBrainLLM	2963	2985
epiBrainLLM	2963	2986
epiBrainLLM	2970	2986
epiBrainLLM	2970	2988
epiBrainLLM	2971	2988
epiBrainLLM	2971	2990
epiBrainLLM	2972	2990
epiBrainLLM	2972	2991
epiBrainLLM	2973	2991
epiBrainLLM	2973	2992
epiBrainLLM	2977	2992
epiBrainLLM	2977	2993
epiBrainLLM	2979	2993
epiBrainLLM	2979	2994
epiBrainLLM	2980	2994
epiBrainLLM	2980	2995
epiBrainLLM	2981	2995
epiBrainLLM	2981	2996
epiBrainLLM	2983	2996
epiBrainLLM	2983	2997
epiBrainLLM	2989	2997
epiBrainLLM	2989	2998
epiBrainLLM	2994	2998
epiBrainLLM	2994	2999
epiBrainLLM	2998	2999
epiBrainLLM	2998	3000
epiBrainLLM	2999	3000
epiBrainLLM	2999	3001
epiBrainLLM	3001	3001
epiBrainLLM	3001	3005
epiBrainLLM	3002	3005
epiBrainLLM	3002	3006
epiBrainLLM	3003	3006
epiBrainLLM	3003	3008
epiBrainLLM	3004	3008
epiBrainLLM	3004	3009
epiBrainLLM	3011	3009
epiBrainLLM	3011	3010
epiBrainLLM	3012	3010
epiBrainLLM	3012	3013
epiBrainLLM	3013	3013
epiBrainLLM	3013	3014
epiBrainLLM	3016	3014
epiBrainLLM	3016	3015
epiBrainLLM	3019	3015
epiBrainLLM	3019	3016
epiBrainLLM	3020	3016
epiBrainLLM	3020	3017
epiBrainLLM	3025	3017
epiBrainLLM	3025	3018
epiBrainLLM	3026	3018
epiBrainLLM	3026	3019
epiBrainLLM	3030	3019
epiBrainLLM	3030	3024
epiBrainLLM	3032	3024
epiBrainLLM	3032	3025
epiBrainLLM	3033	3025
epiBrainLLM	3033	3026
epiBrainLLM	3034	3026
epiBrainLLM	3034	3027
epiBrainLLM	3036	3027
epiBrainLLM	3036	3028
epiBrainLLM	3040	3028
epiBrainLLM	3040	3030
epiBrainLLM	3041	3030
epiBrainLLM	3041	3031
epiBrainLLM	3042	3031
epiBrainLLM	3042	3034
epiBrainLLM	3043	3034
epiBrainLLM	3043	3036
epiBrainLLM	3044	3036
epiBrainLLM	3044	3038
epiBrainLLM	3046	3038
epiBrainLLM	3046	3039
epiBrainLLM	3051	3039
epiBrainLLM	3051	3040
epiBrainLLM	3053	3040
epiBrainLLM	3053	3041
epiBrainLLM	3056	3041
epiBrainLLM	3056	3042
epiBrainLLM	3057	3042
epiBrainLLM	3057	3043
epiBrainLLM	3061	3043
epiBrainLLM	3061	3045
epiBrainLLM	3063	3045
epiBrainLLM	3063	3047
epiBrainLLM	3065	3047
epiBrainLLM	3065	3049
epiBrainLLM	3067	3049
epiBrainLLM	3067	3050
epiBrainLLM	3071	3050
epiBrainLLM	3071	3051
epiBrainLLM	3075	3051
epiBrainLLM	3075	3052
epiBrainLLM	3076	3052
epiBrainLLM	3076	3053
epiBrainLLM	3079	3053
epiBrainLLM	3079	3054
epiBrainLLM	3081	3054
epiBrainLLM	3081	3056
epiBrainLLM	3086	3056
epiBrainLLM	3086	3057
epiBrainLLM	3087	3057
epiBrainLLM	3087	3058
epiBrainLLM	3090	3058
epiBrainLLM	3090	3059
epiBrainLLM	3091	3059
epiBrainLLM	3091	3061
epiBrainLLM	3095	3061
epiBrainLLM	3095	3062
epiBrainLLM	3101	3062
epiBrainLLM	3101	3063
epiBrainLLM	3104	3063
epiBrainLLM	3104	3064
epiBrainLLM	3111	3064
epiBrainLLM	3111	3067
epiBrainLLM	3114	3067
epiBrainLLM	3114	3070
epiBrainLLM	3117	3070
epiBrainLLM	3117	3071
epiBrainLLM	3120	3071
epiBrainLLM	3120	3072
epiBrainLLM	3122	3072
epiBrainLLM	3122	3073
epiBrainLLM	3123	3073
epiBrainLLM	3123	3076
epiBrainLLM	3126	3076
epiBrainLLM	3126	3077
epiBrainLLM	3131	3077
epiBrainLLM	3131	3079
epiBrainLLM	3132	3079
epiBrainLLM	3132	3081
epiBrainLLM	3133	3081
epiBrainLLM	3133	3082
epiBrainLLM	3135	3082
epiBrainLLM	3135	3083
epiBrainLLM	3136	3083
epiBrainLLM	3136	3084
epiBrainLLM	3137	3084
epiBrainLLM	3137	3087
epiBrainLLM	3138	3087
epiBrainLLM	3138	3088
epiBrainLLM	3143	3088
epiBrainLLM	3143	3089
epiBrainLLM	3144	3089
epiBrainLLM	3144	3090
epiBrainLLM	3149	3090
epiBrainLLM	3149	3092
epiBrainLLM	3150	3092
epiBrainLLM	3150	3093
epiBrainLLM	3151	3093
epiBrainLLM	3151	3094
epiBrainLLM	3155	3094
epiBrainLLM	3155	3095
epiBrainLLM	3156	3095
epiBrainLLM	3156	3096
epiBrainLLM	3157	3096
epiBrainLLM	3157	3097
epiBrainLLM	3159	3097
epiBrainLLM	3159	3098
epiBrainLLM	3161	3098
epiBrainLLM	3161	3099
epiBrainLLM	3163	3099
epiBrainLLM	3163	3101
epiBrainLLM	3164	3101
epiBrainLLM	3164	3102
epiBrainLLM	3166	3102
epiBrainLLM	3166	3104
epiBrainLLM	3168	3104
epiBrainLLM	3168	3105
epiBrainLLM	3169	3105
epiBrainLLM	3169	3106
epiBrainLLM	3172	3106
epiBrainLLM	3172	3107
epiBrainLLM	3174	3107
epiBrainLLM	3174	3108
epiBrainLLM	3176	3108
epiBrainLLM	3176	3109
epiBrainLLM	3182	3109
epiBrainLLM	3182	3110
epiBrainLLM	3183	3110
epiBrainLLM	3183	3113
epiBrainLLM	3184	3113
epiBrainLLM	3184	3114
epiBrainLLM	3186	3114
epiBrainLLM	3186	3116
epiBrainLLM	3188	3116
epiBrainLLM	3188	3117
epiBrainLLM	3190	3117
epiBrainLLM	3190	3118
epiBrainLLM	3191	3118
epiBrainLLM	3191	3119
epiBrainLLM	3194	3119
epiBrainLLM	3194	3120
epiBrainLLM	3199	3120
epiBrainLLM	3199	3121
epiBrainLLM	3202	3121
epiBrainLLM	3202	3122
epiBrainLLM	3206	3122
epiBrainLLM	3206	3124
epiBrainLLM	3207	3124
epiBrainLLM	3207	3125
epiBrainLLM	3213	3125
epiBrainLLM	3213	3126
epiBrainLLM	3214	3126
epiBrainLLM	3214	3130
epiBrainLLM	3215	3130
epiBrainLLM	3215	3132
epiBrainLLM	3216	3132
epiBrainLLM	3216	3134
epiBrainLLM	3217	3134
epiBrainLLM	3217	3135
epiBrainLLM	3220	3135
epiBrainLLM	3220	3137
epiBrainLLM	3223	3137
epiBrainLLM	3223	3138
epiBrainLLM	3225	3138
epiBrainLLM	3225	3139
epiBrainLLM	3229	3139
epiBrainLLM	3229	3143
epiBrainLLM	3230	3143
epiBrainLLM	3230	3144
epiBrainLLM	3247	3144
epiBrainLLM	3247	3145
epiBrainLLM	3255	3145
epiBrainLLM	3255	3148
epiBrainLLM	3257	3148
epiBrainLLM	3257	3149
epiBrainLLM	3259	3149
epiBrainLLM	3259	3150
epiBrainLLM	3262	3150
epiBrainLLM	3262	3151
epiBrainLLM	3265	3151
epiBrainLLM	3265	3153
epiBrainLLM	3267	3153
epiBrainLLM	3267	3154
epiBrainLLM	3270	3154
epiBrainLLM	3270	3155
epiBrainLLM	3271	3155
epiBrainLLM	3271	3156
epiBrainLLM	3273	3156
epiBrainLLM	3273	3157
epiBrainLLM	3275	3157
epiBrainLLM	3275	3158
epiBrainLLM	3276	3158
epiBrainLLM	3276	3159
epiBrainLLM	3283	3159
epiBrainLLM	3283	3161
epiBrainLLM	3285	3161
epiBrainLLM	3285	3162
epiBrainLLM	3287	3162
epiBrainLLM	3287	3164
epiBrainLLM	3289	3164
epiBrainLLM	3289	3165
epiBrainLLM	3290	3165
epiBrainLLM	3290	3166
epiBrainLLM	3297	3166
epiBrainLLM	3297	3167
epiBrainLLM	3300	3167
epiBrainLLM	3300	3168
epiBrainLLM	3308	3168
epiBrainLLM	3308	3171
epiBrainLLM	3312	3171
epiBrainLLM	3312	3172
epiBrainLLM	3314	3172
epiBrainLLM	3314	3174
epiBrainLLM	3315	3174
epiBrainLLM	3315	3175
epiBrainLLM	3317	3175
epiBrainLLM	3317	3176
epiBrainLLM	3320	3176
epiBrainLLM	3320	3180
epiBrainLLM	3321	3180
epiBrainLLM	3321	3181
epiBrainLLM	3323	3181
epiBrainLLM	3323	3182
epiBrainLLM	3325	3182
epiBrainLLM	3325	3183
epiBrainLLM	3330	3183
epiBrainLLM	3330	3185
epiBrainLLM	3332	3185
epiBrainLLM	3332	3186
epiBrainLLM	3336	3186
epiBrainLLM	3336	3187
epiBrainLLM	3337	3187
epiBrainLLM	3337	3188
epiBrainLLM	3338	3188
epiBrainLLM	3338	3189
epiBrainLLM	3339	3189
epiBrainLLM	3339	3190
epiBrainLLM	3343	3190
epiBrainLLM	3343	3191
epiBrainLLM	3345	3191
epiBrainLLM	3345	3192
epiBrainLLM	3347	3192
epiBrainLLM	3347	3193
epiBrainLLM	3354	3193
epiBrainLLM	3354	3194
epiBrainLLM	3356	3194
epiBrainLLM	3356	3196
epiBrainLLM	3358	3196
epiBrainLLM	3358	3197
epiBrainLLM	3364	3197
epiBrainLLM	3364	3198
epiBrainLLM	3365	3198
epiBrainLLM	3365	3199
epiBrainLLM	3367	3199
epiBrainLLM	3367	3201
epiBrainLLM	3369	3201
epiBrainLLM	3369	3204
epiBrainLLM	3376	3204
epiBrainLLM	3376	3205
epiBrainLLM	3377	3205
epiBrainLLM	3377	3206
epiBrainLLM	3380	3206
epiBrainLLM	3380	3207
epiBrainLLM	3382	3207
epiBrainLLM	3382	3208
epiBrainLLM	3384	3208
epiBrainLLM	3384	3209
epiBrainLLM	3385	3209
epiBrainLLM	3385	3210
epiBrainLLM	3386	3210
epiBrainLLM	3386	3212
epiBrainLLM	3387	3212
epiBrainLLM	3387	3213
epiBrainLLM	3389	3213
epiBrainLLM	3389	3214
epiBrainLLM	3391	3214
epiBrainLLM	3391	3215
epiBrainLLM	3392	3215
epiBrainLLM	3392	3217
epiBrainLLM	3396	3217
epiBrainLLM	3396	3219
epiBrainLLM	3397	3219
epiBrainLLM	3397	3220
epiBrainLLM	3399	3220
epiBrainLLM	3399	3221
epiBrainLLM	3401	3221
epiBrainLLM	3401	3223
epiBrainLLM	3410	3223
epiBrainLLM	3410	3225
epiBrainLLM	3415	3225
epiBrainLLM	3415	3226
epiBrainLLM	3425	3226
epiBrainLLM	3425	3227
epiBrainLLM	3428	3227
epiBrainLLM	3428	3228
epiBrainLLM	3429	3228
epiBrainLLM	3429	3229
epiBrainLLM	3431	3229
epiBrainLLM	3431	3230
epiBrainLLM	3433	3230
epiBrainLLM	3433	3234
epiBrainLLM	3436	3234
epiBrainLLM	3436	3236
epiBrainLLM	3437	3236
epiBrainLLM	3437	3237
epiBrainLLM	3441	3237
epiBrainLLM	3441	3239
epiBrainLLM	3442	3239
epiBrainLLM	3442	3240
epiBrainLLM	3445	3240
epiBrainLLM	3445	3242
epiBrainLLM	3446	3242
epiBrainLLM	3446	3244
epiBrainLLM	3448	3244
epiBrainLLM	3448	3245
epiBrainLLM	3451	3245
epiBrainLLM	3451	3246
epiBrainLLM	3453	3246
epiBrainLLM	3453	3247
epiBrainLLM	3454	3247
epiBrainLLM	3454	3248
epiBrainLLM	3457	3248
epiBrainLLM	3457	3249
epiBrainLLM	3462	3249
epiBrainLLM	3462	3250
epiBrainLLM	3464	3250
epiBrainLLM	3464	3251
epiBrainLLM	3465	3251
epiBrainLLM	3465	3253
epiBrainLLM	3466	3253
epiBrainLLM	3466	3254
epiBrainLLM	3472	3254
epiBrainLLM	3472	3256
epiBrainLLM	3481	3256
epiBrainLLM	3481	3260
epiBrainLLM	3483	3260
epiBrainLLM	3483	3261
epiBrainLLM	3487	3261
epiBrainLLM	3487	3263
epiBrainLLM	3489	3263
epiBrainLLM	3489	3264
epiBrainLLM	3490	3264
epiBrainLLM	3490	3266
epiBrainLLM	3493	3266
epiBrainLLM	3493	3267
epiBrainLLM	3500	3267
epiBrainLLM	3500	3268
epiBrainLLM	3502	3268
epiBrainLLM	3502	3270
epiBrainLLM	3503	3270
epiBrainLLM	3503	3271
epiBrainLLM	3509	3271
epiBrainLLM	3509	3272
epiBrainLLM	3511	3272
epiBrainLLM	3511	3273
epiBrainLLM	3512	3273
epiBrainLLM	3512	3274
epiBrainLLM	3516	3274
epiBrainLLM	3516	3275
epiBrainLLM	3517	3275
epiBrainLLM	3517	3276
epiBrainLLM	3522	3276
epiBrainLLM	3522	3278
epiBrainLLM	3529	3278
epiBrainLLM	3529	3279
epiBrainLLM	3530	3279
epiBrainLLM	3530	3280
epiBrainLLM	3531	3280
epiBrainLLM	3531	3282
epiBrainLLM	3533	3282
epiBrainLLM	3533	3283
epiBrainLLM	3534	3283
epiBrainLLM	3534	3285
epiBrainLLM	3535	3285
epiBrainLLM	3535	3286
epiBrainLLM	3538	3286
epiBrainLLM	3538	3287
epiBrainLLM	3539	3287
epiBrainLLM	3539	3289
epiBrainLLM	3543	3289
epiBrainLLM	3543	3290
epiBrainLLM	3545	3290
epiBrainLLM	3545	3291
epiBrainLLM	3546	3291
epiBrainLLM	3546	3293
epiBrainLLM	3562	3293
epiBrainLLM	3562	3294
epiBrainLLM	3564	3294
epiBrainLLM	3564	3295
epiBrainLLM	3569	3295
epiBrainLLM	3569	3296
epiBrainLLM	3572	3296
epiBrainLLM	3572	3297
epiBrainLLM	3573	3297
epiBrainLLM	3573	3298
epiBrainLLM	3574	3298
epiBrainLLM	3574	3299
epiBrainLLM	3578	3299
epiBrainLLM	3578	3301
epiBrainLLM	3581	3301
epiBrainLLM	3581	3302
epiBrainLLM	3582	3302
epiBrainLLM	3582	3304
epiBrainLLM	3583	3304
epiBrainLLM	3583	3305
epiBrainLLM	3585	3305
epiBrainLLM	3585	3306
epiBrainLLM	3590	3306
epiBrainLLM	3590	3307
epiBrainLLM	3592	3307
epiBrainLLM	3592	3310
epiBrainLLM	3593	3310
epiBrainLLM	3593	3311
epiBrainLLM	3595	3311
epiBrainLLM	3595	3313
epiBrainLLM	3601	3313
epiBrainLLM	3601	3315
epiBrainLLM	3607	3315
epiBrainLLM	3607	3316
epiBrainLLM	3610	3316
epiBrainLLM	3610	3318
epiBrainLLM	3611	3318
epiBrainLLM	3611	3319
epiBrainLLM	3614	3319
epiBrainLLM	3614	3320
epiBrainLLM	3616	3320
epiBrainLLM	3616	3321
epiBrainLLM	3618	3321
epiBrainLLM	3618	3323
epiBrainLLM	3624	3323
epiBrainLLM	3624	3324
epiBrainLLM	3631	3324
epiBrainLLM	3631	3325
epiBrainLLM	3633	3325
epiBrainLLM	3633	3326
epiBrainLLM	3639	3326
epiBrainLLM	3639	3329
epiBrainLLM	3644	3329
epiBrainLLM	3644	3330
epiBrainLLM	3645	3330
epiBrainLLM	3645	3331
epiBrainLLM	3646	3331
epiBrainLLM	3646	3333
epiBrainLLM	3647	3333
epiBrainLLM	3647	3335
epiBrainLLM	3649	3335
epiBrainLLM	3649	3337
epiBrainLLM	3653	3337
epiBrainLLM	3653	3339
epiBrainLLM	3654	3339
epiBrainLLM	3654	3340
epiBrainLLM	3658	3340
epiBrainLLM	3658	3341
epiBrainLLM	3661	3341
epiBrainLLM	3661	3343
epiBrainLLM	3662	3343
epiBrainLLM	3662	3344
epiBrainLLM	3664	3344
epiBrainLLM	3664	3348
epiBrainLLM	3666	3348
epiBrainLLM	3666	3350
epiBrainLLM	3667	3350
epiBrainLLM	3667	3351
epiBrainLLM	3668	3351
epiBrainLLM	3668	3352
epiBrainLLM	3669	3352
epiBrainLLM	3669	3355
epiBrainLLM	3675	3355
epiBrainLLM	3675	3356
epiBrainLLM	3676	3356
epiBrainLLM	3676	3358
epiBrainLLM	3679	3358
epiBrainLLM	3679	3359
epiBrainLLM	3684	3359
epiBrainLLM	3684	3363
epiBrainLLM	3691	3363
epiBrainLLM	3691	3364
epiBrainLLM	3693	3364
epiBrainLLM	3693	3365
epiBrainLLM	3694	3365
epiBrainLLM	3694	3367
epiBrainLLM	3695	3367
epiBrainLLM	3695	3368
epiBrainLLM	3697	3368
epiBrainLLM	3697	3369
epiBrainLLM	3702	3369
epiBrainLLM	3702	3370
epiBrainLLM	3705	3370
epiBrainLLM	3705	3371
epiBrainLLM	3709	3371
epiBrainLLM	3709	3372
epiBrainLLM	3710	3372
epiBrainLLM	3710	3377
epiBrainLLM	3711	3377
epiBrainLLM	3711	3378
epiBrainLLM	3713	3378
epiBrainLLM	3713	3380
epiBrainLLM	3717	3380
epiBrainLLM	3717	3381
epiBrainLLM	3722	3381
epiBrainLLM	3722	3382
epiBrainLLM	3726	3382
epiBrainLLM	3726	3385
epiBrainLLM	3729	3385
epiBrainLLM	3729	3386
epiBrainLLM	3730	3386
epiBrainLLM	3730	3387
epiBrainLLM	3732	3387
epiBrainLLM	3732	3388
epiBrainLLM	3736	3388
epiBrainLLM	3736	3389
epiBrainLLM	3739	3389
epiBrainLLM	3739	3390
epiBrainLLM	3741	3390
epiBrainLLM	3741	3392
epiBrainLLM	3747	3392
epiBrainLLM	3747	3395
epiBrainLLM	3751	3395
epiBrainLLM	3751	3396
epiBrainLLM	3754	3396
epiBrainLLM	3754	3397
epiBrainLLM	3758	3397
epiBrainLLM	3758	3398
epiBrainLLM	3760	3398
epiBrainLLM	3760	3400
epiBrainLLM	3766	3400
epiBrainLLM	3766	3401
epiBrainLLM	3767	3401
epiBrainLLM	3767	3403
epiBrainLLM	3774	3403
epiBrainLLM	3774	3404
epiBrainLLM	3775	3404
epiBrainLLM	3775	3405
epiBrainLLM	3779	3405
epiBrainLLM	3779	3406
epiBrainLLM	3783	3406
epiBrainLLM	3783	3409
epiBrainLLM	3785	3409
epiBrainLLM	3785	3411
epiBrainLLM	3786	3411
epiBrainLLM	3786	3412
epiBrainLLM	3788	3412
epiBrainLLM	3788	3413
epiBrainLLM	3792	3413
epiBrainLLM	3792	3414
epiBrainLLM	3793	3414
epiBrainLLM	3793	3415
epiBrainLLM	3796	3415
epiBrainLLM	3796	3416
epiBrainLLM	3797	3416
epiBrainLLM	3797	3417
epiBrainLLM	3798	3417
epiBrainLLM	3798	3418
epiBrainLLM	3799	3418
epiBrainLLM	3799	3419
epiBrainLLM	3806	3419
epiBrainLLM	3806	3420
epiBrainLLM	3807	3420
epiBrainLLM	3807	3421
epiBrainLLM	3810	3421
epiBrainLLM	3810	3424
epiBrainLLM	3818	3424
epiBrainLLM	3818	3425
epiBrainLLM	3823	3425
epiBrainLLM	3823	3427
epiBrainLLM	3825	3427
epiBrainLLM	3825	3428
epiBrainLLM	3828	3428
epiBrainLLM	3828	3429
epiBrainLLM	3829	3429
epiBrainLLM	3829	3430
epiBrainLLM	3834	3430
epiBrainLLM	3834	3431
epiBrainLLM	3835	3431
epiBrainLLM	3835	3432
epiBrainLLM	3836	3432
epiBrainLLM	3836	3433
epiBrainLLM	3842	3433
epiBrainLLM	3842	3434
epiBrainLLM	3843	3434
epiBrainLLM	3843	3435
epiBrainLLM	3844	3435
epiBrainLLM	3844	3436
epiBrainLLM	3856	3436
epiBrainLLM	3856	3437
epiBrainLLM	3858	3437
epiBrainLLM	3858	3438
epiBrainLLM	3859	3438
epiBrainLLM	3859	3440
epiBrainLLM	3860	3440
epiBrainLLM	3860	3441
epiBrainLLM	3863	3441
epiBrainLLM	3863	3442
epiBrainLLM	3864	3442
epiBrainLLM	3864	3444
epiBrainLLM	3867	3444
epiBrainLLM	3867	3445
epiBrainLLM	3868	3445
epiBrainLLM	3868	3447
epiBrainLLM	3871	3447
epiBrainLLM	3871	3448
epiBrainLLM	3872	3448
epiBrainLLM	3872	3449
epiBrainLLM	3874	3449
epiBrainLLM	3874	3450
epiBrainLLM	3876	3450
epiBrainLLM	3876	3452
epiBrainLLM	3880	3452
epiBrainLLM	3880	3453
epiBrainLLM	3881	3453
epiBrainLLM	3881	3455
epiBrainLLM	3888	3455
epiBrainLLM	3888	3460
epiBrainLLM	3890	3460
epiBrainLLM	3890	3462
epiBrainLLM	3892	3462
epiBrainLLM	3892	3464
epiBrainLLM	3905	3464
epiBrainLLM	3905	3465
epiBrainLLM	3908	3465
epiBrainLLM	3908	3466
epiBrainLLM	3913	3466
epiBrainLLM	3913	3467
epiBrainLLM	3914	3467
epiBrainLLM	3914	3468
epiBrainLLM	3917	3468
epiBrainLLM	3917	3469
epiBrainLLM	3919	3469
epiBrainLLM	3919	3470
epiBrainLLM	3920	3470
epiBrainLLM	3920	3471
epiBrainLLM	3925	3471
epiBrainLLM	3925	3472
epiBrainLLM	3927	3472
epiBrainLLM	3927	3473
epiBrainLLM	3929	3473
epiBrainLLM	3929	3475
epiBrainLLM	3936	3475
epiBrainLLM	3936	3476
epiBrainLLM	3937	3476
epiBrainLLM	3937	3478
epiBrainLLM	3940	3478
epiBrainLLM	3940	3479
epiBrainLLM	3942	3479
epiBrainLLM	3942	3481
epiBrainLLM	3944	3481
epiBrainLLM	3944	3482
epiBrainLLM	3945	3482
epiBrainLLM	3945	3483
epiBrainLLM	3948	3483
epiBrainLLM	3948	3485
epiBrainLLM	3950	3485
epiBrainLLM	3950	3486
epiBrainLLM	3951	3486
epiBrainLLM	3951	3490
epiBrainLLM	3952	3490
epiBrainLLM	3952	3491
epiBrainLLM	3955	3491
epiBrainLLM	3955	3495
epiBrainLLM	3959	3495
epiBrainLLM	3959	3497
epiBrainLLM	3960	3497
epiBrainLLM	3960	3499
epiBrainLLM	3961	3499
epiBrainLLM	3961	3500
epiBrainLLM	3965	3500
epiBrainLLM	3965	3502
epiBrainLLM	3966	3502
epiBrainLLM	3966	3503
epiBrainLLM	3969	3503
epiBrainLLM	3969	3504
epiBrainLLM	3973	3504
epiBrainLLM	3973	3507
epiBrainLLM	3974	3507
epiBrainLLM	3974	3508
epiBrainLLM	3977	3508
epiBrainLLM	3977	3509
epiBrainLLM	3978	3509
epiBrainLLM	3978	3510
epiBrainLLM	3980	3510
epiBrainLLM	3980	3514
epiBrainLLM	3981	3514
epiBrainLLM	3981	3515
epiBrainLLM	3984	3515
epiBrainLLM	3984	3516
epiBrainLLM	3987	3516
epiBrainLLM	3987	3518
epiBrainLLM	3990	3518
epiBrainLLM	3990	3520
epiBrainLLM	3991	3520
epiBrainLLM	3991	3521
epiBrainLLM	3992	3521
epiBrainLLM	3992	3522
epiBrainLLM	3994	3522
epiBrainLLM	3994	3523
epiBrainLLM	3998	3523
epiBrainLLM	3998	3524
epiBrainLLM	3999	3524
epiBrainLLM	3999	3525
epiBrainLLM	4001	3525
epiBrainLLM	4001	3527
epiBrainLLM	4005	3527
epiBrainLLM	4005	3529
epiBrainLLM	4006	3529
epiBrainLLM	4006	3531
epiBrainLLM	4009	3531
epiBrainLLM	4009	3532
epiBrainLLM	4018	3532
epiBrainLLM	4018	3533
epiBrainLLM	4029	3533
epiBrainLLM	4029	3534
epiBrainLLM	4030	3534
epiBrainLLM	4030	3535
epiBrainLLM	4038	3535
epiBrainLLM	4038	3536
epiBrainLLM	4042	3536
epiBrainLLM	4042	3537
epiBrainLLM	4043	3537
epiBrainLLM	4043	3538
epiBrainLLM	4046	3538
epiBrainLLM	4046	3539
epiBrainLLM	4052	3539
epiBrainLLM	4052	3540
epiBrainLLM	4053	3540
epiBrainLLM	4053	3542
epiBrainLLM	4054	3542
epiBrainLLM	4054	3543
epiBrainLLM	4056	3543
epiBrainLLM	4056	3544
epiBrainLLM	4063	3544
epiBrainLLM	4063	3546
epiBrainLLM	4065	3546
epiBrainLLM	4065	3547
epiBrainLLM	4069	3547
epiBrainLLM	4069	3548
epiBrainLLM	4070	3548
epiBrainLLM	4070	3549
epiBrainLLM	4075	3549
epiBrainLLM	4075	3551
epiBrainLLM	4079	3551
epiBrainLLM	4079	3553
epiBrainLLM	4082	3553
epiBrainLLM	4082	3555
epiBrainLLM	4083	3555
epiBrainLLM	4083	3558
epiBrainLLM	4084	3558
epiBrainLLM	4084	3559
epiBrainLLM	4086	3559
epiBrainLLM	4086	3561
epiBrainLLM	4087	3561
epiBrainLLM	4087	3562
epiBrainLLM	4088	3562
epiBrainLLM	4088	3563
epiBrainLLM	4089	3563
epiBrainLLM	4089	3564
epiBrainLLM	4092	3564
epiBrainLLM	4092	3565
epiBrainLLM	4099	3565
epiBrainLLM	4099	3567
epiBrainLLM	4102	3567
epiBrainLLM	4102	3569
epiBrainLLM	4107	3569
epiBrainLLM	4107	3570
epiBrainLLM	4108	3570
epiBrainLLM	4108	3571
epiBrainLLM	4109	3571
epiBrainLLM	4109	3573
epiBrainLLM	4111	3573
epiBrainLLM	4111	3574
epiBrainLLM	4112	3574
epiBrainLLM	4112	3575
epiBrainLLM	4114	3575
epiBrainLLM	4114	3578
epiBrainLLM	4115	3578
epiBrainLLM	4115	3580
epiBrainLLM	4118	3580
epiBrainLLM	4118	3581
epiBrainLLM	4123	3581
epiBrainLLM	4123	3583
epiBrainLLM	4125	3583
epiBrainLLM	4125	3584
epiBrainLLM	4127	3584
epiBrainLLM	4127	3585
epiBrainLLM	4129	3585
epiBrainLLM	4129	3589
epiBrainLLM	4131	3589
epiBrainLLM	4131	3591
epiBrainLLM	4134	3591
epiBrainLLM	4134	3593
epiBrainLLM	4136	3593
epiBrainLLM	4136	3595
epiBrainLLM	4137	3595
epiBrainLLM	4137	3597
raw SNP	0	0
raw SNP	0	1
raw SNP	0	3
raw SNP	1	3
raw SNP	1	11
raw SNP	3	11
raw SNP	3	12
raw SNP	4	12
raw SNP	4	14
raw SNP	5	14
raw SNP	5	15
raw SNP	6	15
raw SNP	6	26
raw SNP	9	26
raw SNP	9	30
raw SNP	10	30
raw SNP	10	34
raw SNP	11	34
raw SNP	11	37
raw SNP	13	37
raw SNP	13	40
raw SNP	14	40
raw SNP	14	47
raw SNP	17	47
raw SNP	17	50
raw SNP	18	50
raw SNP	18	52
raw SNP	19	52
raw SNP	19	54
raw SNP	20	54
raw SNP	20	58
raw SNP	22	58
raw SNP	22	66
raw SNP	25	66
raw SNP	25	74
raw SNP	26	74
raw SNP	26	80
raw SNP	29	80
raw SNP	29	86
raw SNP	32	86
raw SNP	32	90
raw SNP	35	90
raw SNP	35	92
raw SNP	36	92
raw SNP	36	93
raw SNP	37	93
raw SNP	37	96
raw SNP	38	96
raw SNP	38	105
raw SNP	39	105
raw SNP	39	106
raw SNP	40	106
raw SNP	40	108
raw SNP	41	108
raw SNP	41	123
raw SNP	43	123
raw SNP	43	128
raw SNP	44	128
raw SNP	44	131
raw SNP	45	131
raw SNP	45	134
raw SNP	46	134
raw SNP	46	135
raw SNP	49	135
raw SNP	49	137
raw SNP	51	137
raw SNP	51	138
raw SNP	53	138
raw SNP	53	146
raw SNP	54	146
raw SNP	54	150
raw SNP	55	150
raw SNP	55	151
raw SNP	58	151
raw SNP	58	156
raw SNP	60	156
raw SNP	60	157
raw SNP	61	157
raw SNP	61	158
raw SNP	62	158
raw SNP	62	160
raw SNP	63	160
raw SNP	63	161
raw SNP	64	161
raw SNP	64	162
raw SNP	65	162
raw SNP	65	163
raw SNP	66	163
raw SNP	66	171
raw SNP	67	171
raw SNP	67	172
raw SNP	68	172
raw SNP	68	178
raw SNP	69	178
raw SNP	69	180
raw SNP	72	180
raw SNP	72	192
raw SNP	73	192
raw SNP	73	201
raw SNP	75	201
raw SNP	75	202
raw SNP	76	202
raw SNP	76	203
raw SNP	77	203
raw SNP	77	204
raw SNP	78	204
raw SNP	78	205
raw SNP	80	205
raw SNP	80	210
raw SNP	81	210
raw SNP	81	215
raw SNP	84	215
raw SNP	84	218
raw SNP	85	218
raw SNP	85	226
raw SNP	87	226
raw SNP	87	230
raw SNP	88	230
raw SNP	88	232
raw SNP	89	232
raw SNP	89	234
raw SNP	90	234
raw SNP	90	236
raw SNP	94	236
raw SNP	94	240
raw SNP	95	240
raw SNP	95	243
raw SNP	96	243
raw SNP	96	244
raw SNP	97	244
raw SNP	97	245
raw SNP	98	245
raw SNP	98	246
raw SNP	99	246
raw SNP	99	249
raw SNP	100	249
raw SNP	100	254
raw SNP	102	254
raw SNP	102	257
raw SNP	103	257
raw SNP	103	258
raw SNP	104	258
raw SNP	104	261
raw SNP	106	261
raw SNP	106	262
raw SNP	108	262
raw SNP	108	264
raw SNP	109	264
raw SNP	109	267
raw SNP	111	267
raw SNP	111	269
raw SNP	112	269
raw SNP	112	272
raw SNP	114	272
raw SNP	114	273
raw SNP	115	273
raw SNP	115	275
raw SNP	116	275
raw SNP	116	279
raw SNP	117	279
raw SNP	117	285
raw SNP	121	285
raw SNP	121	288
raw SNP	125	288
raw SNP	125	290
raw SNP	126	290
raw SNP	126	293
raw SNP	127	293
raw SNP	127	302
raw SNP	128	302
raw SNP	128	304
raw SNP	129	304
raw SNP	129	307
raw SNP	130	307
raw SNP	130	309
raw SNP	131	309
raw SNP	131	312
raw SNP	132	312
raw SNP	132	313
raw SNP	133	313
raw SNP	133	314
raw SNP	135	314
raw SNP	135	317
raw SNP	136	317
raw SNP	136	321
raw SNP	138	321
raw SNP	138	323
raw SNP	139	323
raw SNP	139	326
raw SNP	140	326
raw SNP	140	327
raw SNP	141	327
raw SNP	141	334
raw SNP	142	334
raw SNP	142	339
raw SNP	143	339
raw SNP	143	341
raw SNP	145	341
raw SNP	145	347
raw SNP	147	347
raw SNP	147	348
raw SNP	149	348
raw SNP	149	351
raw SNP	151	351
raw SNP	151	352
raw SNP	154	352
raw SNP	154	353
raw SNP	155	353
raw SNP	155	355
raw SNP	157	355
raw SNP	157	356
raw SNP	160	356
raw SNP	160	357
raw SNP	161	357
raw SNP	161	358
raw SNP	165	358
raw SNP	165	359
raw SNP	167	359
raw SNP	167	362
raw SNP	169	362
raw SNP	169	363
raw SNP	172	363
raw SNP	172	364
raw SNP	174	364
raw SNP	174	365
raw SNP	180	365
raw SNP	180	370
raw SNP	181	370
raw SNP	181	371
raw SNP	184	371
raw SNP	184	372
raw SNP	186	372
raw SNP	186	373
raw SNP	187	373
raw SNP	187	376
raw SNP	190	376
raw SNP	190	378
raw SNP	191	378
raw SNP	191	385
raw SNP	193	385
raw SNP	193	390
raw SNP	198	390
raw SNP	198	391
raw SNP	199	391
raw SNP	199	399
raw SNP	200	399
raw SNP	200	400
raw SNP	201	400
raw SNP	201	401
raw SNP	202	401
raw SNP	202	403
raw SNP	204	403
raw SNP	204	404
raw SNP	205	404
raw SNP	205	410
raw SNP	206	410
raw SNP	206	411
raw SNP	207	411
raw SNP	207	412
raw SNP	209	412
raw SNP	209	417
raw SNP	210	417
raw SNP	210	419
raw SNP	211	419
raw SNP	211	425
raw SNP	213	425
raw SNP	213	426
raw SNP	214	426
raw SNP	214	430
raw SNP	217	430
raw SNP	217	431
raw SNP	218	431
raw SNP	218	435
raw SNP	222	435
raw SNP	222	439
raw SNP	228	439
raw SNP	228	442
raw SNP	229	442
raw SNP	229	444
raw SNP	230	444
raw SNP	230	450
raw SNP	231	450
raw SNP	231	452
raw SNP	232	452
raw SNP	232	453
raw SNP	234	453
raw SNP	234	454
raw SNP	235	454
raw SNP	235	457
raw SNP	236	457
raw SNP	236	459
raw SNP	237	459
raw SNP	237	465
raw SNP	238	465
raw SNP	238	473
raw SNP	239	473
raw SNP	239	474
raw SNP	240	474
raw SNP	240	476
raw SNP	244	476
raw SNP	244	478
raw SNP	245	478
raw SNP	245	479
raw SNP	246	479
raw SNP	246	481
raw SNP	248	481
raw SNP	248	483
raw SNP	249	483
raw SNP	249	484
raw SNP	250	484
raw SNP	250	486
raw SNP	251	486
raw SNP	251	489
raw SNP	253	489
raw SNP	253	491
raw SNP	255	491
raw SNP	255	494
raw SNP	256	494
raw SNP	256	499
raw SNP	260	499
raw SNP	260	509
raw SNP	261	509
raw SNP	261	515
raw SNP	263	515
raw SNP	263	517
raw SNP	266	517
raw SNP	266	518
raw SNP	267	518
raw SNP	267	522
raw SNP	269	522
raw SNP	269	524
raw SNP	275	524
raw SNP	275	525
raw SNP	277	525
raw SNP	277	527
raw SNP	278	527
raw SNP	278	528
raw SNP	279	528
raw SNP	279	529
raw SNP	280	529
raw SNP	280	531
raw SNP	281	531
raw SNP	281	532
raw SNP	287	532
raw SNP	287	535
raw SNP	288	535
raw SNP	288	536
raw SNP	289	536
raw SNP	289	542
raw SNP	291	542
raw SNP	291	545
raw SNP	292	545
raw SNP	292	547
raw SNP	294	547
raw SNP	294	549
raw SNP	295	549
raw SNP	295	554
raw SNP	297	554
raw SNP	297	555
raw SNP	299	555
raw SNP	299	557
raw SNP	301	557
raw SNP	301	558
raw SNP	302	558
raw SNP	302	559
raw SNP	303	559
raw SNP	303	560
raw SNP	305	560
raw SNP	305	562
raw SNP	306	562
raw SNP	306	563
raw SNP	310	563
raw SNP	310	564
raw SNP	312	564
raw SNP	312	565
raw SNP	313	565
raw SNP	313	566
raw SNP	314	566
raw SNP	314	568
raw SNP	318	568
raw SNP	318	570
raw SNP	319	570
raw SNP	319	571
raw SNP	321	571
raw SNP	321	572
raw SNP	323	572
raw SNP	323	574
raw SNP	324	574
raw SNP	324	576
raw SNP	325	576
raw SNP	325	578
raw SNP	327	578
raw SNP	327	579
raw SNP	329	579
raw SNP	329	581
raw SNP	330	581
raw SNP	330	582
raw SNP	331	582
raw SNP	331	583
raw SNP	332	583
raw SNP	332	584
raw SNP	334	584
raw SNP	334	586
raw SNP	335	586
raw SNP	335	587
raw SNP	337	587
raw SNP	337	588
raw SNP	338	588
raw SNP	338	590
raw SNP	339	590
raw SNP	339	591
raw SNP	340	591
raw SNP	340	594
raw SNP	348	594
raw SNP	348	597
raw SNP	349	597
raw SNP	349	598
raw SNP	353	598
raw SNP	353	599
raw SNP	354	599
raw SNP	354	600
raw SNP	355	600
raw SNP	355	602
raw SNP	358	602
raw SNP	358	603
raw SNP	359	603
raw SNP	359	605
raw SNP	361	605
raw SNP	361	607
raw SNP	362	607
raw SNP	362	612
raw SNP	367	612
raw SNP	367	620
raw SNP	369	620
raw SNP	369	623
raw SNP	370	623
raw SNP	370	624
raw SNP	373	624
raw SNP	373	627
raw SNP	374	627
raw SNP	374	628
raw SNP	376	628
raw SNP	376	631
raw SNP	377	631
raw SNP	377	632
raw SNP	378	632
raw SNP	378	636
raw SNP	380	636
raw SNP	380	637
raw SNP	382	637
raw SNP	382	641
raw SNP	385	641
raw SNP	385	642
raw SNP	386	642
raw SNP	386	644
raw SNP	387	644
raw SNP	387	655
raw SNP	392	655
raw SNP	392	656
raw SNP	393	656
raw SNP	393	661
raw SNP	394	661
raw SNP	394	663
raw SNP	395	663
raw SNP	395	664
raw SNP	396	664
raw SNP	396	668
raw SNP	397	668
raw SNP	397	671
raw SNP	398	671
raw SNP	398	672
raw SNP	401	672
raw SNP	401	674
raw SNP	403	674
raw SNP	403	675
raw SNP	405	675
raw SNP	405	681
raw SNP	407	681
raw SNP	407	684
raw SNP	408	684
raw SNP	408	689
raw SNP	410	689
raw SNP	410	690
raw SNP	412	690
raw SNP	412	691
raw SNP	414	691
raw SNP	414	698
raw SNP	416	698
raw SNP	416	699
raw SNP	418	699
raw SNP	418	700
raw SNP	419	700
raw SNP	419	702
raw SNP	420	702
raw SNP	420	704
raw SNP	422	704
raw SNP	422	705
raw SNP	425	705
raw SNP	425	707
raw SNP	426	707
raw SNP	426	711
raw SNP	427	711
raw SNP	427	714
raw SNP	429	714
raw SNP	429	715
raw SNP	430	715
raw SNP	430	720
raw SNP	431	720
raw SNP	431	724
raw SNP	432	724
raw SNP	432	725
raw SNP	434	725
raw SNP	434	728
raw SNP	435	728
raw SNP	435	730
raw SNP	436	730
raw SNP	436	734
raw SNP	437	734
raw SNP	437	738
raw SNP	438	738
raw SNP	438	740
raw SNP	439	740
raw SNP	439	742
raw SNP	440	742
raw SNP	440	744
raw SNP	442	744
raw SNP	442	745
raw SNP	443	745
raw SNP	443	746
raw SNP	444	746
raw SNP	444	747
raw SNP	445	747
raw SNP	445	749
raw SNP	446	749
raw SNP	446	754
raw SNP	450	754
raw SNP	450	756
raw SNP	451	756
raw SNP	451	757
raw SNP	454	757
raw SNP	454	758
raw SNP	456	758
raw SNP	456	772
raw SNP	459	772
raw SNP	459	773
raw SNP	460	773
raw SNP	460	775
raw SNP	463	775
raw SNP	463	777
raw SNP	464	777
raw SNP	464	781
raw SNP	465	781
raw SNP	465	782
raw SNP	466	782
raw SNP	466	783
raw SNP	467	783
raw SNP	467	786
raw SNP	468	786
raw SNP	468	787
raw SNP	469	787
raw SNP	469	788
raw SNP	470	788
raw SNP	470	790
raw SNP	471	790
raw SNP	471	791
raw SNP	474	791
raw SNP	474	792
raw SNP	475	792
raw SNP	475	796
raw SNP	477	796
raw SNP	477	797
raw SNP	478	797
raw SNP	478	799
raw SNP	479	799
raw SNP	479	800
raw SNP	480	800
raw SNP	480	804
raw SNP	482	804
raw SNP	482	805
raw SNP	485	805
raw SNP	485	808
raw SNP	487	808
raw SNP	487	809
raw SNP	490	809
raw SNP	490	810
raw SNP	493	810
raw SNP	493	811
raw SNP	495	811
raw SNP	495	814
raw SNP	496	814
raw SNP	496	815
raw SNP	497	815
raw SNP	497	816
raw SNP	500	816
raw SNP	500	823
raw SNP	501	823
raw SNP	501	824
raw SNP	502	824
raw SNP	502	826
raw SNP	505	826
raw SNP	505	828
raw SNP	507	828
raw SNP	507	830
raw SNP	510	830
raw SNP	510	831
raw SNP	511	831
raw SNP	511	832
raw SNP	512	832
raw SNP	512	834
raw SNP	513	834
raw SNP	513	835
raw SNP	514	835
raw SNP	514	836
raw SNP	515	836
raw SNP	515	839
raw SNP	518	839
raw SNP	518	840
raw SNP	519	840
raw SNP	519	844
raw SNP	520	844
raw SNP	520	846
raw SNP	522	846
raw SNP	522	847
raw SNP	523	847
raw SNP	523	849
raw SNP	524	849
raw SNP	524	850
raw SNP	526	850
raw SNP	526	851
raw SNP	527	851
raw SNP	527	853
raw SNP	529	853
raw SNP	529	856
raw SNP	530	856
raw SNP	530	859
raw SNP	534	859
raw SNP	534	861
raw SNP	535	861
raw SNP	535	862
raw SNP	537	862
raw SNP	537	867
raw SNP	539	867
raw SNP	539	870
raw SNP	540	870
raw SNP	540	873
raw SNP	542	873
raw SNP	542	874
raw SNP	543	874
raw SNP	543	875
raw SNP	545	875
raw SNP	545	885
raw SNP	546	885
raw SNP	546	887
raw SNP	547	887
raw SNP	547	888
raw SNP	548	888
raw SNP	548	890
raw SNP	550	890
raw SNP	550	891
raw SNP	551	891
raw SNP	551	893
raw SNP	552	893
raw SNP	552	894
raw SNP	555	894
raw SNP	555	895
raw SNP	556	895
raw SNP	556	898
raw SNP	557	898
raw SNP	557	903
raw SNP	561	903
raw SNP	561	904
raw SNP	563	904
raw SNP	563	907
raw SNP	564	907
raw SNP	564	910
raw SNP	566	910
raw SNP	566	916
raw SNP	567	916
raw SNP	567	922
raw SNP	569	922
raw SNP	569	923
raw SNP	572	923
raw SNP	572	924
raw SNP	573	924
raw SNP	573	928
raw SNP	575	928
raw SNP	575	931
raw SNP	577	931
raw SNP	577	937
raw SNP	578	937
raw SNP	578	939
raw SNP	579	939
raw SNP	579	940
raw SNP	580	940
raw SNP	580	943
raw SNP	581	943
raw SNP	581	945
raw SNP	583	945
raw SNP	583	947
raw SNP	584	947
raw SNP	584	949
raw SNP	585	949
raw SNP	585	951
raw SNP	586	951
raw SNP	586	952
raw SNP	587	952
raw SNP	587	956
raw SNP	589	956
raw SNP	589	958
raw SNP	590	958
raw SNP	590	961
raw SNP	591	961
raw SNP	591	964
raw SNP	595	964
raw SNP	595	965
raw SNP	598	965
raw SNP	598	966
raw SNP	599	966
raw SNP	599	968
raw SNP	601	968
raw SNP	601	969
raw SNP	603	969
raw SNP	603	970
raw SNP	604	970
raw SNP	604	974
raw SNP	605	974
raw SNP	605	975
raw SNP	606	975
raw SNP	606	980
raw SNP	607	980
raw SNP	607	981
raw SNP	608	981
raw SNP	608	986
raw SNP	609	986
raw SNP	609	990
raw SNP	611	990
raw SNP	611	997
raw SNP	613	997
raw SNP	613	999
raw SNP	614	999
raw SNP	614	1000
raw SNP	615	1000
raw SNP	615	1001
raw SNP	616	1001
raw SNP	616	1005
raw SNP	621	1005
raw SNP	621	1006
raw SNP	623	1006
raw SNP	623	1008
raw SNP	624	1008
raw SNP	624	1009
raw SNP	625	1009
raw SNP	625	1010
raw SNP	627	1010
raw SNP	627	1011
raw SNP	629	1011
raw SNP	629	1012
raw SNP	630	1012
raw SNP	630	1013
raw SNP	632	1013
raw SNP	632	1014
raw SNP	633	1014
raw SNP	633	1019
raw SNP	636	1019
raw SNP	636	1020
raw SNP	637	1020
raw SNP	637	1021
raw SNP	639	1021
raw SNP	639	1022
raw SNP	640	1022
raw SNP	640	1026
raw SNP	642	1026
raw SNP	642	1028
raw SNP	643	1028
raw SNP	643	1035
raw SNP	645	1035
raw SNP	645	1037
raw SNP	648	1037
raw SNP	648	1038
raw SNP	649	1038
raw SNP	649	1039
raw SNP	650	1039
raw SNP	650	1042
raw SNP	656	1042
raw SNP	656	1043
raw SNP	657	1043
raw SNP	657	1045
raw SNP	658	1045
raw SNP	658	1046
raw SNP	659	1046
raw SNP	659	1047
raw SNP	661	1047
raw SNP	661	1056
raw SNP	662	1056
raw SNP	662	1059
raw SNP	664	1059
raw SNP	664	1060
raw SNP	665	1060
raw SNP	665	1061
raw SNP	666	1061
raw SNP	666	1068
raw SNP	668	1068
raw SNP	668	1069
raw SNP	669	1069
raw SNP	669	1070
raw SNP	670	1070
raw SNP	670	1072
raw SNP	672	1072
raw SNP	672	1073
raw SNP	673	1073
raw SNP	673	1077
raw SNP	677	1077
raw SNP	677	1080
raw SNP	678	1080
raw SNP	678	1081
raw SNP	679	1081
raw SNP	679	1086
raw SNP	681	1086
raw SNP	681	1087
raw SNP	682	1087
raw SNP	682	1088
raw SNP	683	1088
raw SNP	683	1089
raw SNP	684	1089
raw SNP	684	1091
raw SNP	685	1091
raw SNP	685	1093
raw SNP	686	1093
raw SNP	686	1095
raw SNP	689	1095
raw SNP	689	1097
raw SNP	691	1097
raw SNP	691	1099
raw SNP	692	1099
raw SNP	692	1101
raw SNP	695	1101
raw SNP	695	1103
raw SNP	698	1103
raw SNP	698	1106
raw SNP	699	1106
raw SNP	699	1107
raw SNP	700	1107
raw SNP	700	1109
raw SNP	702	1109
raw SNP	702	1110
raw SNP	704	1110
raw SNP	704	1116
raw SNP	706	1116
raw SNP	706	1118
raw SNP	707	1118
raw SNP	707	1119
raw SNP	708	1119
raw SNP	708	1120
raw SNP	711	1120
raw SNP	711	1124
raw SNP	712	1124
raw SNP	712	1129
raw SNP	713	1129
raw SNP	713	1132
raw SNP	714	1132
raw SNP	714	1135
raw SNP	715	1135
raw SNP	715	1138
raw SNP	716	1138
raw SNP	716	1140
raw SNP	717	1140
raw SNP	717	1146
raw SNP	718	1146
raw SNP	718	1152
raw SNP	721	1152
raw SNP	721	1155
raw SNP	723	1155
raw SNP	723	1159
raw SNP	724	1159
raw SNP	724	1163
raw SNP	729	1163
raw SNP	729	1165
raw SNP	730	1165
raw SNP	730	1166
raw SNP	732	1166
raw SNP	732	1169
raw SNP	735	1169
raw SNP	735	1170
raw SNP	736	1170
raw SNP	736	1173
raw SNP	737	1173
raw SNP	737	1180
raw SNP	738	1180
raw SNP	738	1181
raw SNP	739	1181
raw SNP	739	1182
raw SNP	740	1182
raw SNP	740	1183
raw SNP	743	1183
raw SNP	743	1185
raw SNP	744	1185
raw SNP	744	1188
raw SNP	745	1188
raw SNP	745	1189
raw SNP	746	1189
raw SNP	746	1194
raw SNP	747	1194
raw SNP	747	1195
raw SNP	748	1195
raw SNP	748	1196
raw SNP	750	1196
raw SNP	750	1197
raw SNP	751	1197
raw SNP	751	1198
raw SNP	752	1198
raw SNP	752	1199
raw SNP	754	1199
raw SNP	754	1201
raw SNP	756	1201
raw SNP	756	1203
raw SNP	757	1203
raw SNP	757	1206
raw SNP	758	1206
raw SNP	758	1213
raw SNP	760	1213
raw SNP	760	1214
raw SNP	765	1214
raw SNP	765	1215
raw SNP	766	1215
raw SNP	766	1216
raw SNP	767	1216
raw SNP	767	1218
raw SNP	769	1218
raw SNP	769	1226
raw SNP	770	1226
raw SNP	770	1229
raw SNP	775	1229
raw SNP	775	1231
raw SNP	777	1231
raw SNP	777	1233
raw SNP	778	1233
raw SNP	778	1237
raw SNP	780	1237
raw SNP	780	1238
raw SNP	781	1238
raw SNP	781	1240
raw SNP	786	1240
raw SNP	786	1242
raw SNP	788	1242
raw SNP	788	1243
raw SNP	791	1243
raw SNP	791	1244
raw SNP	792	1244
raw SNP	792	1247
raw SNP	793	1247
raw SNP	793	1248
raw SNP	794	1248
raw SNP	794	1249
raw SNP	796	1249
raw SNP	796	1252
raw SNP	797	1252
raw SNP	797	1253
raw SNP	798	1253
raw SNP	798	1255
raw SNP	799	1255
raw SNP	799	1257
raw SNP	800	1257
raw SNP	800	1266
raw SNP	801	1266
raw SNP	801	1267
raw SNP	802	1267
raw SNP	802	1268
raw SNP	803	1268
raw SNP	803	1269
raw SNP	804	1269
raw SNP	804	1270
raw SNP	805	1270
raw SNP	805	1272
raw SNP	806	1272
raw SNP	806	1273
raw SNP	807	1273
raw SNP	807	1274
raw SNP	808	1274
raw SNP	808	1276
raw SNP	809	1276
raw SNP	809	1277
raw SNP	810	1277
raw SNP	810	1278
raw SNP	811	1278
raw SNP	811	1279
raw SNP	812	1279
raw SNP	812	1284
raw SNP	817	1284
raw SNP	817	1286
raw SNP	819	1286
raw SNP	819	1287
raw SNP	823	1287
raw SNP	823	1294
raw SNP	824	1294
raw SNP	824	1295
raw SNP	826	1295
raw SNP	826	1297
raw SNP	828	1297
raw SNP	828	1298
raw SNP	829	1298
raw SNP	829	1299
raw SNP	830	1299
raw SNP	830	1300
raw SNP	831	1300
raw SNP	831	1305
raw SNP	832	1305
raw SNP	832	1307
raw SNP	833	1307
raw SNP	833	1308
raw SNP	835	1308
raw SNP	835	1309
raw SNP	837	1309
raw SNP	837	1311
raw SNP	838	1311
raw SNP	838	1312
raw SNP	841	1312
raw SNP	841	1313
raw SNP	842	1313
raw SNP	842	1315
raw SNP	843	1315
raw SNP	843	1317
raw SNP	844	1317
raw SNP	844	1321
raw SNP	846	1321
raw SNP	846	1322
raw SNP	849	1322
raw SNP	849	1323
raw SNP	850	1323
raw SNP	850	1325
raw SNP	851	1325
raw SNP	851	1326
raw SNP	852	1326
raw SNP	852	1336
raw SNP	853	1336
raw SNP	853	1337
raw SNP	856	1337
raw SNP	856	1340
raw SNP	857	1340
raw SNP	857	1341
raw SNP	859	1341
raw SNP	859	1344
raw SNP	860	1344
raw SNP	860	1345
raw SNP	863	1345
raw SNP	863	1346
raw SNP	866	1346
raw SNP	866	1348
raw SNP	869	1348
raw SNP	869	1350
raw SNP	870	1350
raw SNP	870	1352
raw SNP	872	1352
raw SNP	872	1358
raw SNP	873	1358
raw SNP	873	1359
raw SNP	875	1359
raw SNP	875	1360
raw SNP	877	1360
raw SNP	877	1362
raw SNP	879	1362
raw SNP	879	1363
raw SNP	888	1363
raw SNP	888	1366
raw SNP	891	1366
raw SNP	891	1370
raw SNP	892	1370
raw SNP	892	1373
raw SNP	894	1373
raw SNP	894	1377
raw SNP	897	1377
raw SNP	897	1378
raw SNP	898	1378
raw SNP	898	1379
raw SNP	899	1379
raw SNP	899	1380
raw SNP	900	1380
raw SNP	900	1387
raw SNP	901	1387
raw SNP	901	1388
raw SNP	903	1388
raw SNP	903	1391
raw SNP	905	1391
raw SNP	905	1395
raw SNP	906	1395
raw SNP	906	1400
raw SNP	907	1400
raw SNP	907	1401
raw SNP	911	1401
raw SNP	911	1404
raw SNP	912	1404
raw SNP	912	1405
raw SNP	913	1405
raw SNP	913	1406
raw SNP	914	1406
raw SNP	914	1410
raw SNP	915	1410
raw SNP	915	1412
raw SNP	916	1412
raw SNP	916	1413
raw SNP	918	1413
raw SNP	918	1415
raw SNP	919	1415
raw SNP	919	1416
raw SNP	921	1416
raw SNP	921	1417
raw SNP	922	1417
raw SNP	922	1420
raw SNP	924	1420
raw SNP	924	1421
raw SNP	929	1421
raw SNP	929	1424
raw SNP	930	1424
raw SNP	930	1425
raw SNP	933	1425
raw SNP	933	1427
raw SNP	935	1427
raw SNP	935	1428
raw SNP	938	1428
raw SNP	938	1430
raw SNP	940	1430
raw SNP	940	1431
raw SNP	943	1431
raw SNP	943	1437
raw SNP	944	1437
raw SNP	944	1438
raw SNP	946	1438
raw SNP	946	1440
raw SNP	947	1440
raw SNP	947	1444
raw SNP	949	1444
raw SNP	949	1448
raw SNP	953	1448
raw SNP	953	1450
raw SNP	954	1450
raw SNP	954	1452
raw SNP	955	1452
raw SNP	955	1453
raw SNP	960	1453
raw SNP	960	1459
raw SNP	961	1459
raw SNP	961	1460
raw SNP	962	1460
raw SNP	962	1464
raw SNP	963	1464
raw SNP	963	1465
raw SNP	964	1465
raw SNP	964	1466
raw SNP	965	1466
raw SNP	965	1467
raw SNP	968	1467
raw SNP	968	1471
raw SNP	971	1471
raw SNP	971	1472
raw SNP	972	1472
raw SNP	972	1474
raw SNP	974	1474
raw SNP	974	1475
raw SNP	975	1475
raw SNP	975	1476
raw SNP	976	1476
raw SNP	976	1477
raw SNP	978	1477
raw SNP	978	1479
raw SNP	981	1479
raw SNP	981	1481
raw SNP	982	1481
raw SNP	982	1483
raw SNP	983	1483
raw SNP	983	1488
raw SNP	985	1488
raw SNP	985	1493
raw SNP	987	1493
raw SNP	987	1494
raw SNP	990	1494
raw SNP	990	1495
raw SNP	991	1495
raw SNP	991	1497
raw SNP	993	1497
raw SNP	993	1499
raw SNP	994	1499
raw SNP	994	1502
raw SNP	997	1502
raw SNP	997	1505
raw SNP	1000	1505
raw SNP	1000	1511
raw SNP	1001	1511
raw SNP	1001	1512
raw SNP	1003	1512
raw SNP	1003	1514
raw SNP	1004	1514
raw SNP	1004	1516
raw SNP	1007	1516
raw SNP	1007	1517
raw SNP	1012	1517
raw SNP	1012	1520
raw SNP	1013	1520
raw SNP	1013	1522
raw SNP	1014	1522
raw SNP	1014	1524
raw SNP	1018	1524
raw SNP	1018	1525
raw SNP	1019	1525
raw SNP	1019	1528
raw SNP	1028	1528
raw SNP	1028	1530
raw SNP	1029	1530
raw SNP	1029	1532
raw SNP	1032	1532
raw SNP	1032	1533
raw SNP	1033	1533
raw SNP	1033	1534
raw SNP	1036	1534
raw SNP	1036	1535
raw SNP	1039	1535
raw SNP	1039	1539
raw SNP	1041	1539
raw SNP	1041	1540
raw SNP	1042	1540
raw SNP	1042	1543
raw SNP	1043	1543
raw SNP	1043	1544
raw SNP	1044	1544
raw SNP	1044	1546
raw SNP	1045	1546
raw SNP	1045	1547
raw SNP	1046	1547
raw SNP	1046	1550
raw SNP	1049	1550
raw SNP	1049	1554
raw SNP	1050	1554
raw SNP	1050	1556
raw SNP	1051	1556
raw SNP	1051	1561
raw SNP	1052	1561
raw SNP	1052	1562
raw SNP	1053	1562
raw SNP	1053	1564
raw SNP	1056	1564
raw SNP	1056	1565
raw SNP	1057	1565
raw SNP	1057	1566
raw SNP	1059	1566
raw SNP	1059	1567
raw SNP	1061	1567
raw SNP	1061	1573
raw SNP	1063	1573
raw SNP	1063	1574
raw SNP	1064	1574
raw SNP	1064	1579
raw SNP	1065	1579
raw SNP	1065	1581
raw SNP	1067	1581
raw SNP	1067	1582
raw SNP	1068	1582
raw SNP	1068	1583
raw SNP	1069	1583
raw SNP	1069	1587
raw SNP	1071	1587
raw SNP	1071	1588
raw SNP	1074	1588
raw SNP	1074	1590
raw SNP	1076	1590
raw SNP	1076	1594
raw SNP	1077	1594
raw SNP	1077	1595
raw SNP	1078	1595
raw SNP	1078	1596
raw SNP	1082	1596
raw SNP	1082	1601
raw SNP	1086	1601
raw SNP	1086	1602
raw SNP	1088	1602
raw SNP	1088	1603
raw SNP	1089	1603
raw SNP	1089	1604
raw SNP	1090	1604
raw SNP	1090	1606
raw SNP	1093	1606
raw SNP	1093	1607
raw SNP	1095	1607
raw SNP	1095	1608
raw SNP	1096	1608
raw SNP	1096	1609
raw SNP	1097	1609
raw SNP	1097	1610
raw SNP	1098	1610
raw SNP	1098	1611
raw SNP	1099	1611
raw SNP	1099	1613
raw SNP	1101	1613
raw SNP	1101	1614
raw SNP	1103	1614
raw SNP	1103	1615
raw SNP	1108	1615
raw SNP	1108	1617
raw SNP	1109	1617
raw SNP	1109	1618
raw SNP	1111	1618
raw SNP	1111	1621
raw SNP	1112	1621
raw SNP	1112	1622
raw SNP	1115	1622
raw SNP	1115	1623
raw SNP	1116	1623
raw SNP	1116	1624
raw SNP	1117	1624
raw SNP	1117	1625
raw SNP	1118	1625
raw SNP	1118	1627
raw SNP	1119	1627
raw SNP	1119	1629
raw SNP	1120	1629
raw SNP	1120	1630
raw SNP	1121	1630
raw SNP	1121	1631
raw SNP	1122	1631
raw SNP	1122	1636
raw SNP	1128	1636
raw SNP	1128	1637
raw SNP	1130	1637
raw SNP	1130	1638
raw SNP	1133	1638
raw SNP	1133	1639
raw SNP	1136	1639
raw SNP	1136	1640
raw SNP	1137	1640
raw SNP	1137	1641
raw SNP	1143	1641
raw SNP	1143	1645
raw SNP	1145	1645
raw SNP	1145	1646
raw SNP	1146	1646
raw SNP	1146	1651
raw SNP	1148	1651
raw SNP	1148	1653
raw SNP	1149	1653
raw SNP	1149	1655
raw SNP	1152	1655
raw SNP	1152	1657
raw SNP	1153	1657
raw SNP	1153	1659
raw SNP	1154	1659
raw SNP	1154	1661
raw SNP	1156	1661
raw SNP	1156	1662
raw SNP	1157	1662
raw SNP	1157	1663
raw SNP	1159	1663
raw SNP	1159	1666
raw SNP	1161	1666
raw SNP	1161	1668
raw SNP	1162	1668
raw SNP	1162	1670
raw SNP	1163	1670
raw SNP	1163	1671
raw SNP	1167	1671
raw SNP	1167	1672
raw SNP	1169	1672
raw SNP	1169	1673
raw SNP	1170	1673
raw SNP	1170	1674
raw SNP	1171	1674
raw SNP	1171	1678
raw SNP	1172	1678
raw SNP	1172	1679
raw SNP	1175	1679
raw SNP	1175	1680
raw SNP	1176	1680
raw SNP	1176	1681
raw SNP	1177	1681
raw SNP	1177	1685
raw SNP	1182	1685
raw SNP	1182	1688
raw SNP	1183	1688
raw SNP	1183	1689
raw SNP	1184	1689
raw SNP	1184	1693
raw SNP	1189	1693
raw SNP	1189	1694
raw SNP	1193	1694
raw SNP	1193	1695
raw SNP	1196	1695
raw SNP	1196	1697
raw SNP	1197	1697
raw SNP	1197	1698
raw SNP	1198	1698
raw SNP	1198	1700
raw SNP	1202	1700
raw SNP	1202	1702
raw SNP	1208	1702
raw SNP	1208	1703
raw SNP	1209	1703
raw SNP	1209	1704
raw SNP	1210	1704
raw SNP	1210	1706
raw SNP	1214	1706
raw SNP	1214	1708
raw SNP	1215	1708
raw SNP	1215	1709
raw SNP	1217	1709
raw SNP	1217	1713
raw SNP	1218	1713
raw SNP	1218	1714
raw SNP	1219	1714
raw SNP	1219	1718
raw SNP	1224	1718
raw SNP	1224	1719
raw SNP	1229	1719
raw SNP	1229	1720
raw SNP	1231	1720
raw SNP	1231	1721
raw SNP	1232	1721
raw SNP	1232	1722
raw SNP	1235	1722
raw SNP	1235	1723
raw SNP	1236	1723
raw SNP	1236	1727
raw SNP	1237	1727
raw SNP	1237	1728
raw SNP	1239	1728
raw SNP	1239	1729
raw SNP	1240	1729
raw SNP	1240	1730
raw SNP	1241	1730
raw SNP	1241	1732
raw SNP	1242	1732
raw SNP	1242	1736
raw SNP	1246	1736
raw SNP	1246	1739
raw SNP	1247	1739
raw SNP	1247	1741
raw SNP	1249	1741
raw SNP	1249	1742
raw SNP	1250	1742
raw SNP	1250	1745
raw SNP	1251	1745
raw SNP	1251	1747
raw SNP	1254	1747
raw SNP	1254	1751
raw SNP	1255	1751
raw SNP	1255	1754
raw SNP	1257	1754
raw SNP	1257	1756
raw SNP	1259	1756
raw SNP	1259	1760
raw SNP	1260	1760
raw SNP	1260	1761
raw SNP	1261	1761
raw SNP	1261	1762
raw SNP	1263	1762
raw SNP	1263	1764
raw SNP	1265	1764
raw SNP	1265	1767
raw SNP	1266	1767
raw SNP	1266	1769
raw SNP	1267	1769
raw SNP	1267	1770
raw SNP	1270	1770
raw SNP	1270	1772
raw SNP	1272	1772
raw SNP	1272	1774
raw SNP	1273	1774
raw SNP	1273	1775
raw SNP	1275	1775
raw SNP	1275	1776
raw SNP	1280	1776
raw SNP	1280	1777
raw SNP	1282	1777
raw SNP	1282	1780
raw SNP	1286	1780
raw SNP	1286	1782
raw SNP	1291	1782
raw SNP	1291	1784
raw SNP	1293	1784
raw SNP	1293	1786
raw SNP	1294	1786
raw SNP	1294	1788
raw SNP	1296	1788
raw SNP	1296	1790
raw SNP	1297	1790
raw SNP	1297	1791
raw SNP	1299	1791
raw SNP	1299	1795
raw SNP	1301	1795
raw SNP	1301	1799
raw SNP	1304	1799
raw SNP	1304	1801
raw SNP	1305	1801
raw SNP	1305	1802
raw SNP	1306	1802
raw SNP	1306	1803
raw SNP	1310	1803
raw SNP	1310	1804
raw SNP	1311	1804
raw SNP	1311	1807
raw SNP	1312	1807
raw SNP	1312	1810
raw SNP	1314	1810
raw SNP	1314	1813
raw SNP	1317	1813
raw SNP	1317	1814
raw SNP	1318	1814
raw SNP	1318	1815
raw SNP	1323	1815
raw SNP	1323	1816
raw SNP	1327	1816
raw SNP	1327	1819
raw SNP	1330	1819
raw SNP	1330	1823
raw SNP	1334	1823
raw SNP	1334	1825
raw SNP	1336	1825
raw SNP	1336	1829
raw SNP	1337	1829
raw SNP	1337	1830
raw SNP	1338	1830
raw SNP	1338	1832
raw SNP	1339	1832
raw SNP	1339	1833
raw SNP	1343	1833
raw SNP	1343	1835
raw SNP	1345	1835
raw SNP	1345	1837
raw SNP	1348	1837
raw SNP	1348	1838
raw SNP	1350	1838
raw SNP	1350	1839
raw SNP	1351	1839
raw SNP	1351	1841
raw SNP	1352	1841
raw SNP	1352	1842
raw SNP	1354	1842
raw SNP	1354	1844
raw SNP	1355	1844
raw SNP	1355	1845
raw SNP	1357	1845
raw SNP	1357	1848
raw SNP	1361	1848
raw SNP	1361	1850
raw SNP	1362	1850
raw SNP	1362	1852
raw SNP	1364	1852
raw SNP	1364	1853
raw SNP	1365	1853
raw SNP	1365	1854
raw SNP	1366	1854
raw SNP	1366	1856
raw SNP	1368	1856
raw SNP	1368	1857
raw SNP	1369	1857
raw SNP	1369	1858
raw SNP	1374	1858
raw SNP	1374	1859
raw SNP	1376	1859
raw SNP	1376	1860
raw SNP	1377	1860
raw SNP	1377	1861
raw SNP	1378	1861
raw SNP	1378	1862
raw SNP	1379	1862
raw SNP	1379	1863
raw SNP	1385	1863
raw SNP	1385	1864
raw SNP	1387	1864
raw SNP	1387	1865
raw SNP	1388	1865
raw SNP	1388	1866
raw SNP	1390	1866
raw SNP	1390	1867
raw SNP	1394	1867
raw SNP	1394	1868
raw SNP	1396	1868
raw SNP	1396	1871
raw SNP	1400	1871
raw SNP	1400	1872
raw SNP	1404	1872
raw SNP	1404	1873
raw SNP	1411	1873
raw SNP	1411	1874
raw SNP	1412	1874
raw SNP	1412	1877
raw SNP	1413	1877
raw SNP	1413	1878
raw SNP	1414	1878
raw SNP	1414	1879
raw SNP	1417	1879
raw SNP	1417	1880
raw SNP	1420	1880
raw SNP	1420	1881
raw SNP	1421	1881
raw SNP	1421	1884
raw SNP	1423	1884
raw SNP	1423	1886
raw SNP	1425	1886
raw SNP	1425	1887
raw SNP	1426	1887
raw SNP	1426	1888
raw SNP	1428	1888
raw SNP	1428	1889
raw SNP	1429	1889
raw SNP	1429	1890
raw SNP	1431	1890
raw SNP	1431	1891
raw SNP	1434	1891
raw SNP	1434	1892
raw SNP	1436	1892
raw SNP	1436	1896
raw SNP	1439	1896
raw SNP	1439	1898
raw SNP	1440	1898
raw SNP	1440	1899
raw SNP	1444	1899
raw SNP	1444	1900
raw SNP	1445	1900
raw SNP	1445	1901
raw SNP	1447	1901
raw SNP	1447	1902
raw SNP	1448	1902
raw SNP	1448	1903
raw SNP	1449	1903
raw SNP	1449	1904
raw SNP	1450	1904
raw SNP	1450	1905
raw SNP	1452	1905
raw SNP	1452	1906
raw SNP	1455	1906
raw SNP	1455	1907
raw SNP	1459	1907
raw SNP	1459	1908
raw SNP	1465	1908
raw SNP	1465	1909
raw SNP	1467	1909
raw SNP	1467	1912
raw SNP	1471	1912
raw SNP	1471	1913
raw SNP	1472	1913
raw SNP	1472	1914
raw SNP	1473	1914
raw SNP	1473	1915
raw SNP	1474	1915
raw SNP	1474	1916
raw SNP	1477	1916
raw SNP	1477	1918
raw SNP	1479	1918
raw SNP	1479	1920
raw SNP	1481	1920
raw SNP	1481	1921
raw SNP	1483	1921
raw SNP	1483	1922
raw SNP	1485	1922
raw SNP	1485	1923
raw SNP	1489	1923
raw SNP	1489	1924
raw SNP	1494	1924
raw SNP	1494	1925
raw SNP	1498	1925
raw SNP	1498	1928
raw SNP	1500	1928
raw SNP	1500	1929
raw SNP	1503	1929
raw SNP	1503	1931
raw SNP	1504	1931
raw SNP	1504	1933
raw SNP	1505	1933
raw SNP	1505	1935
raw SNP	1506	1935
raw SNP	1506	1936
raw SNP	1507	1936
raw SNP	1507	1938
raw SNP	1508	1938
raw SNP	1508	1939
raw SNP	1509	1939
raw SNP	1509	1940
raw SNP	1511	1940
raw SNP	1511	1941
raw SNP	1512	1941
raw SNP	1512	1942
raw SNP	1513	1942
raw SNP	1513	1943
raw SNP	1515	1943
raw SNP	1515	1946
raw SNP	1517	1946
raw SNP	1517	1948
raw SNP	1519	1948
raw SNP	1519	1949
raw SNP	1520	1949
raw SNP	1520	1950
raw SNP	1528	1950
raw SNP	1528	1951
raw SNP	1529	1951
raw SNP	1529	1954
raw SNP	1532	1954
raw SNP	1532	1957
raw SNP	1534	1957
raw SNP	1534	1958
raw SNP	1536	1958
raw SNP	1536	1959
raw SNP	1537	1959
raw SNP	1537	1960
raw SNP	1539	1960
raw SNP	1539	1962
raw SNP	1541	1962
raw SNP	1541	1963
raw SNP	1543	1963
raw SNP	1543	1964
raw SNP	1548	1964
raw SNP	1548	1965
raw SNP	1551	1965
raw SNP	1551	1967
raw SNP	1552	1967
raw SNP	1552	1969
raw SNP	1554	1969
raw SNP	1554	1970
raw SNP	1556	1970
raw SNP	1556	1972
raw SNP	1557	1972
raw SNP	1557	1973
raw SNP	1559	1973
raw SNP	1559	1976
raw SNP	1560	1976
raw SNP	1560	1977
raw SNP	1563	1977
raw SNP	1563	1978
raw SNP	1564	1978
raw SNP	1564	1980
raw SNP	1565	1980
raw SNP	1565	1982
raw SNP	1571	1982
raw SNP	1571	1983
raw SNP	1574	1983
raw SNP	1574	1984
raw SNP	1575	1984
raw SNP	1575	1985
raw SNP	1576	1985
raw SNP	1576	1987
raw SNP	1580	1987
raw SNP	1580	1988
raw SNP	1581	1988
raw SNP	1581	1992
raw SNP	1584	1992
raw SNP	1584	1993
raw SNP	1586	1993
raw SNP	1586	1995
raw SNP	1588	1995
raw SNP	1588	1996
raw SNP	1592	1996
raw SNP	1592	1997
raw SNP	1593	1997
raw SNP	1593	2000
raw SNP	1595	2000
raw SNP	1595	2003
raw SNP	1597	2003
raw SNP	1597	2004
raw SNP	1598	2004
raw SNP	1598	2006
raw SNP	1602	2006
raw SNP	1602	2007
raw SNP	1608	2007
raw SNP	1608	2008
raw SNP	1610	2008
raw SNP	1610	2009
raw SNP	1611	2009
raw SNP	1611	2012
raw SNP	1617	2012
raw SNP	1617	2013
raw SNP	1620	2013
raw SNP	1620	2014
raw SNP	1624	2014
raw SNP	1624	2016
raw SNP	1625	2016
raw SNP	1625	2017
raw SNP	1629	2017
raw SNP	1629	2021
raw SNP	1630	2021
raw SNP	1630	2022
raw SNP	1632	2022
raw SNP	1632	2023
raw SNP	1639	2023
raw SNP	1639	2024
raw SNP	1640	2024
raw SNP	1640	2025
raw SNP	1642	2025
raw SNP	1642	2026
raw SNP	1643	2026
raw SNP	1643	2027
raw SNP	1644	2027
raw SNP	1644	2028
raw SNP	1645	2028
raw SNP	1645	2030
raw SNP	1647	2030
raw SNP	1647	2031
raw SNP	1648	2031
raw SNP	1648	2032
raw SNP	1650	2032
raw SNP	1650	2033
raw SNP	1654	2033
raw SNP	1654	2035
raw SNP	1655	2035
raw SNP	1655	2036
raw SNP	1657	2036
raw SNP	1657	2038
raw SNP	1661	2038
raw SNP	1661	2047
raw SNP	1667	2047
raw SNP	1667	2048
raw SNP	1668	2048
raw SNP	1668	2050
raw SNP	1670	2050
raw SNP	1670	2051
raw SNP	1673	2051
raw SNP	1673	2052
raw SNP	1674	2052
raw SNP	1674	2054
raw SNP	1677	2054
raw SNP	1677	2055
raw SNP	1678	2055
raw SNP	1678	2056
raw SNP	1680	2056
raw SNP	1680	2062
raw SNP	1682	2062
raw SNP	1682	2063
raw SNP	1684	2063
raw SNP	1684	2064
raw SNP	1685	2064
raw SNP	1685	2065
raw SNP	1686	2065
raw SNP	1686	2067
raw SNP	1687	2067
raw SNP	1687	2069
raw SNP	1688	2069
raw SNP	1688	2070
raw SNP	1694	2070
raw SNP	1694	2071
raw SNP	1695	2071
raw SNP	1695	2074
raw SNP	1696	2074
raw SNP	1696	2077
raw SNP	1699	2077
raw SNP	1699	2080
raw SNP	1700	2080
raw SNP	1700	2086
raw SNP	1702	2086
raw SNP	1702	2087
raw SNP	1705	2087
raw SNP	1705	2088
raw SNP	1706	2088
raw SNP	1706	2089
raw SNP	1708	2089
raw SNP	1708	2090
raw SNP	1714	2090
raw SNP	1714	2091
raw SNP	1722	2091
raw SNP	1722	2096
raw SNP	1724	2096
raw SNP	1724	2097
raw SNP	1725	2097
raw SNP	1725	2098
raw SNP	1728	2098
raw SNP	1728	2099
raw SNP	1729	2099
raw SNP	1729	2100
raw SNP	1732	2100
raw SNP	1732	2104
raw SNP	1734	2104
raw SNP	1734	2109
raw SNP	1736	2109
raw SNP	1736	2110
raw SNP	1738	2110
raw SNP	1738	2111
raw SNP	1743	2111
raw SNP	1743	2112
raw SNP	1744	2112
raw SNP	1744	2113
raw SNP	1746	2113
raw SNP	1746	2115
raw SNP	1750	2115
raw SNP	1750	2118
raw SNP	1751	2118
raw SNP	1751	2119
raw SNP	1755	2119
raw SNP	1755	2120
raw SNP	1758	2120
raw SNP	1758	2121
raw SNP	1761	2121
raw SNP	1761	2123
raw SNP	1762	2123
raw SNP	1762	2125
raw SNP	1767	2125
raw SNP	1767	2126
raw SNP	1768	2126
raw SNP	1768	2130
raw SNP	1771	2130
raw SNP	1771	2132
raw SNP	1772	2132
raw SNP	1772	2135
raw SNP	1775	2135
raw SNP	1775	2140
raw SNP	1781	2140
raw SNP	1781	2143
raw SNP	1783	2143
raw SNP	1783	2144
raw SNP	1786	2144
raw SNP	1786	2145
raw SNP	1787	2145
raw SNP	1787	2146
raw SNP	1788	2146
raw SNP	1788	2147
raw SNP	1792	2147
raw SNP	1792	2150
raw SNP	1794	2150
raw SNP	1794	2151
raw SNP	1798	2151
raw SNP	1798	2153
raw SNP	1799	2153
raw SNP	1799	2154
raw SNP	1800	2154
raw SNP	1800	2155
raw SNP	1801	2155
raw SNP	1801	2159
raw SNP	1802	2159
raw SNP	1802	2162
raw SNP	1803	2162
raw SNP	1803	2164
raw SNP	1805	2164
raw SNP	1805	2166
raw SNP	1809	2166
raw SNP	1809	2169
raw SNP	1812	2169
raw SNP	1812	2170
raw SNP	1814	2170
raw SNP	1814	2172
raw SNP	1815	2172
raw SNP	1815	2175
raw SNP	1817	2175
raw SNP	1817	2177
raw SNP	1818	2177
raw SNP	1818	2178
raw SNP	1819	2178
raw SNP	1819	2180
raw SNP	1822	2180
raw SNP	1822	2181
raw SNP	1827	2181
raw SNP	1827	2185
raw SNP	1828	2185
raw SNP	1828	2186
raw SNP	1830	2186
raw SNP	1830	2188
raw SNP	1831	2188
raw SNP	1831	2189
raw SNP	1833	2189
raw SNP	1833	2191
raw SNP	1836	2191
raw SNP	1836	2192
raw SNP	1838	2192
raw SNP	1838	2193
raw SNP	1840	2193
raw SNP	1840	2196
raw SNP	1841	2196
raw SNP	1841	2197
raw SNP	1843	2197
raw SNP	1843	2199
raw SNP	1845	2199
raw SNP	1845	2200
raw SNP	1847	2200
raw SNP	1847	2201
raw SNP	1850	2201
raw SNP	1850	2202
raw SNP	1851	2202
raw SNP	1851	2204
raw SNP	1858	2204
raw SNP	1858	2206
raw SNP	1859	2206
raw SNP	1859	2207
raw SNP	1860	2207
raw SNP	1860	2209
raw SNP	1862	2209
raw SNP	1862	2210
raw SNP	1864	2210
raw SNP	1864	2213
raw SNP	1865	2213
raw SNP	1865	2214
raw SNP	1866	2214
raw SNP	1866	2216
raw SNP	1868	2216
raw SNP	1868	2218
raw SNP	1869	2218
raw SNP	1869	2221
raw SNP	1870	2221
raw SNP	1870	2225
raw SNP	1872	2225
raw SNP	1872	2227
raw SNP	1876	2227
raw SNP	1876	2228
raw SNP	1877	2228
raw SNP	1877	2231
raw SNP	1878	2231
raw SNP	1878	2233
raw SNP	1880	2233
raw SNP	1880	2234
raw SNP	1883	2234
raw SNP	1883	2235
raw SNP	1887	2235
raw SNP	1887	2239
raw SNP	1889	2239
raw SNP	1889	2245
raw SNP	1890	2245
raw SNP	1890	2246
raw SNP	1892	2246
raw SNP	1892	2247
raw SNP	1893	2247
raw SNP	1893	2248
raw SNP	1894	2248
raw SNP	1894	2249
raw SNP	1897	2249
raw SNP	1897	2250
raw SNP	1900	2250
raw SNP	1900	2252
raw SNP	1902	2252
raw SNP	1902	2253
raw SNP	1907	2253
raw SNP	1907	2257
raw SNP	1908	2257
raw SNP	1908	2261
raw SNP	1909	2261
raw SNP	1909	2262
raw SNP	1913	2262
raw SNP	1913	2265
raw SNP	1917	2265
raw SNP	1917	2266
raw SNP	1918	2266
raw SNP	1918	2270
raw SNP	1919	2270
raw SNP	1919	2272
raw SNP	1920	2272
raw SNP	1920	2273
raw SNP	1921	2273
raw SNP	1921	2274
raw SNP	1924	2274
raw SNP	1924	2276
raw SNP	1926	2276
raw SNP	1926	2277
raw SNP	1929	2277
raw SNP	1929	2279
raw SNP	1930	2279
raw SNP	1930	2280
raw SNP	1936	2280
raw SNP	1936	2281
raw SNP	1938	2281
raw SNP	1938	2282
raw SNP	1940	2282
raw SNP	1940	2284
raw SNP	1948	2284
raw SNP	1948	2285
raw SNP	1950	2285
raw SNP	1950	2286
raw SNP	1953	2286
raw SNP	1953	2287
raw SNP	1957	2287
raw SNP	1957	2289
raw SNP	1960	2289
raw SNP	1960	2290
raw SNP	1964	2290
raw SNP	1964	2291
raw SNP	1965	2291
raw SNP	1965	2294
raw SNP	1968	2294
raw SNP	1968	2295
raw SNP	1974	2295
raw SNP	1974	2297
raw SNP	1977	2297
raw SNP	1977	2298
raw SNP	1983	2298
raw SNP	1983	2299
raw SNP	1985	2299
raw SNP	1985	2301
raw SNP	1987	2301
raw SNP	1987	2303
raw SNP	1988	2303
raw SNP	1988	2304
raw SNP	1989	2304
raw SNP	1989	2307
raw SNP	1992	2307
raw SNP	1992	2308
raw SNP	2000	2308
raw SNP	2000	2309
raw SNP	2001	2309
raw SNP	2001	2310
raw SNP	2004	2310
raw SNP	2004	2311
raw SNP	2006	2311
raw SNP	2006	2312
raw SNP	2008	2312
raw SNP	2008	2313
raw SNP	2013	2313
raw SNP	2013	2315
raw SNP	2014	2315
raw SNP	2014	2316
raw SNP	2016	2316
raw SNP	2016	2317
raw SNP	2020	2317
raw SNP	2020	2318
raw SNP	2021	2318
raw SNP	2021	2320
raw SNP	2023	2320
raw SNP	2023	2321
raw SNP	2024	2321
raw SNP	2024	2324
raw SNP	2025	2324
raw SNP	2025	2330
raw SNP	2026	2330
raw SNP	2026	2332
raw SNP	2029	2332
raw SNP	2029	2333
raw SNP	2038	2333
raw SNP	2038	2334
raw SNP	2047	2334
raw SNP	2047	2335
raw SNP	2048	2335
raw SNP	2048	2336
raw SNP	2054	2336
raw SNP	2054	2338
raw SNP	2055	2338
raw SNP	2055	2341
raw SNP	2070	2341
raw SNP	2070	2342
raw SNP	2076	2342
raw SNP	2076	2343
raw SNP	2079	2343
raw SNP	2079	2345
raw SNP	2080	2345
raw SNP	2080	2349
raw SNP	2082	2349
raw SNP	2082	2351
raw SNP	2084	2351
raw SNP	2084	2353
raw SNP	2086	2353
raw SNP	2086	2354
raw SNP	2090	2354
raw SNP	2090	2355
raw SNP	2092	2355
raw SNP	2092	2356
raw SNP	2093	2356
raw SNP	2093	2357
raw SNP	2094	2357
raw SNP	2094	2358
raw SNP	2097	2358
raw SNP	2097	2360
raw SNP	2099	2360
raw SNP	2099	2361
raw SNP	2103	2361
raw SNP	2103	2363
raw SNP	2104	2363
raw SNP	2104	2364
raw SNP	2106	2364
raw SNP	2106	2365
raw SNP	2109	2365
raw SNP	2109	2368
raw SNP	2111	2368
raw SNP	2111	2369
raw SNP	2112	2369
raw SNP	2112	2372
raw SNP	2114	2372
raw SNP	2114	2374
raw SNP	2116	2374
raw SNP	2116	2375
raw SNP	2117	2375
raw SNP	2117	2376
raw SNP	2120	2376
raw SNP	2120	2377
raw SNP	2128	2377
raw SNP	2128	2379
raw SNP	2129	2379
raw SNP	2129	2380
raw SNP	2130	2380
raw SNP	2130	2382
raw SNP	2132	2382
raw SNP	2132	2385
raw SNP	2135	2385
raw SNP	2135	2387
raw SNP	2136	2387
raw SNP	2136	2388
raw SNP	2138	2388
raw SNP	2138	2389
raw SNP	2139	2389
raw SNP	2139	2390
raw SNP	2143	2390
raw SNP	2143	2393
raw SNP	2147	2393
raw SNP	2147	2394
raw SNP	2149	2394
raw SNP	2149	2395
raw SNP	2151	2395
raw SNP	2151	2396
raw SNP	2152	2396
raw SNP	2152	2399
raw SNP	2153	2399
raw SNP	2153	2401
raw SNP	2156	2401
raw SNP	2156	2402
raw SNP	2160	2402
raw SNP	2160	2404
raw SNP	2162	2404
raw SNP	2162	2405
raw SNP	2163	2405
raw SNP	2163	2406
raw SNP	2165	2406
raw SNP	2165	2407
raw SNP	2167	2407
raw SNP	2167	2408
raw SNP	2168	2408
raw SNP	2168	2410
raw SNP	2169	2410
raw SNP	2169	2411
raw SNP	2170	2411
raw SNP	2170	2414
raw SNP	2174	2414
raw SNP	2174	2415
raw SNP	2176	2415
raw SNP	2176	2420
raw SNP	2177	2420
raw SNP	2177	2421
raw SNP	2179	2421
raw SNP	2179	2422
raw SNP	2180	2422
raw SNP	2180	2423
raw SNP	2183	2423
raw SNP	2183	2424
raw SNP	2184	2424
raw SNP	2184	2425
raw SNP	2188	2425
raw SNP	2188	2428
raw SNP	2193	2428
raw SNP	2193	2433
raw SNP	2194	2433
raw SNP	2194	2435
raw SNP	2202	2435
raw SNP	2202	2436
raw SNP	2204	2436
raw SNP	2204	2437
raw SNP	2205	2437
raw SNP	2205	2439
raw SNP	2206	2439
raw SNP	2206	2441
raw SNP	2208	2441
raw SNP	2208	2443
raw SNP	2210	2443
raw SNP	2210	2447
raw SNP	2214	2447
raw SNP	2214	2448
raw SNP	2215	2448
raw SNP	2215	2450
raw SNP	2217	2450
raw SNP	2217	2451
raw SNP	2218	2451
raw SNP	2218	2453
raw SNP	2221	2453
raw SNP	2221	2455
raw SNP	2224	2455
raw SNP	2224	2456
raw SNP	2226	2456
raw SNP	2226	2461
raw SNP	2227	2461
raw SNP	2227	2462
raw SNP	2228	2462
raw SNP	2228	2463
raw SNP	2231	2463
raw SNP	2231	2464
raw SNP	2232	2464
raw SNP	2232	2465
raw SNP	2233	2465
raw SNP	2233	2466
raw SNP	2235	2466
raw SNP	2235	2469
raw SNP	2239	2469
raw SNP	2239	2470
raw SNP	2240	2470
raw SNP	2240	2471
raw SNP	2246	2471
raw SNP	2246	2472
raw SNP	2247	2472
raw SNP	2247	2473
raw SNP	2249	2473
raw SNP	2249	2474
raw SNP	2251	2474
raw SNP	2251	2475
raw SNP	2252	2475
raw SNP	2252	2476
raw SNP	2256	2476
raw SNP	2256	2478
raw SNP	2261	2478
raw SNP	2261	2480
raw SNP	2262	2480
raw SNP	2262	2481
raw SNP	2263	2481
raw SNP	2263	2482
raw SNP	2270	2482
raw SNP	2270	2484
raw SNP	2277	2484
raw SNP	2277	2487
raw SNP	2278	2487
raw SNP	2278	2488
raw SNP	2285	2488
raw SNP	2285	2489
raw SNP	2286	2489
raw SNP	2286	2490
raw SNP	2289	2490
raw SNP	2289	2493
raw SNP	2292	2493
raw SNP	2292	2495
raw SNP	2294	2495
raw SNP	2294	2496
raw SNP	2297	2496
raw SNP	2297	2497
raw SNP	2301	2497
raw SNP	2301	2499
raw SNP	2302	2499
raw SNP	2302	2501
raw SNP	2304	2501
raw SNP	2304	2502
raw SNP	2313	2502
raw SNP	2313	2504
raw SNP	2317	2504
raw SNP	2317	2505
raw SNP	2319	2505
raw SNP	2319	2506
raw SNP	2321	2506
raw SNP	2321	2507
raw SNP	2322	2507
raw SNP	2322	2508
raw SNP	2323	2508
raw SNP	2323	2509
raw SNP	2326	2509
raw SNP	2326	2511
raw SNP	2328	2511
raw SNP	2328	2512
raw SNP	2330	2512
raw SNP	2330	2514
raw SNP	2332	2514
raw SNP	2332	2515
raw SNP	2333	2515
raw SNP	2333	2517
raw SNP	2335	2517
raw SNP	2335	2518
raw SNP	2338	2518
raw SNP	2338	2520
raw SNP	2340	2520
raw SNP	2340	2521
raw SNP	2344	2521
raw SNP	2344	2522
raw SNP	2345	2522
raw SNP	2345	2523
raw SNP	2348	2523
raw SNP	2348	2524
raw SNP	2349	2524
raw SNP	2349	2525
raw SNP	2350	2525
raw SNP	2350	2527
raw SNP	2351	2527
raw SNP	2351	2528
raw SNP	2352	2528
raw SNP	2352	2530
raw SNP	2353	2530
raw SNP	2353	2531
raw SNP	2357	2531
raw SNP	2357	2532
raw SNP	2358	2532
raw SNP	2358	2533
raw SNP	2359	2533
raw SNP	2359	2534
raw SNP	2361	2534
raw SNP	2361	2535
raw SNP	2367	2535
raw SNP	2367	2536
raw SNP	2368	2536
raw SNP	2368	2537
raw SNP	2370	2537
raw SNP	2370	2540
raw SNP	2374	2540
raw SNP	2374	2541
raw SNP	2375	2541
raw SNP	2375	2542
raw SNP	2378	2542
raw SNP	2378	2543
raw SNP	2379	2543
raw SNP	2379	2544
raw SNP	2380	2544
raw SNP	2380	2545
raw SNP	2382	2545
raw SNP	2382	2546
raw SNP	2384	2546
raw SNP	2384	2547
raw SNP	2385	2547
raw SNP	2385	2549
raw SNP	2388	2549
raw SNP	2388	2550
raw SNP	2390	2550
raw SNP	2390	2551
raw SNP	2391	2551
raw SNP	2391	2552
raw SNP	2394	2552
raw SNP	2394	2554
raw SNP	2395	2554
raw SNP	2395	2555
raw SNP	2398	2555
raw SNP	2398	2556
raw SNP	2399	2556
raw SNP	2399	2559
raw SNP	2400	2559
raw SNP	2400	2560
raw SNP	2402	2560
raw SNP	2402	2562
raw SNP	2403	2562
raw SNP	2403	2563
raw SNP	2404	2563
raw SNP	2404	2564
raw SNP	2408	2564
raw SNP	2408	2566
raw SNP	2411	2566
raw SNP	2411	2567
raw SNP	2412	2567
raw SNP	2412	2569
raw SNP	2413	2569
raw SNP	2413	2570
raw SNP	2414	2570
raw SNP	2414	2572
raw SNP	2416	2572
raw SNP	2416	2573
raw SNP	2419	2573
raw SNP	2419	2574
raw SNP	2423	2574
raw SNP	2423	2575
raw SNP	2424	2575
raw SNP	2424	2576
raw SNP	2425	2576
raw SNP	2425	2577
raw SNP	2427	2577
raw SNP	2427	2579
raw SNP	2429	2579
raw SNP	2429	2580
raw SNP	2430	2580
raw SNP	2430	2582
raw SNP	2435	2582
raw SNP	2435	2583
raw SNP	2437	2583
raw SNP	2437	2584
raw SNP	2438	2584
raw SNP	2438	2587
raw SNP	2440	2587
raw SNP	2440	2588
raw SNP	2441	2588
raw SNP	2441	2591
raw SNP	2442	2591
raw SNP	2442	2594
raw SNP	2443	2594
raw SNP	2443	2595
raw SNP	2444	2595
raw SNP	2444	2596
raw SNP	2445	2596
raw SNP	2445	2597
raw SNP	2451	2597
raw SNP	2451	2598
raw SNP	2454	2598
raw SNP	2454	2600
raw SNP	2455	2600
raw SNP	2455	2602
raw SNP	2456	2602
raw SNP	2456	2603
raw SNP	2457	2603
raw SNP	2457	2605
raw SNP	2463	2605
raw SNP	2463	2606
raw SNP	2465	2606
raw SNP	2465	2608
raw SNP	2468	2608
raw SNP	2468	2609
raw SNP	2472	2609
raw SNP	2472	2610
raw SNP	2473	2610
raw SNP	2473	2613
raw SNP	2474	2613
raw SNP	2474	2614
raw SNP	2475	2614
raw SNP	2475	2615
raw SNP	2476	2615
raw SNP	2476	2616
raw SNP	2481	2616
raw SNP	2481	2617
raw SNP	2486	2617
raw SNP	2486	2619
raw SNP	2487	2619
raw SNP	2487	2620
raw SNP	2489	2620
raw SNP	2489	2622
raw SNP	2493	2622
raw SNP	2493	2624
raw SNP	2494	2624
raw SNP	2494	2625
raw SNP	2495	2625
raw SNP	2495	2629
raw SNP	2496	2629
raw SNP	2496	2630
raw SNP	2506	2630
raw SNP	2506	2632
raw SNP	2508	2632
raw SNP	2508	2633
raw SNP	2509	2633
raw SNP	2509	2634
raw SNP	2512	2634
raw SNP	2512	2635
raw SNP	2516	2635
raw SNP	2516	2636
raw SNP	2517	2636
raw SNP	2517	2637
raw SNP	2526	2637
raw SNP	2526	2640
raw SNP	2529	2640
raw SNP	2529	2641
raw SNP	2530	2641
raw SNP	2530	2642
raw SNP	2532	2642
raw SNP	2532	2643
raw SNP	2533	2643
raw SNP	2533	2644
raw SNP	2539	2644
raw SNP	2539	2645
raw SNP	2545	2645
raw SNP	2545	2647
raw SNP	2547	2647
raw SNP	2547	2648
raw SNP	2550	2648
raw SNP	2550	2649
raw SNP	2552	2649
raw SNP	2552	2650
raw SNP	2553	2650
raw SNP	2553	2653
raw SNP	2556	2653
raw SNP	2556	2654
raw SNP	2558	2654
raw SNP	2558	2655
raw SNP	2560	2655
raw SNP	2560	2657
raw SNP	2561	2657
raw SNP	2561	2659
raw SNP	2563	2659
raw SNP	2563	2664
raw SNP	2564	2664
raw SNP	2564	2666
raw SNP	2565	2666
raw SNP	2565	2667
raw SNP	2566	2667
raw SNP	2566	2668
raw SNP	2569	2668
raw SNP	2569	2670
raw SNP	2571	2670
raw SNP	2571	2671
raw SNP	2574	2671
raw SNP	2574	2673
raw SNP	2575	2673
raw SNP	2575	2675
raw SNP	2578	2675
raw SNP	2578	2676
raw SNP	2580	2676
raw SNP	2580	2680
raw SNP	2583	2680
raw SNP	2583	2681
raw SNP	2584	2681
raw SNP	2584	2682
raw SNP	2586	2682
raw SNP	2586	2683
raw SNP	2589	2683
raw SNP	2589	2684
raw SNP	2590	2684
raw SNP	2590	2685
raw SNP	2592	2685
raw SNP	2592	2686
raw SNP	2593	2686
raw SNP	2593	2687
raw SNP	2594	2687
raw SNP	2594	2689
raw SNP	2603	2689
raw SNP	2603	2690
raw SNP	2607	2690
raw SNP	2607	2691
raw SNP	2608	2691
raw SNP	2608	2692
raw SNP	2609	2692
raw SNP	2609	2693
raw SNP	2613	2693
raw SNP	2613	2694
raw SNP	2615	2694
raw SNP	2615	2698
raw SNP	2618	2698
raw SNP	2618	2700
raw SNP	2621	2700
raw SNP	2621	2702
raw SNP	2622	2702
raw SNP	2622	2703
raw SNP	2624	2703
raw SNP	2624	2704
raw SNP	2625	2704
raw SNP	2625	2705
raw SNP	2626	2705
raw SNP	2626	2706
raw SNP	2627	2706
raw SNP	2627	2707
raw SNP	2628	2707
raw SNP	2628	2708
raw SNP	2634	2708
raw SNP	2634	2710
raw SNP	2637	2710
raw SNP	2637	2712
raw SNP	2638	2712
raw SNP	2638	2715
raw SNP	2639	2715
raw SNP	2639	2717
raw SNP	2640	2717
raw SNP	2640	2719
raw SNP	2642	2719
raw SNP	2642	2721
raw SNP	2643	2721
raw SNP	2643	2722
raw SNP	2646	2722
raw SNP	2646	2723
raw SNP	2652	2723
raw SNP	2652	2724
raw SNP	2656	2724
raw SNP	2656	2726
raw SNP	2666	2726
raw SNP	2666	2727
raw SNP	2674	2727
raw SNP	2674	2729
raw SNP	2679	2729
raw SNP	2679	2732
raw SNP	2681	2732
raw SNP	2681	2733
raw SNP	2684	2733
raw SNP	2684	2735
raw SNP	2685	2735
raw SNP	2685	2737
raw SNP	2686	2737
raw SNP	2686	2738
raw SNP	2689	2738
raw SNP	2689	2739
raw SNP	2691	2739
raw SNP	2691	2740
raw SNP	2693	2740
raw SNP	2693	2743
raw SNP	2695	2743
raw SNP	2695	2745
raw SNP	2696	2745
raw SNP	2696	2748
raw SNP	2697	2748
raw SNP	2697	2749
raw SNP	2698	2749
raw SNP	2698	2751
raw SNP	2700	2751
raw SNP	2700	2753
raw SNP	2701	2753
raw SNP	2701	2755
raw SNP	2703	2755
raw SNP	2703	2756
raw SNP	2704	2756
raw SNP	2704	2758
raw SNP	2705	2758
raw SNP	2705	2760
raw SNP	2709	2760
raw SNP	2709	2761
raw SNP	2710	2761
raw SNP	2710	2763
raw SNP	2713	2763
raw SNP	2713	2764
raw SNP	2715	2764
raw SNP	2715	2765
raw SNP	2716	2765
raw SNP	2716	2767
raw SNP	2720	2767
raw SNP	2720	2768
raw SNP	2721	2768
raw SNP	2721	2769
raw SNP	2724	2769
raw SNP	2724	2774
raw SNP	2725	2774
raw SNP	2725	2775
raw SNP	2726	2775
raw SNP	2726	2785
raw SNP	2729	2785
raw SNP	2729	2787
raw SNP	2731	2787
raw SNP	2731	2788
raw SNP	2733	2788
raw SNP	2733	2789
raw SNP	2741	2789
raw SNP	2741	2790
raw SNP	2743	2790
raw SNP	2743	2791
raw SNP	2745	2791
raw SNP	2745	2795
raw SNP	2747	2795
raw SNP	2747	2799
raw SNP	2755	2799
raw SNP	2755	2802
raw SNP	2762	2802
raw SNP	2762	2808
raw SNP	2764	2808
raw SNP	2764	2809
raw SNP	2769	2809
raw SNP	2769	2810
raw SNP	2772	2810
raw SNP	2772	2811
raw SNP	2777	2811
raw SNP	2777	2815
raw SNP	2778	2815
raw SNP	2778	2816
raw SNP	2780	2816
raw SNP	2780	2817
raw SNP	2782	2817
raw SNP	2782	2819
raw SNP	2783	2819
raw SNP	2783	2822
raw SNP	2785	2822
raw SNP	2785	2824
raw SNP	2786	2824
raw SNP	2786	2825
raw SNP	2787	2825
raw SNP	2787	2826
raw SNP	2792	2826
raw SNP	2792	2828
raw SNP	2793	2828
raw SNP	2793	2829
raw SNP	2794	2829
raw SNP	2794	2830
raw SNP	2795	2830
raw SNP	2795	2834
raw SNP	2797	2834
raw SNP	2797	2835
raw SNP	2800	2835
raw SNP	2800	2836
raw SNP	2801	2836
raw SNP	2801	2837
raw SNP	2802	2837
raw SNP	2802	2838
raw SNP	2803	2838
raw SNP	2803	2839
raw SNP	2811	2839
raw SNP	2811	2840
raw SNP	2812	2840
raw SNP	2812	2842
raw SNP	2816	2842
raw SNP	2816	2843
raw SNP	2824	2843
raw SNP	2824	2845
raw SNP	2832	2845
raw SNP	2832	2848
raw SNP	2833	2848
raw SNP	2833	2850
raw SNP	2835	2850
raw SNP	2835	2852
raw SNP	2836	2852
raw SNP	2836	2853
raw SNP	2837	2853
raw SNP	2837	2854
raw SNP	2838	2854
raw SNP	2838	2858
raw SNP	2840	2858
raw SNP	2840	2859
raw SNP	2845	2859
raw SNP	2845	2860
raw SNP	2853	2860
raw SNP	2853	2861
raw SNP	2857	2861
raw SNP	2857	2862
raw SNP	2861	2862
raw SNP	2861	2863
raw SNP	2862	2863
raw SNP	2862	2864
raw SNP	2863	2864
raw SNP	2863	2865
raw SNP	2871	2865
raw SNP	2871	2866
raw SNP	2872	2866
raw SNP	2872	2871
raw SNP	2875	2871
raw SNP	2875	2873
raw SNP	2878	2873
raw SNP	2878	2874
raw SNP	2883	2874
raw SNP	2883	2875
raw SNP	2884	2875
raw SNP	2884	2877
raw SNP	2889	2877
raw SNP	2889	2881
raw SNP	2890	2881
raw SNP	2890	2882
raw SNP	2895	2882
raw SNP	2895	2888
raw SNP	2900	2888
raw SNP	2900	2893
raw SNP	2902	2893
raw SNP	2902	2894
raw SNP	2905	2894
raw SNP	2905	2895
raw SNP	2906	2895
raw SNP	2906	2897
raw SNP	2908	2897
raw SNP	2908	2898
raw SNP	2911	2898
raw SNP	2911	2899
raw SNP	2913	2899
raw SNP	2913	2901
raw SNP	2914	2901
raw SNP	2914	2902
raw SNP	2923	2902
raw SNP	2923	2903
raw SNP	2924	2903
raw SNP	2924	2905
raw SNP	2928	2905
raw SNP	2928	2906
raw SNP	2930	2906
raw SNP	2930	2908
raw SNP	2936	2908
raw SNP	2936	2909
raw SNP	2945	2909
raw SNP	2945	2910
raw SNP	2946	2910
raw SNP	2946	2912
raw SNP	2952	2912
raw SNP	2952	2913
raw SNP	2953	2913
raw SNP	2953	2914
raw SNP	2956	2914
raw SNP	2956	2916
raw SNP	2958	2916
raw SNP	2958	2917
raw SNP	2960	2917
raw SNP	2960	2919
raw SNP	2962	2919
raw SNP	2962	2921
raw SNP	2967	2921
raw SNP	2967	2922
raw SNP	2971	2922
raw SNP	2971	2923
raw SNP	2976	2923
raw SNP	2976	2924
raw SNP	2980	2924
raw SNP	2980	2925
raw SNP	2982	2925
raw SNP	2982	2926
raw SNP	2984	2926
raw SNP	2984	2927
raw SNP	2985	2927
raw SNP	2985	2928
raw SNP	2986	2928
raw SNP	2986	2929
raw SNP	2987	2929
raw SNP	2987	2931
raw SNP	2992	2931
raw SNP	2992	2932
raw SNP	2994	2932
raw SNP	2994	2933
raw SNP	3001	2933
raw SNP	3001	2934
raw SNP	3014	2934
raw SNP	3014	2935
raw SNP	3018	2935
raw SNP	3018	2936
raw SNP	3021	2936
raw SNP	3021	2937
raw SNP	3032	2937
raw SNP	3032	2939
raw SNP	3033	2939
raw SNP	3033	2942
raw SNP	3034	2942
raw SNP	3034	2944
raw SNP	3035	2944
raw SNP	3035	2946
raw SNP	3036	2946
raw SNP	3036	2948
raw SNP	3037	2948
raw SNP	3037	2949
raw SNP	3040	2949
raw SNP	3040	2950
raw SNP	3050	2950
raw SNP	3050	2951
raw SNP	3051	2951
raw SNP	3051	2952
raw SNP	3052	2952
raw SNP	3052	2953
raw SNP	3053	2953
raw SNP	3053	2955
raw SNP	3057	2955
raw SNP	3057	2956
raw SNP	3058	2956
raw SNP	3058	2957
raw SNP	3064	2957
raw SNP	3064	2958
raw SNP	3065	2958
raw SNP	3065	2959
raw SNP	3067	2959
raw SNP	3067	2960
raw SNP	3068	2960
raw SNP	3068	2962
raw SNP	3069	2962
raw SNP	3069	2963
raw SNP	3072	2963
raw SNP	3072	2964
raw SNP	3073	2964
raw SNP	3073	2965
raw SNP	3075	2965
raw SNP	3075	2966
raw SNP	3080	2966
raw SNP	3080	2968
raw SNP	3081	2968
raw SNP	3081	2970
raw SNP	3084	2970
raw SNP	3084	2974
raw SNP	3085	2974
raw SNP	3085	2975
raw SNP	3086	2975
raw SNP	3086	2977
raw SNP	3087	2977
raw SNP	3087	2979
raw SNP	3089	2979
raw SNP	3089	2981
raw SNP	3098	2981
raw SNP	3098	2982
raw SNP	3099	2982
raw SNP	3099	2984
raw SNP	3100	2984
raw SNP	3100	2986
raw SNP	3102	2986
raw SNP	3102	2988
raw SNP	3109	2988
raw SNP	3109	2989
raw SNP	3111	2989
raw SNP	3111	2991
raw SNP	3112	2991
raw SNP	3112	2993
raw SNP	3114	2993
raw SNP	3114	2994
raw SNP	3117	2994
raw SNP	3117	2996
raw SNP	3118	2996
raw SNP	3118	2998
raw SNP	3123	2998
raw SNP	3123	3000
raw SNP	3124	3000
raw SNP	3124	3001
raw SNP	3125	3001
raw SNP	3125	3002
raw SNP	3126	3002
raw SNP	3126	3004
raw SNP	3132	3004
raw SNP	3132	3005
raw SNP	3136	3005
raw SNP	3136	3007
raw SNP	3139	3007
raw SNP	3139	3008
raw SNP	3143	3008
raw SNP	3143	3009
raw SNP	3144	3009
raw SNP	3144	3010
raw SNP	3146	3010
raw SNP	3146	3011
raw SNP	3147	3011
raw SNP	3147	3012
raw SNP	3148	3012
raw SNP	3148	3013
raw SNP	3151	3013
raw SNP	3151	3014
raw SNP	3153	3014
raw SNP	3153	3015
raw SNP	3154	3015
raw SNP	3154	3016
raw SNP	3161	3016
raw SNP	3161	3020
raw SNP	3163	3020
raw SNP	3163	3021
raw SNP	3165	3021
raw SNP	3165	3025
raw SNP	3169	3025
raw SNP	3169	3026
raw SNP	3170	3026
raw SNP	3170	3028
raw SNP	3173	3028
raw SNP	3173	3029
raw SNP	3174	3029
raw SNP	3174	3031
raw SNP	3175	3031
raw SNP	3175	3033
raw SNP	3176	3033
raw SNP	3176	3034
raw SNP	3177	3034
raw SNP	3177	3035
raw SNP	3179	3035
raw SNP	3179	3036
raw SNP	3180	3036
raw SNP	3180	3037
raw SNP	3183	3037
raw SNP	3183	3038
raw SNP	3185	3038
raw SNP	3185	3040
raw SNP	3187	3040
raw SNP	3187	3041
raw SNP	3189	3041
raw SNP	3189	3043
raw SNP	3190	3043
raw SNP	3190	3045
raw SNP	3193	3045
raw SNP	3193	3046
raw SNP	3198	3046
raw SNP	3198	3051
raw SNP	3202	3051
raw SNP	3202	3052
raw SNP	3207	3052
raw SNP	3207	3053
raw SNP	3212	3053
raw SNP	3212	3056
raw SNP	3213	3056
raw SNP	3213	3058
raw SNP	3221	3058
raw SNP	3221	3060
raw SNP	3222	3060
raw SNP	3222	3061
raw SNP	3224	3061
raw SNP	3224	3062
raw SNP	3226	3062
raw SNP	3226	3063
raw SNP	3227	3063
raw SNP	3227	3065
raw SNP	3228	3065
raw SNP	3228	3067
raw SNP	3230	3067
raw SNP	3230	3069
raw SNP	3231	3069
raw SNP	3231	3071
raw SNP	3233	3071
raw SNP	3233	3072
raw SNP	3235	3072
raw SNP	3235	3073
raw SNP	3237	3073
raw SNP	3237	3075
raw SNP	3239	3075
raw SNP	3239	3076
raw SNP	3242	3076
raw SNP	3242	3077
raw SNP	3246	3077
raw SNP	3246	3078
raw SNP	3254	3078
raw SNP	3254	3082
raw SNP	3255	3082
raw SNP	3255	3083
raw SNP	3256	3083
raw SNP	3256	3089
raw SNP	3258	3089
raw SNP	3258	3090
raw SNP	3259	3090
raw SNP	3259	3092
raw SNP	3260	3092
raw SNP	3260	3093
raw SNP	3261	3093
raw SNP	3261	3094
raw SNP	3262	3094
raw SNP	3262	3096
raw SNP	3264	3096
raw SNP	3264	3097
raw SNP	3266	3097
raw SNP	3266	3099
raw SNP	3267	3099
raw SNP	3267	3100
raw SNP	3270	3100
raw SNP	3270	3101
raw SNP	3272	3101
raw SNP	3272	3102
raw SNP	3273	3102
raw SNP	3273	3103
raw SNP	3274	3103
raw SNP	3274	3105
raw SNP	3277	3105
raw SNP	3277	3106
raw SNP	3279	3106
raw SNP	3279	3107
raw SNP	3282	3107
raw SNP	3282	3109
raw SNP	3283	3109
raw SNP	3283	3110
raw SNP	3287	3110
raw SNP	3287	3112
raw SNP	3291	3112
raw SNP	3291	3114
raw SNP	3292	3114
raw SNP	3292	3115
raw SNP	3293	3115
raw SNP	3293	3117
raw SNP	3295	3117
raw SNP	3295	3118
raw SNP	3299	3118
raw SNP	3299	3119
raw SNP	3306	3119
raw SNP	3306	3120
raw SNP	3308	3120
raw SNP	3308	3121
raw SNP	3309	3121
raw SNP	3309	3125
raw SNP	3310	3125
raw SNP	3310	3126
raw SNP	3314	3126
raw SNP	3314	3127
raw SNP	3315	3127
raw SNP	3315	3129
raw SNP	3319	3129
raw SNP	3319	3131
raw SNP	3323	3131
raw SNP	3323	3132
raw SNP	3326	3132
raw SNP	3326	3134
raw SNP	3327	3134
raw SNP	3327	3136
raw SNP	3329	3136
raw SNP	3329	3137
raw SNP	3333	3137
raw SNP	3333	3140
raw SNP	3334	3140
raw SNP	3334	3141
raw SNP	3337	3141
raw SNP	3337	3143
raw SNP	3338	3143
raw SNP	3338	3144
raw SNP	3343	3144
raw SNP	3343	3145
raw SNP	3346	3145
raw SNP	3346	3147
raw SNP	3347	3147
raw SNP	3347	3150
raw SNP	3349	3150
raw SNP	3349	3153
raw SNP	3352	3153
raw SNP	3352	3156
raw SNP	3353	3156
raw SNP	3353	3157
raw SNP	3354	3157
raw SNP	3354	3158
raw SNP	3358	3158
raw SNP	3358	3160
raw SNP	3359	3160
raw SNP	3359	3161
raw SNP	3360	3161
raw SNP	3360	3162
raw SNP	3363	3162
raw SNP	3363	3163
raw SNP	3364	3163
raw SNP	3364	3164
raw SNP	3368	3164
raw SNP	3368	3165
raw SNP	3371	3165
raw SNP	3371	3166
raw SNP	3372	3166
raw SNP	3372	3167
raw SNP	3373	3167
raw SNP	3373	3168
raw SNP	3374	3168
raw SNP	3374	3171
raw SNP	3375	3171
raw SNP	3375	3172
raw SNP	3386	3172
raw SNP	3386	3173
raw SNP	3387	3173
raw SNP	3387	3174
raw SNP	3389	3174
raw SNP	3389	3175
raw SNP	3395	3175
raw SNP	3395	3177
raw SNP	3399	3177
raw SNP	3399	3178
raw SNP	3401	3178
raw SNP	3401	3179
raw SNP	3406	3179
raw SNP	3406	3180
raw SNP	3408	3180
raw SNP	3408	3182
raw SNP	3409	3182
raw SNP	3409	3186
raw SNP	3410	3186
raw SNP	3410	3187
raw SNP	3427	3187
raw SNP	3427	3191
raw SNP	3429	3191
raw SNP	3429	3192
raw SNP	3430	3192
raw SNP	3430	3193
raw SNP	3432	3193
raw SNP	3432	3195
raw SNP	3433	3195
raw SNP	3433	3196
raw SNP	3439	3196
raw SNP	3439	3197
raw SNP	3440	3197
raw SNP	3440	3198
raw SNP	3441	3198
raw SNP	3441	3200
raw SNP	3444	3200
raw SNP	3444	3207
raw SNP	3447	3207
raw SNP	3447	3208
raw SNP	3451	3208
raw SNP	3451	3209
raw SNP	3452	3209
raw SNP	3452	3212
raw SNP	3453	3212
raw SNP	3453	3214
raw SNP	3458	3214
raw SNP	3458	3215
raw SNP	3460	3215
raw SNP	3460	3216
raw SNP	3462	3216
raw SNP	3462	3218
raw SNP	3464	3218
raw SNP	3464	3219
raw SNP	3468	3219
raw SNP	3468	3220
raw SNP	3469	3220
raw SNP	3469	3222
raw SNP	3474	3222
raw SNP	3474	3223
raw SNP	3476	3223
raw SNP	3476	3230
raw SNP	3478	3230
raw SNP	3478	3233
raw SNP	3480	3233
raw SNP	3480	3234
raw SNP	3481	3234
raw SNP	3481	3235
raw SNP	3483	3235
raw SNP	3483	3236
raw SNP	3485	3236
raw SNP	3485	3237
raw SNP	3487	3237
raw SNP	3487	3239
raw SNP	3491	3239
raw SNP	3491	3240
raw SNP	3492	3240
raw SNP	3492	3242
raw SNP	3493	3242
raw SNP	3493	3243
raw SNP	3495	3243
raw SNP	3495	3244
raw SNP	3497	3244
raw SNP	3497	3247
raw SNP	3499	3247
raw SNP	3499	3248
raw SNP	3501	3248
raw SNP	3501	3250
raw SNP	3502	3250
raw SNP	3502	3251
raw SNP	3504	3251
raw SNP	3504	3253
raw SNP	3508	3253
raw SNP	3508	3258
raw SNP	3509	3258
raw SNP	3509	3260
raw SNP	3511	3260
raw SNP	3511	3261
raw SNP	3512	3261
raw SNP	3512	3265
raw SNP	3513	3265
raw SNP	3513	3266
raw SNP	3519	3266
raw SNP	3519	3267
raw SNP	3522	3267
raw SNP	3522	3268
raw SNP	3526	3268
raw SNP	3526	3269
raw SNP	3531	3269
raw SNP	3531	3270
raw SNP	3532	3270
raw SNP	3532	3271
raw SNP	3535	3271
raw SNP	3535	3272
raw SNP	3536	3272
raw SNP	3536	3273
raw SNP	3539	3273
raw SNP	3539	3274
raw SNP	3540	3274
raw SNP	3540	3275
raw SNP	3541	3275
raw SNP	3541	3276
raw SNP	3542	3276
raw SNP	3542	3277
raw SNP	3544	3277
raw SNP	3544	3279
raw SNP	3550	3279
raw SNP	3550	3280
raw SNP	3554	3280
raw SNP	3554	3281
raw SNP	3561	3281
raw SNP	3561	3282
raw SNP	3570	3282
raw SNP	3570	3284
raw SNP	3579	3284
raw SNP	3579	3288
raw SNP	3580	3288
raw SNP	3580	3290
raw SNP	3590	3290
raw SNP	3590	3291
raw SNP	3593	3291
raw SNP	3593	3292
raw SNP	3595	3292
raw SNP	3595	3293
raw SNP	3599	3293
raw SNP	3599	3294
raw SNP	3600	3294
raw SNP	3600	3295
raw SNP	3608	3295
raw SNP	3608	3296
raw SNP	3609	3296
raw SNP	3609	3298
raw SNP	3614	3298
raw SNP	3614	3299
raw SNP	3616	3299
raw SNP	3616	3300
raw SNP	3618	3300
raw SNP	3618	3301
raw SNP	3620	3301
raw SNP	3620	3306
raw SNP	3622	3306
raw SNP	3622	3307
raw SNP	3625	3307
raw SNP	3625	3309
raw SNP	3627	3309
raw SNP	3627	3311
raw SNP	3629	3311
raw SNP	3629	3312
raw SNP	3630	3312
raw SNP	3630	3313
raw SNP	3633	3313
raw SNP	3633	3314
raw SNP	3634	3314
raw SNP	3634	3317
raw SNP	3636	3317
raw SNP	3636	3318
raw SNP	3638	3318
raw SNP	3638	3320
raw SNP	3641	3320
raw SNP	3641	3322
raw SNP	3644	3322
raw SNP	3644	3323
raw SNP	3646	3323
raw SNP	3646	3325
raw SNP	3649	3325
raw SNP	3649	3328
raw SNP	3653	3328
raw SNP	3653	3329
raw SNP	3655	3329
raw SNP	3655	3330
raw SNP	3657	3330
raw SNP	3657	3331
raw SNP	3660	3331
raw SNP	3660	3332
raw SNP	3663	3332
raw SNP	3663	3333
raw SNP	3665	3333
raw SNP	3665	3334
raw SNP	3670	3334
raw SNP	3670	3335
raw SNP	3673	3335
raw SNP	3673	3336
raw SNP	3677	3336
raw SNP	3677	3338
raw SNP	3679	3338
raw SNP	3679	3340
raw SNP	3682	3340
raw SNP	3682	3345
raw SNP	3685	3345
raw SNP	3685	3347
raw SNP	3686	3347
raw SNP	3686	3349
raw SNP	3687	3349
raw SNP	3687	3351
raw SNP	3692	3351
raw SNP	3692	3352
raw SNP	3698	3352
raw SNP	3698	3354
raw SNP	3702	3354
raw SNP	3702	3356
raw SNP	3704	3356
raw SNP	3704	3358
raw SNP	3706	3358
raw SNP	3706	3360
raw SNP	3708	3360
raw SNP	3708	3362
raw SNP	3709	3362
raw SNP	3709	3363
raw SNP	3710	3363
raw SNP	3710	3364
raw SNP	3711	3364
raw SNP	3711	3365
raw SNP	3714	3365
raw SNP	3714	3366
raw SNP	3717	3366
raw SNP	3717	3370
raw SNP	3719	3370
raw SNP	3719	3371
raw SNP	3721	3371
raw SNP	3721	3372
raw SNP	3722	3372
raw SNP	3722	3374
raw SNP	3724	3374
raw SNP	3724	3376
raw SNP	3726	3376
raw SNP	3726	3378
raw SNP	3731	3378
raw SNP	3731	3380
raw SNP	3733	3380
raw SNP	3733	3381
raw SNP	3738	3381
raw SNP	3738	3382
raw SNP	3739	3382
raw SNP	3739	3383
raw SNP	3741	3383
raw SNP	3741	3385
raw SNP	3748	3385
raw SNP	3748	3386
raw SNP	3749	3386
raw SNP	3749	3387
raw SNP	3752	3387
raw SNP	3752	3389
raw SNP	3754	3389
raw SNP	3754	3390
raw SNP	3755	3390
raw SNP	3755	3392
raw SNP	3757	3392
raw SNP	3757	3393
raw SNP	3758	3393
raw SNP	3758	3394
raw SNP	3759	3394
raw SNP	3759	3396
raw SNP	3761	3396
raw SNP	3761	3400
raw SNP	3765	3400
raw SNP	3765	3401
raw SNP	3773	3401
raw SNP	3773	3403
raw SNP	3775	3403
raw SNP	3775	3404
raw SNP	3780	3404
raw SNP	3780	3405
raw SNP	3782	3405
raw SNP	3782	3406
raw SNP	3786	3406
raw SNP	3786	3407
raw SNP	3787	3407
raw SNP	3787	3409
raw SNP	3788	3409
raw SNP	3788	3410
raw SNP	3790	3410
raw SNP	3790	3412
raw SNP	3803	3412
raw SNP	3803	3415
raw SNP	3805	3415
raw SNP	3805	3416
raw SNP	3807	3416
raw SNP	3807	3417
raw SNP	3808	3417
raw SNP	3808	3420
raw SNP	3810	3420
raw SNP	3810	3422
raw SNP	3815	3422
raw SNP	3815	3426
raw SNP	3820	3426
raw SNP	3820	3427
raw SNP	3824	3427
raw SNP	3824	3429
raw SNP	3825	3429
raw SNP	3825	3430
raw SNP	3837	3430
raw SNP	3837	3431
raw SNP	3838	3431
raw SNP	3838	3433
raw SNP	3839	3433
raw SNP	3839	3434
raw SNP	3840	3434
raw SNP	3840	3435
raw SNP	3841	3435
raw SNP	3841	3436
raw SNP	3842	3436
raw SNP	3842	3438
raw SNP	3848	3438
raw SNP	3848	3439
raw SNP	3849	3439
raw SNP	3849	3440
raw SNP	3852	3440
raw SNP	3852	3441
raw SNP	3854	3441
raw SNP	3854	3442
raw SNP	3856	3442
raw SNP	3856	3443
raw SNP	3857	3443
raw SNP	3857	3445
raw SNP	3861	3445
raw SNP	3861	3447
raw SNP	3863	3447
raw SNP	3863	3448
raw SNP	3869	3448
raw SNP	3869	3449
raw SNP	3870	3449
raw SNP	3870	3450
raw SNP	3872	3450
raw SNP	3872	3451
raw SNP	3874	3451
raw SNP	3874	3452
raw SNP	3875	3452
raw SNP	3875	3454
raw SNP	3878	3454
raw SNP	3878	3455
raw SNP	3879	3455
raw SNP	3879	3456
raw SNP	3885	3456
raw SNP	3885	3457
raw SNP	3887	3457
raw SNP	3887	3458
raw SNP	3889	3458
raw SNP	3889	3460
raw SNP	3891	3460
raw SNP	3891	3462
raw SNP	3892	3462
raw SNP	3892	3465
raw SNP	3897	3465
raw SNP	3897	3467
raw SNP	3899	3467
raw SNP	3899	3469
raw SNP	3901	3469
raw SNP	3901	3470
raw SNP	3904	3470
raw SNP	3904	3474
raw SNP	3906	3474
raw SNP	3906	3475
raw SNP	3912	3475
raw SNP	3912	3477
raw SNP	3913	3477
raw SNP	3913	3478
raw SNP	3917	3478
raw SNP	3917	3480
raw SNP	3918	3480
raw SNP	3918	3481
raw SNP	3920	3481
raw SNP	3920	3483
raw SNP	3924	3483
raw SNP	3924	3484
raw SNP	3930	3484
raw SNP	3930	3485
raw SNP	3932	3485
raw SNP	3932	3486
raw SNP	3936	3486
raw SNP	3936	3488
raw SNP	3942	3488
raw SNP	3942	3490
raw SNP	3948	3490
raw SNP	3948	3491
raw SNP	3949	3491
raw SNP	3949	3492
raw SNP	3954	3492
raw SNP	3954	3494
raw SNP	3958	3494
raw SNP	3958	3495
raw SNP	3960	3495
raw SNP	3960	3498
raw SNP	3962	3498
raw SNP	3962	3500
raw SNP	3965	3500
raw SNP	3965	3501
raw SNP	3966	3501
raw SNP	3966	3502
raw SNP	3970	3502
raw SNP	3970	3503
raw SNP	3971	3503
raw SNP	3971	3504
raw SNP	3972	3504
raw SNP	3972	3508
raw SNP	3973	3508
raw SNP	3973	3509
raw SNP	3976	3509
raw SNP	3976	3511
raw SNP	3981	3511
raw SNP	3981	3512
raw SNP	3983	3512
raw SNP	3983	3514
raw SNP	3984	3514
raw SNP	3984	3516
raw SNP	3990	3516
raw SNP	3990	3517
raw SNP	3997	3517
raw SNP	3997	3518
raw SNP	4001	3518
raw SNP	4001	3520
raw SNP	4003	3520
raw SNP	4003	3521
raw SNP	4009	3521
raw SNP	4009	3523
raw SNP	4021	3523
raw SNP	4021	3524
raw SNP	4025	3524
raw SNP	4025	3525
raw SNP	4030	3525
raw SNP	4030	3526
raw SNP	4035	3526
raw SNP	4035	3527
raw SNP	4036	3527
raw SNP	4036	3529
raw SNP	4040	3529
raw SNP	4040	3530
raw SNP	4044	3530
raw SNP	4044	3532
raw SNP	4045	3532
raw SNP	4045	3535
raw SNP	4046	3535
raw SNP	4046	3536
raw SNP	4047	3536
raw SNP	4047	3538
raw SNP	4051	3538
raw SNP	4051	3539
raw SNP	4052	3539
raw SNP	4052	3541
raw SNP	4057	3541
raw SNP	4057	3542
raw SNP	4058	3542
raw SNP	4058	3543
raw SNP	4060	3543
raw SNP	4060	3544
raw SNP	4061	3544
raw SNP	4061	3546
raw SNP	4066	3546
raw SNP	4066	3547
raw SNP	4068	3547
raw SNP	4068	3551
raw SNP	4071	3551
raw SNP	4071	3552
raw SNP	4072	3552
raw SNP	4072	3553
raw SNP	4074	3553
raw SNP	4074	3563
raw SNP	4077	3563
raw SNP	4077	3564
raw SNP	4078	3564
raw SNP	4078	3565
raw SNP	4079	3565
raw SNP	4079	3566
raw SNP	4081	3566
raw SNP	4081	3570
raw SNP	4085	3570
raw SNP	4085	3572
raw SNP	4089	3572
raw SNP	4089	3574
raw SNP	4090	3574
raw SNP	4090	3577
raw SNP	4091	3577
raw SNP	4091	3578
raw SNP	4093	3578
raw SNP	4093	3579
raw SNP	4095	3579
raw SNP	4095	3580
raw SNP	4096	3580
raw SNP	4096	3581
raw SNP	4098	3581
raw SNP	4098	3582
raw SNP	4100	3582
raw SNP	4100	3583
raw SNP	4103	3583
raw SNP	4103	3584
raw SNP	4108	3584
raw SNP	4108	3585
raw SNP	4113	3585
raw SNP	4113	3586
raw SNP	4117	3586
raw SNP	4117	3587
raw SNP	4119	3587
raw SNP	4119	3589
raw SNP	4120	3589
raw SNP	4120	3592
raw SNP	4122	3592
raw SNP	4122	3593
raw SNP	4125	3593
raw SNP	4125	3594
raw SNP	4130	3594
raw SNP	4130	3595
raw SNP	4131	3595
raw SNP	4131	3596
raw SNP	4134	3596
raw SNP	4134	3597
raw SNP	4137	3597
PRS-CS	0	0
PRS-CS	0	1
PRS-CS	0	3
PRS-CS	1	3
PRS-CS	1	5
PRS-CS	2	5
PRS-CS	2	11
PRS-CS	3	11
PRS-CS	3	12
PRS-CS	5	12
PRS-CS	5	17
PRS-CS	7	17
PRS-CS	7	18
PRS-CS	8	18
PRS-CS	8	19
PRS-CS	10	19
PRS-CS	10	25
PRS-CS	13	25
PRS-CS	13	28
PRS-CS	16	28
PRS-CS	16	35
PRS-CS	17	35
PRS-CS	17	39
PRS-CS	18	39
PRS-CS	18	47
PRS-CS	19	47
PRS-CS	19	51
PRS-CS	21	51
PRS-CS	21	54
PRS-CS	22	54
PRS-CS	22	56
PRS-CS	23	56
PRS-CS	23	63
PRS-CS	25	63
PRS-CS	25	65
PRS-CS	26	65
PRS-CS	26	78
PRS-CS	27	78
PRS-CS	27	79
PRS-CS	29	79
PRS-CS	29	81
PRS-CS	30	81
PRS-CS	30	84
PRS-CS	34	84
PRS-CS	34	86
PRS-CS	35	86
PRS-CS	35	88
PRS-CS	36	88
PRS-CS	36	90
PRS-CS	37	90
PRS-CS	37	94
PRS-CS	38	94
PRS-CS	38	99
PRS-CS	39	99
PRS-CS	39	105
PRS-CS	40	105
PRS-CS	40	107
PRS-CS	41	107
PRS-CS	41	108
PRS-CS	42	108
PRS-CS	42	109
PRS-CS	44	109
PRS-CS	44	115
PRS-CS	46	115
PRS-CS	46	120
PRS-CS	47	120
PRS-CS	47	125
PRS-CS	48	125
PRS-CS	48	128
PRS-CS	49	128
PRS-CS	49	129
PRS-CS	50	129
PRS-CS	50	131
PRS-CS	52	131
PRS-CS	52	132
PRS-CS	53	132
PRS-CS	53	134
PRS-CS	54	134
PRS-CS	54	135
PRS-CS	55	135
PRS-CS	55	138
PRS-CS	57	138
PRS-CS	57	142
PRS-CS	59	142
PRS-CS	59	144
PRS-CS	60	144
PRS-CS	60	146
PRS-CS	62	146
PRS-CS	62	147
PRS-CS	63	147
PRS-CS	63	151
PRS-CS	64	151
PRS-CS	64	156
PRS-CS	65	156
PRS-CS	65	158
PRS-CS	66	158
PRS-CS	66	159
PRS-CS	67	159
PRS-CS	67	161
PRS-CS	68	161
PRS-CS	68	164
PRS-CS	70	164
PRS-CS	70	166
PRS-CS	71	166
PRS-CS	71	167
PRS-CS	72	167
PRS-CS	72	170
PRS-CS	73	170
PRS-CS	73	172
PRS-CS	74	172
PRS-CS	74	177
PRS-CS	75	177
PRS-CS	75	183
PRS-CS	76	183
PRS-CS	76	187
PRS-CS	77	187
PRS-CS	77	188
PRS-CS	79	188
PRS-CS	79	198
PRS-CS	80	198
PRS-CS	80	199
PRS-CS	81	199
PRS-CS	81	200
PRS-CS	82	200
PRS-CS	82	206
PRS-CS	83	206
PRS-CS	83	217
PRS-CS	86	217
PRS-CS	86	221
PRS-CS	87	221
PRS-CS	87	224
PRS-CS	88	224
PRS-CS	88	230
PRS-CS	89	230
PRS-CS	89	231
PRS-CS	90	231
PRS-CS	90	233
PRS-CS	92	233
PRS-CS	92	235
PRS-CS	93	235
PRS-CS	93	237
PRS-CS	94	237
PRS-CS	94	238
PRS-CS	95	238
PRS-CS	95	239
PRS-CS	98	239
PRS-CS	98	240
PRS-CS	101	240
PRS-CS	101	241
PRS-CS	106	241
PRS-CS	106	244
PRS-CS	108	244
PRS-CS	108	248
PRS-CS	110	248
PRS-CS	110	250
PRS-CS	111	250
PRS-CS	111	251
PRS-CS	113	251
PRS-CS	113	253
PRS-CS	114	253
PRS-CS	114	256
PRS-CS	117	256
PRS-CS	117	259
PRS-CS	118	259
PRS-CS	118	260
PRS-CS	119	260
PRS-CS	119	262
PRS-CS	121	262
PRS-CS	121	264
PRS-CS	123	264
PRS-CS	123	267
PRS-CS	124	267
PRS-CS	124	269
PRS-CS	125	269
PRS-CS	125	270
PRS-CS	126	270
PRS-CS	126	273
PRS-CS	127	273
PRS-CS	127	274
PRS-CS	128	274
PRS-CS	128	282
PRS-CS	129	282
PRS-CS	129	283
PRS-CS	130	283
PRS-CS	130	289
PRS-CS	131	289
PRS-CS	131	290
PRS-CS	132	290
PRS-CS	132	293
PRS-CS	134	293
PRS-CS	134	296
PRS-CS	135	296
PRS-CS	135	297
PRS-CS	136	297
PRS-CS	136	300
PRS-CS	137	300
PRS-CS	137	302
PRS-CS	138	302
PRS-CS	138	306
PRS-CS	140	306
PRS-CS	140	316
PRS-CS	141	316
PRS-CS	141	318
PRS-CS	146	318
PRS-CS	146	321
PRS-CS	148	321
PRS-CS	148	323
PRS-CS	149	323
PRS-CS	149	324
PRS-CS	150	324
PRS-CS	150	325
PRS-CS	151	325
PRS-CS	151	327
PRS-CS	152	327
PRS-CS	152	329
PRS-CS	154	329
PRS-CS	154	330
PRS-CS	156	330
PRS-CS	156	333
PRS-CS	157	333
PRS-CS	157	338
PRS-CS	158	338
PRS-CS	158	339
PRS-CS	160	339
PRS-CS	160	340
PRS-CS	161	340
PRS-CS	161	341
PRS-CS	164	341
PRS-CS	164	346
PRS-CS	166	346
PRS-CS	166	347
PRS-CS	167	347
PRS-CS	167	349
PRS-CS	171	349
PRS-CS	171	350
PRS-CS	172	350
PRS-CS	172	352
PRS-CS	174	352
PRS-CS	174	353
PRS-CS	176	353
PRS-CS	176	354
PRS-CS	177	354
PRS-CS	177	357
PRS-CS	178	357
PRS-CS	178	361
PRS-CS	179	361
PRS-CS	179	364
PRS-CS	180	364
PRS-CS	180	368
PRS-CS	181	368
PRS-CS	181	372
PRS-CS	182	372
PRS-CS	182	374
PRS-CS	183	374
PRS-CS	183	375
PRS-CS	184	375
PRS-CS	184	378
PRS-CS	185	378
PRS-CS	185	382
PRS-CS	187	382
PRS-CS	187	383
PRS-CS	189	383
PRS-CS	189	387
PRS-CS	190	387
PRS-CS	190	390
PRS-CS	191	390
PRS-CS	191	392
PRS-CS	193	392
PRS-CS	193	403
PRS-CS	194	403
PRS-CS	194	404
PRS-CS	195	404
PRS-CS	195	406
PRS-CS	196	406
PRS-CS	196	407
PRS-CS	197	407
PRS-CS	197	409
PRS-CS	198	409
PRS-CS	198	415
PRS-CS	200	415
PRS-CS	200	416
PRS-CS	201	416
PRS-CS	201	420
PRS-CS	202	420
PRS-CS	202	423
PRS-CS	203	423
PRS-CS	203	429
PRS-CS	204	429
PRS-CS	204	431
PRS-CS	205	431
PRS-CS	205	432
PRS-CS	206	432
PRS-CS	206	435
PRS-CS	207	435
PRS-CS	207	437
PRS-CS	214	437
PRS-CS	214	442
PRS-CS	216	442
PRS-CS	216	443
PRS-CS	217	443
PRS-CS	217	445
PRS-CS	218	445
PRS-CS	218	447
PRS-CS	219	447
PRS-CS	219	452
PRS-CS	220	452
PRS-CS	220	453
PRS-CS	221	453
PRS-CS	221	457
PRS-CS	224	457
PRS-CS	224	458
PRS-CS	225	458
PRS-CS	225	459
PRS-CS	232	459
PRS-CS	232	460
PRS-CS	233	460
PRS-CS	233	462
PRS-CS	235	462
PRS-CS	235	464
PRS-CS	236	464
PRS-CS	236	465
PRS-CS	240	465
PRS-CS	240	467
PRS-CS	241	467
PRS-CS	241	469
PRS-CS	242	469
PRS-CS	242	470
PRS-CS	244	470
PRS-CS	244	473
PRS-CS	246	473
PRS-CS	246	474
PRS-CS	247	474
PRS-CS	247	479
PRS-CS	250	479
PRS-CS	250	480
PRS-CS	251	480
PRS-CS	251	482
PRS-CS	253	482
PRS-CS	253	484
PRS-CS	254	484
PRS-CS	254	489
PRS-CS	255	489
PRS-CS	255	492
PRS-CS	256	492
PRS-CS	256	496
PRS-CS	257	496
PRS-CS	257	497
PRS-CS	258	497
PRS-CS	258	498
PRS-CS	259	498
PRS-CS	259	501
PRS-CS	261	501
PRS-CS	261	503
PRS-CS	264	503
PRS-CS	264	504
PRS-CS	265	504
PRS-CS	265	505
PRS-CS	266	505
PRS-CS	266	509
PRS-CS	268	509
PRS-CS	268	511
PRS-CS	269	511
PRS-CS	269	513
PRS-CS	271	513
PRS-CS	271	515
PRS-CS	272	515
PRS-CS	272	519
PRS-CS	273	519
PRS-CS	273	520
PRS-CS	274	520
PRS-CS	274	521
PRS-CS	275	521
PRS-CS	275	528
PRS-CS	278	528
PRS-CS	278	533
PRS-CS	280	533
PRS-CS	280	534
PRS-CS	284	534
PRS-CS	284	535
PRS-CS	286	535
PRS-CS	286	537
PRS-CS	287	537
PRS-CS	287	541
PRS-CS	289	541
PRS-CS	289	542
PRS-CS	291	542
PRS-CS	291	547
PRS-CS	292	547
PRS-CS	292	548
PRS-CS	293	548
PRS-CS	293	549
PRS-CS	297	549
PRS-CS	297	550
PRS-CS	298	550
PRS-CS	298	553
PRS-CS	299	553
PRS-CS	299	556
PRS-CS	303	556
PRS-CS	303	557
PRS-CS	304	557
PRS-CS	304	562
PRS-CS	305	562
PRS-CS	305	563
PRS-CS	306	563
PRS-CS	306	565
PRS-CS	307	565
PRS-CS	307	566
PRS-CS	310	566
PRS-CS	310	567
PRS-CS	311	567
PRS-CS	311	572
PRS-CS	312	572
PRS-CS	312	574
PRS-CS	314	574
PRS-CS	314	575
PRS-CS	315	575
PRS-CS	315	577
PRS-CS	316	577
PRS-CS	316	582
PRS-CS	318	582
PRS-CS	318	585
PRS-CS	319	585
PRS-CS	319	590
PRS-CS	321	590
PRS-CS	321	592
PRS-CS	322	592
PRS-CS	322	594
PRS-CS	323	594
PRS-CS	323	598
PRS-CS	324	598
PRS-CS	324	599
PRS-CS	325	599
PRS-CS	325	601
PRS-CS	327	601
PRS-CS	327	603
PRS-CS	328	603
PRS-CS	328	609
PRS-CS	330	609
PRS-CS	330	611
PRS-CS	332	611
PRS-CS	332	612
PRS-CS	333	612
PRS-CS	333	613
PRS-CS	334	613
PRS-CS	334	614
PRS-CS	336	614
PRS-CS	336	617
PRS-CS	337	617
PRS-CS	337	620
PRS-CS	340	620
PRS-CS	340	630
PRS-CS	341	630
PRS-CS	341	631
PRS-CS	342	631
PRS-CS	342	632
PRS-CS	343	632
PRS-CS	343	634
PRS-CS	347	634
PRS-CS	347	635
PRS-CS	349	635
PRS-CS	349	636
PRS-CS	350	636
PRS-CS	350	637
PRS-CS	353	637
PRS-CS	353	639
PRS-CS	355	639
PRS-CS	355	644
PRS-CS	356	644
PRS-CS	356	645
PRS-CS	357	645
PRS-CS	357	647
PRS-CS	361	647
PRS-CS	361	648
PRS-CS	362	648
PRS-CS	362	650
PRS-CS	364	650
PRS-CS	364	651
PRS-CS	365	651
PRS-CS	365	652
PRS-CS	366	652
PRS-CS	366	657
PRS-CS	368	657
PRS-CS	368	659
PRS-CS	369	659
PRS-CS	369	661
PRS-CS	371	661
PRS-CS	371	662
PRS-CS	374	662
PRS-CS	374	664
PRS-CS	378	664
PRS-CS	378	665
PRS-CS	381	665
PRS-CS	381	667
PRS-CS	382	667
PRS-CS	382	670
PRS-CS	383	670
PRS-CS	383	675
PRS-CS	384	675
PRS-CS	384	678
PRS-CS	385	678
PRS-CS	385	684
PRS-CS	386	684
PRS-CS	386	687
PRS-CS	387	687
PRS-CS	387	689
PRS-CS	388	689
PRS-CS	388	690
PRS-CS	390	690
PRS-CS	390	694
PRS-CS	391	694
PRS-CS	391	696
PRS-CS	393	696
PRS-CS	393	697
PRS-CS	394	697
PRS-CS	394	701
PRS-CS	396	701
PRS-CS	396	702
PRS-CS	399	702
PRS-CS	399	703
PRS-CS	401	703
PRS-CS	401	706
PRS-CS	402	706
PRS-CS	402	707
PRS-CS	404	707
PRS-CS	404	708
PRS-CS	405	708
PRS-CS	405	710
PRS-CS	407	710
PRS-CS	407	712
PRS-CS	408	712
PRS-CS	408	713
PRS-CS	409	713
PRS-CS	409	717
PRS-CS	411	717
PRS-CS	411	718
PRS-CS	413	718
PRS-CS	413	722
PRS-CS	414	722
PRS-CS	414	726
PRS-CS	415	726
PRS-CS	415	731
PRS-CS	416	731
PRS-CS	416	740
PRS-CS	418	740
PRS-CS	418	745
PRS-CS	421	745
PRS-CS	421	748
PRS-CS	424	748
PRS-CS	424	750
PRS-CS	425	750
PRS-CS	425	752
PRS-CS	426	752
PRS-CS	426	754
PRS-CS	428	754
PRS-CS	428	755
PRS-CS	429	755
PRS-CS	429	757
PRS-CS	431	757
PRS-CS	431	759
PRS-CS	434	759
PRS-CS	434	761
PRS-CS	436	761
PRS-CS	436	763
PRS-CS	437	763
PRS-CS	437	764
PRS-CS	438	764
PRS-CS	438	765
PRS-CS	439	765
PRS-CS	439	767
PRS-CS	441	767
PRS-CS	441	773
PRS-CS	443	773
PRS-CS	443	775
PRS-CS	445	775
PRS-CS	445	776
PRS-CS	446	776
PRS-CS	446	778
PRS-CS	449	778
PRS-CS	449	789
PRS-CS	454	789
PRS-CS	454	791
PRS-CS	455	791
PRS-CS	455	792
PRS-CS	456	792
PRS-CS	456	794
PRS-CS	458	794
PRS-CS	458	795
PRS-CS	462	795
PRS-CS	462	796
PRS-CS	466	796
PRS-CS	466	797
PRS-CS	467	797
PRS-CS	467	800
PRS-CS	468	800
PRS-CS	468	802
PRS-CS	470	802
PRS-CS	470	804
PRS-CS	472	804
PRS-CS	472	808
PRS-CS	474	808
PRS-CS	474	810
PRS-CS	476	810
PRS-CS	476	811
PRS-CS	477	811
PRS-CS	477	812
PRS-CS	478	812
PRS-CS	478	813
PRS-CS	479	813
PRS-CS	479	814
PRS-CS	481	814
PRS-CS	481	815
PRS-CS	482	815
PRS-CS	482	817
PRS-CS	485	817
PRS-CS	485	820
PRS-CS	487	820
PRS-CS	487	822
PRS-CS	488	822
PRS-CS	488	827
PRS-CS	490	827
PRS-CS	490	829
PRS-CS	491	829
PRS-CS	491	830
PRS-CS	493	830
PRS-CS	493	837
PRS-CS	496	837
PRS-CS	496	839
PRS-CS	498	839
PRS-CS	498	842
PRS-CS	500	842
PRS-CS	500	847
PRS-CS	504	847
PRS-CS	504	848
PRS-CS	505	848
PRS-CS	505	850
PRS-CS	506	850
PRS-CS	506	857
PRS-CS	507	857
PRS-CS	507	860
PRS-CS	508	860
PRS-CS	508	862
PRS-CS	509	862
PRS-CS	509	866
PRS-CS	511	866
PRS-CS	511	867
PRS-CS	512	867
PRS-CS	512	868
PRS-CS	513	868
PRS-CS	513	869
PRS-CS	515	869
PRS-CS	515	872
PRS-CS	516	872
PRS-CS	516	873
PRS-CS	517	873
PRS-CS	517	875
PRS-CS	519	875
PRS-CS	519	877
PRS-CS	520	877
PRS-CS	520	878
PRS-CS	521	878
PRS-CS	521	886
PRS-CS	523	886
PRS-CS	523	887
PRS-CS	525	887
PRS-CS	525	890
PRS-CS	526	890
PRS-CS	526	891
PRS-CS	531	891
PRS-CS	531	902
PRS-CS	532	902
PRS-CS	532	903
PRS-CS	533	903
PRS-CS	533	904
PRS-CS	534	904
PRS-CS	534	905
PRS-CS	536	905
PRS-CS	536	906
PRS-CS	537	906
PRS-CS	537	909
PRS-CS	538	909
PRS-CS	538	910
PRS-CS	540	910
PRS-CS	540	916
PRS-CS	543	916
PRS-CS	543	921
PRS-CS	548	921
PRS-CS	548	922
PRS-CS	550	922
PRS-CS	550	924
PRS-CS	553	924
PRS-CS	553	926
PRS-CS	554	926
PRS-CS	554	927
PRS-CS	558	927
PRS-CS	558	935
PRS-CS	561	935
PRS-CS	561	938
PRS-CS	564	938
PRS-CS	564	940
PRS-CS	565	940
PRS-CS	565	943
PRS-CS	568	943
PRS-CS	568	945
PRS-CS	569	945
PRS-CS	569	946
PRS-CS	570	946
PRS-CS	570	954
PRS-CS	571	954
PRS-CS	571	955
PRS-CS	572	955
PRS-CS	572	959
PRS-CS	573	959
PRS-CS	573	961
PRS-CS	574	961
PRS-CS	574	962
PRS-CS	575	962
PRS-CS	575	964
PRS-CS	576	964
PRS-CS	576	966
PRS-CS	577	966
PRS-CS	577	968
PRS-CS	578	968
PRS-CS	578	974
PRS-CS	580	974
PRS-CS	580	977
PRS-CS	581	977
PRS-CS	581	980
PRS-CS	585	980
PRS-CS	585	982
PRS-CS	586	982
PRS-CS	586	985
PRS-CS	587	985
PRS-CS	587	987
PRS-CS	588	987
PRS-CS	588	988
PRS-CS	589	988
PRS-CS	589	989
PRS-CS	590	989
PRS-CS	590	991
PRS-CS	592	991
PRS-CS	592	993
PRS-CS	594	993
PRS-CS	594	994
PRS-CS	596	994
PRS-CS	596	998
PRS-CS	598	998
PRS-CS	598	999
PRS-CS	600	999
PRS-CS	600	1000
PRS-CS	602	1000
PRS-CS	602	1001
PRS-CS	603	1001
PRS-CS	603	1004
PRS-CS	604	1004
PRS-CS	604	1005
PRS-CS	606	1005
PRS-CS	606	1008
PRS-CS	610	1008
PRS-CS	610	1011
PRS-CS	611	1011
PRS-CS	611	1014
PRS-CS	613	1014
PRS-CS	613	1017
PRS-CS	614	1017
PRS-CS	614	1018
PRS-CS	619	1018
PRS-CS	619	1020
PRS-CS	620	1020
PRS-CS	620	1025
PRS-CS	622	1025
PRS-CS	622	1029
PRS-CS	623	1029
PRS-CS	623	1031
PRS-CS	630	1031
PRS-CS	630	1035
PRS-CS	635	1035
PRS-CS	635	1036
PRS-CS	636	1036
PRS-CS	636	1037
PRS-CS	638	1037
PRS-CS	638	1040
PRS-CS	640	1040
PRS-CS	640	1042
PRS-CS	641	1042
PRS-CS	641	1043
PRS-CS	646	1043
PRS-CS	646	1044
PRS-CS	647	1044
PRS-CS	647	1045
PRS-CS	649	1045
PRS-CS	649	1046
PRS-CS	650	1046
PRS-CS	650	1047
PRS-CS	656	1047
PRS-CS	656	1049
PRS-CS	658	1049
PRS-CS	658	1050
PRS-CS	659	1050
PRS-CS	659	1051
PRS-CS	662	1051
PRS-CS	662	1052
PRS-CS	663	1052
PRS-CS	663	1053
PRS-CS	664	1053
PRS-CS	664	1054
PRS-CS	666	1054
PRS-CS	666	1056
PRS-CS	667	1056
PRS-CS	667	1057
PRS-CS	669	1057
PRS-CS	669	1059
PRS-CS	670	1059
PRS-CS	670	1060
PRS-CS	671	1060
PRS-CS	671	1063
PRS-CS	673	1063
PRS-CS	673	1064
PRS-CS	674	1064
PRS-CS	674	1068
PRS-CS	676	1068
PRS-CS	676	1069
PRS-CS	678	1069
PRS-CS	678	1073
PRS-CS	679	1073
PRS-CS	679	1074
PRS-CS	680	1074
PRS-CS	680	1075
PRS-CS	681	1075
PRS-CS	681	1077
PRS-CS	682	1077
PRS-CS	682	1078
PRS-CS	683	1078
PRS-CS	683	1080
PRS-CS	687	1080
PRS-CS	687	1081
PRS-CS	690	1081
PRS-CS	690	1082
PRS-CS	691	1082
PRS-CS	691	1086
PRS-CS	693	1086
PRS-CS	693	1087
PRS-CS	694	1087
PRS-CS	694	1089
PRS-CS	695	1089
PRS-CS	695	1090
PRS-CS	698	1090
PRS-CS	698	1091
PRS-CS	699	1091
PRS-CS	699	1092
PRS-CS	700	1092
PRS-CS	700	1097
PRS-CS	704	1097
PRS-CS	704	1099
PRS-CS	706	1099
PRS-CS	706	1101
PRS-CS	707	1101
PRS-CS	707	1105
PRS-CS	709	1105
PRS-CS	709	1106
PRS-CS	710	1106
PRS-CS	710	1107
PRS-CS	712	1107
PRS-CS	712	1108
PRS-CS	714	1108
PRS-CS	714	1110
PRS-CS	716	1110
PRS-CS	716	1113
PRS-CS	717	1113
PRS-CS	717	1114
PRS-CS	719	1114
PRS-CS	719	1115
PRS-CS	720	1115
PRS-CS	720	1116
PRS-CS	721	1116
PRS-CS	721	1118
PRS-CS	723	1118
PRS-CS	723	1119
PRS-CS	724	1119
PRS-CS	724	1120
PRS-CS	726	1120
PRS-CS	726	1122
PRS-CS	728	1122
PRS-CS	728	1124
PRS-CS	729	1124
PRS-CS	729	1126
PRS-CS	731	1126
PRS-CS	731	1133
PRS-CS	735	1133
PRS-CS	735	1134
PRS-CS	745	1134
PRS-CS	745	1135
PRS-CS	746	1135
PRS-CS	746	1140
PRS-CS	747	1140
PRS-CS	747	1141
PRS-CS	749	1141
PRS-CS	749	1143
PRS-CS	750	1143
PRS-CS	750	1145
PRS-CS	752	1145
PRS-CS	752	1148
PRS-CS	753	1148
PRS-CS	753	1150
PRS-CS	754	1150
PRS-CS	754	1151
PRS-CS	755	1151
PRS-CS	755	1153
PRS-CS	756	1153
PRS-CS	756	1154
PRS-CS	759	1154
PRS-CS	759	1155
PRS-CS	760	1155
PRS-CS	760	1156
PRS-CS	762	1156
PRS-CS	762	1158
PRS-CS	763	1158
PRS-CS	763	1159
PRS-CS	764	1159
PRS-CS	764	1163
PRS-CS	765	1163
PRS-CS	765	1164
PRS-CS	768	1164
PRS-CS	768	1166
PRS-CS	771	1166
PRS-CS	771	1167
PRS-CS	773	1167
PRS-CS	773	1168
PRS-CS	779	1168
PRS-CS	779	1170
PRS-CS	780	1170
PRS-CS	780	1171
PRS-CS	790	1171
PRS-CS	790	1172
PRS-CS	791	1172
PRS-CS	791	1174
PRS-CS	793	1174
PRS-CS	793	1177
PRS-CS	795	1177
PRS-CS	795	1179
PRS-CS	797	1179
PRS-CS	797	1180
PRS-CS	798	1180
PRS-CS	798	1183
PRS-CS	800	1183
PRS-CS	800	1185
PRS-CS	802	1185
PRS-CS	802	1189
PRS-CS	804	1189
PRS-CS	804	1192
PRS-CS	805	1192
PRS-CS	805	1193
PRS-CS	806	1193
PRS-CS	806	1194
PRS-CS	807	1194
PRS-CS	807	1196
PRS-CS	808	1196
PRS-CS	808	1197
PRS-CS	810	1197
PRS-CS	810	1198
PRS-CS	812	1198
PRS-CS	812	1200
PRS-CS	813	1200
PRS-CS	813	1203
PRS-CS	814	1203
PRS-CS	814	1204
PRS-CS	817	1204
PRS-CS	817	1206
PRS-CS	818	1206
PRS-CS	818	1207
PRS-CS	824	1207
PRS-CS	824	1210
PRS-CS	825	1210
PRS-CS	825	1213
PRS-CS	829	1213
PRS-CS	829	1219
PRS-CS	833	1219
PRS-CS	833	1220
PRS-CS	838	1220
PRS-CS	838	1221
PRS-CS	839	1221
PRS-CS	839	1222
PRS-CS	840	1222
PRS-CS	840	1223
PRS-CS	841	1223
PRS-CS	841	1225
PRS-CS	851	1225
PRS-CS	851	1226
PRS-CS	853	1226
PRS-CS	853	1227
PRS-CS	854	1227
PRS-CS	854	1228
PRS-CS	856	1228
PRS-CS	856	1231
PRS-CS	857	1231
PRS-CS	857	1236
PRS-CS	858	1236
PRS-CS	858	1237
PRS-CS	859	1237
PRS-CS	859	1239
PRS-CS	862	1239
PRS-CS	862	1242
PRS-CS	864	1242
PRS-CS	864	1244
PRS-CS	866	1244
PRS-CS	866	1247
PRS-CS	868	1247
PRS-CS	868	1248
PRS-CS	869	1248
PRS-CS	869	1249
PRS-CS	870	1249
PRS-CS	870	1258
PRS-CS	875	1258
PRS-CS	875	1260
PRS-CS	876	1260
PRS-CS	876	1263
PRS-CS	878	1263
PRS-CS	878	1264
PRS-CS	880	1264
PRS-CS	880	1265
PRS-CS	883	1265
PRS-CS	883	1266
PRS-CS	884	1266
PRS-CS	884	1268
PRS-CS	887	1268
PRS-CS	887	1276
PRS-CS	888	1276
PRS-CS	888	1277
PRS-CS	893	1277
PRS-CS	893	1280
PRS-CS	895	1280
PRS-CS	895	1281
PRS-CS	898	1281
PRS-CS	898	1282
PRS-CS	900	1282
PRS-CS	900	1283
PRS-CS	901	1283
PRS-CS	901	1287
PRS-CS	905	1287
PRS-CS	905	1288
PRS-CS	907	1288
PRS-CS	907	1292
PRS-CS	908	1292
PRS-CS	908	1293
PRS-CS	911	1293
PRS-CS	911	1294
PRS-CS	914	1294
PRS-CS	914	1296
PRS-CS	915	1296
PRS-CS	915	1299
PRS-CS	917	1299
PRS-CS	917	1302
PRS-CS	920	1302
PRS-CS	920	1303
PRS-CS	922	1303
PRS-CS	922	1304
PRS-CS	923	1304
PRS-CS	923	1305
PRS-CS	925	1305
PRS-CS	925	1306
PRS-CS	926	1306
PRS-CS	926	1307
PRS-CS	930	1307
PRS-CS	930	1308
PRS-CS	932	1308
PRS-CS	932	1311
PRS-CS	937	1311
PRS-CS	937	1313
PRS-CS	940	1313
PRS-CS	940	1314
PRS-CS	941	1314
PRS-CS	941	1315
PRS-CS	942	1315
PRS-CS	942	1316
PRS-CS	943	1316
PRS-CS	943	1318
PRS-CS	944	1318
PRS-CS	944	1319
PRS-CS	945	1319
PRS-CS	945	1322
PRS-CS	948	1322
PRS-CS	948	1324
PRS-CS	950	1324
PRS-CS	950	1325
PRS-CS	952	1325
PRS-CS	952	1330
PRS-CS	953	1330
PRS-CS	953	1341
PRS-CS	955	1341
PRS-CS	955	1345
PRS-CS	957	1345
PRS-CS	957	1346
PRS-CS	959	1346
PRS-CS	959	1348
PRS-CS	961	1348
PRS-CS	961	1349
PRS-CS	964	1349
PRS-CS	964	1353
PRS-CS	965	1353
PRS-CS	965	1354
PRS-CS	969	1354
PRS-CS	969	1355
PRS-CS	971	1355
PRS-CS	971	1358
PRS-CS	972	1358
PRS-CS	972	1359
PRS-CS	974	1359
PRS-CS	974	1360
PRS-CS	975	1360
PRS-CS	975	1365
PRS-CS	976	1365
PRS-CS	976	1367
PRS-CS	978	1367
PRS-CS	978	1369
PRS-CS	980	1369
PRS-CS	980	1370
PRS-CS	982	1370
PRS-CS	982	1371
PRS-CS	989	1371
PRS-CS	989	1372
PRS-CS	993	1372
PRS-CS	993	1373
PRS-CS	994	1373
PRS-CS	994	1375
PRS-CS	996	1375
PRS-CS	996	1377
PRS-CS	998	1377
PRS-CS	998	1378
PRS-CS	1000	1378
PRS-CS	1000	1381
PRS-CS	1004	1381
PRS-CS	1004	1387
PRS-CS	1006	1387
PRS-CS	1006	1388
PRS-CS	1008	1388
PRS-CS	1008	1390
PRS-CS	1009	1390
PRS-CS	1009	1392
PRS-CS	1010	1392
PRS-CS	1010	1395
PRS-CS	1014	1395
PRS-CS	1014	1396
PRS-CS	1016	1396
PRS-CS	1016	1399
PRS-CS	1018	1399
PRS-CS	1018	1400
PRS-CS	1019	1400
PRS-CS	1019	1401
PRS-CS	1021	1401
PRS-CS	1021	1403
PRS-CS	1022	1403
PRS-CS	1022	1404
PRS-CS	1023	1404
PRS-CS	1023	1406
PRS-CS	1025	1406
PRS-CS	1025	1412
PRS-CS	1026	1412
PRS-CS	1026	1413
PRS-CS	1027	1413
PRS-CS	1027	1414
PRS-CS	1031	1414
PRS-CS	1031	1416
PRS-CS	1032	1416
PRS-CS	1032	1420
PRS-CS	1035	1420
PRS-CS	1035	1421
PRS-CS	1037	1421
PRS-CS	1037	1422
PRS-CS	1038	1422
PRS-CS	1038	1423
PRS-CS	1041	1423
PRS-CS	1041	1427
PRS-CS	1042	1427
PRS-CS	1042	1428
PRS-CS	1046	1428
PRS-CS	1046	1430
PRS-CS	1048	1430
PRS-CS	1048	1431
PRS-CS	1051	1431
PRS-CS	1051	1433
PRS-CS	1056	1433
PRS-CS	1056	1434
PRS-CS	1057	1434
PRS-CS	1057	1435
PRS-CS	1061	1435
PRS-CS	1061	1437
PRS-CS	1062	1437
PRS-CS	1062	1444
PRS-CS	1066	1444
PRS-CS	1066	1445
PRS-CS	1069	1445
PRS-CS	1069	1450
PRS-CS	1072	1450
PRS-CS	1072	1451
PRS-CS	1075	1451
PRS-CS	1075	1452
PRS-CS	1076	1452
PRS-CS	1076	1455
PRS-CS	1077	1455
PRS-CS	1077	1456
PRS-CS	1082	1456
PRS-CS	1082	1459
PRS-CS	1084	1459
PRS-CS	1084	1460
PRS-CS	1086	1460
PRS-CS	1086	1462
PRS-CS	1087	1462
PRS-CS	1087	1463
PRS-CS	1088	1463
PRS-CS	1088	1464
PRS-CS	1091	1464
PRS-CS	1091	1468
PRS-CS	1094	1468
PRS-CS	1094	1471
PRS-CS	1095	1471
PRS-CS	1095	1474
PRS-CS	1096	1474
PRS-CS	1096	1477
PRS-CS	1097	1477
PRS-CS	1097	1478
PRS-CS	1101	1478
PRS-CS	1101	1479
PRS-CS	1102	1479
PRS-CS	1102	1483
PRS-CS	1103	1483
PRS-CS	1103	1485
PRS-CS	1104	1485
PRS-CS	1104	1486
PRS-CS	1108	1486
PRS-CS	1108	1487
PRS-CS	1109	1487
PRS-CS	1109	1488
PRS-CS	1112	1488
PRS-CS	1112	1491
PRS-CS	1113	1491
PRS-CS	1113	1492
PRS-CS	1114	1492
PRS-CS	1114	1493
PRS-CS	1116	1493
PRS-CS	1116	1494
PRS-CS	1117	1494
PRS-CS	1117	1495
PRS-CS	1120	1495
PRS-CS	1120	1497
PRS-CS	1123	1497
PRS-CS	1123	1498
PRS-CS	1125	1498
PRS-CS	1125	1501
PRS-CS	1126	1501
PRS-CS	1126	1503
PRS-CS	1127	1503
PRS-CS	1127	1504
PRS-CS	1128	1504
PRS-CS	1128	1507
PRS-CS	1129	1507
PRS-CS	1129	1508
PRS-CS	1131	1508
PRS-CS	1131	1509
PRS-CS	1133	1509
PRS-CS	1133	1511
PRS-CS	1136	1511
PRS-CS	1136	1514
PRS-CS	1137	1514
PRS-CS	1137	1518
PRS-CS	1138	1518
PRS-CS	1138	1519
PRS-CS	1139	1519
PRS-CS	1139	1522
PRS-CS	1140	1522
PRS-CS	1140	1525
PRS-CS	1141	1525
PRS-CS	1141	1530
PRS-CS	1142	1530
PRS-CS	1142	1531
PRS-CS	1143	1531
PRS-CS	1143	1534
PRS-CS	1146	1534
PRS-CS	1146	1539
PRS-CS	1147	1539
PRS-CS	1147	1541
PRS-CS	1150	1541
PRS-CS	1150	1542
PRS-CS	1153	1542
PRS-CS	1153	1545
PRS-CS	1157	1545
PRS-CS	1157	1550
PRS-CS	1158	1550
PRS-CS	1158	1552
PRS-CS	1165	1552
PRS-CS	1165	1553
PRS-CS	1166	1553
PRS-CS	1166	1556
PRS-CS	1167	1556
PRS-CS	1167	1561
PRS-CS	1168	1561
PRS-CS	1168	1562
PRS-CS	1169	1562
PRS-CS	1169	1563
PRS-CS	1173	1563
PRS-CS	1173	1566
PRS-CS	1174	1566
PRS-CS	1174	1567
PRS-CS	1176	1567
PRS-CS	1176	1570
PRS-CS	1179	1570
PRS-CS	1179	1573
PRS-CS	1181	1573
PRS-CS	1181	1577
PRS-CS	1182	1577
PRS-CS	1182	1579
PRS-CS	1188	1579
PRS-CS	1188	1581
PRS-CS	1189	1581
PRS-CS	1189	1582
PRS-CS	1190	1582
PRS-CS	1190	1586
PRS-CS	1191	1586
PRS-CS	1191	1587
PRS-CS	1192	1587
PRS-CS	1192	1590
PRS-CS	1196	1590
PRS-CS	1196	1591
PRS-CS	1199	1591
PRS-CS	1199	1592
PRS-CS	1201	1592
PRS-CS	1201	1594
PRS-CS	1202	1594
PRS-CS	1202	1595
PRS-CS	1203	1595
PRS-CS	1203	1597
PRS-CS	1205	1597
PRS-CS	1205	1598
PRS-CS	1208	1598
PRS-CS	1208	1599
PRS-CS	1209	1599
PRS-CS	1209	1601
PRS-CS	1211	1601
PRS-CS	1211	1602
PRS-CS	1214	1602
PRS-CS	1214	1603
PRS-CS	1215	1603
PRS-CS	1215	1605
PRS-CS	1216	1605
PRS-CS	1216	1609
PRS-CS	1217	1609
PRS-CS	1217	1610
PRS-CS	1218	1610
PRS-CS	1218	1611
PRS-CS	1220	1611
PRS-CS	1220	1614
PRS-CS	1221	1614
PRS-CS	1221	1615
PRS-CS	1222	1615
PRS-CS	1222	1616
PRS-CS	1224	1616
PRS-CS	1224	1619
PRS-CS	1225	1619
PRS-CS	1225	1622
PRS-CS	1226	1622
PRS-CS	1226	1623
PRS-CS	1232	1623
PRS-CS	1232	1624
PRS-CS	1236	1624
PRS-CS	1236	1626
PRS-CS	1238	1626
PRS-CS	1238	1627
PRS-CS	1239	1627
PRS-CS	1239	1633
PRS-CS	1240	1633
PRS-CS	1240	1634
PRS-CS	1243	1634
PRS-CS	1243	1635
PRS-CS	1244	1635
PRS-CS	1244	1636
PRS-CS	1247	1636
PRS-CS	1247	1637
PRS-CS	1248	1637
PRS-CS	1248	1638
PRS-CS	1249	1638
PRS-CS	1249	1639
PRS-CS	1251	1639
PRS-CS	1251	1640
PRS-CS	1252	1640
PRS-CS	1252	1643
PRS-CS	1253	1643
PRS-CS	1253	1647
PRS-CS	1254	1647
PRS-CS	1254	1650
PRS-CS	1255	1650
PRS-CS	1255	1651
PRS-CS	1258	1651
PRS-CS	1258	1652
PRS-CS	1260	1652
PRS-CS	1260	1653
PRS-CS	1262	1653
PRS-CS	1262	1655
PRS-CS	1263	1655
PRS-CS	1263	1657
PRS-CS	1265	1657
PRS-CS	1265	1658
PRS-CS	1268	1658
PRS-CS	1268	1666
PRS-CS	1269	1666
PRS-CS	1269	1671
PRS-CS	1270	1671
PRS-CS	1270	1672
PRS-CS	1274	1672
PRS-CS	1274	1673
PRS-CS	1275	1673
PRS-CS	1275	1674
PRS-CS	1289	1674
PRS-CS	1289	1681
PRS-CS	1293	1681
PRS-CS	1293	1684
PRS-CS	1296	1684
PRS-CS	1296	1686
PRS-CS	1300	1686
PRS-CS	1300	1689
PRS-CS	1301	1689
PRS-CS	1301	1690
PRS-CS	1302	1690
PRS-CS	1302	1691
PRS-CS	1304	1691
PRS-CS	1304	1693
PRS-CS	1306	1693
PRS-CS	1306	1696
PRS-CS	1307	1696
PRS-CS	1307	1697
PRS-CS	1309	1697
PRS-CS	1309	1699
PRS-CS	1313	1699
PRS-CS	1313	1704
PRS-CS	1314	1704
PRS-CS	1314	1706
PRS-CS	1315	1706
PRS-CS	1315	1707
PRS-CS	1316	1707
PRS-CS	1316	1709
PRS-CS	1318	1709
PRS-CS	1318	1710
PRS-CS	1319	1710
PRS-CS	1319	1711
PRS-CS	1321	1711
PRS-CS	1321	1712
PRS-CS	1322	1712
PRS-CS	1322	1714
PRS-CS	1323	1714
PRS-CS	1323	1715
PRS-CS	1326	1715
PRS-CS	1326	1716
PRS-CS	1327	1716
PRS-CS	1327	1720
PRS-CS	1328	1720
PRS-CS	1328	1722
PRS-CS	1330	1722
PRS-CS	1330	1724
PRS-CS	1332	1724
PRS-CS	1332	1725
PRS-CS	1333	1725
PRS-CS	1333	1726
PRS-CS	1334	1726
PRS-CS	1334	1727
PRS-CS	1337	1727
PRS-CS	1337	1728
PRS-CS	1338	1728
PRS-CS	1338	1731
PRS-CS	1339	1731
PRS-CS	1339	1734
PRS-CS	1340	1734
PRS-CS	1340	1738
PRS-CS	1342	1738
PRS-CS	1342	1740
PRS-CS	1343	1740
PRS-CS	1343	1742
PRS-CS	1346	1742
PRS-CS	1346	1743
PRS-CS	1348	1743
PRS-CS	1348	1745
PRS-CS	1349	1745
PRS-CS	1349	1746
PRS-CS	1359	1746
PRS-CS	1359	1750
PRS-CS	1362	1750
PRS-CS	1362	1751
PRS-CS	1366	1751
PRS-CS	1366	1752
PRS-CS	1371	1752
PRS-CS	1371	1754
PRS-CS	1373	1754
PRS-CS	1373	1757
PRS-CS	1374	1757
PRS-CS	1374	1758
PRS-CS	1375	1758
PRS-CS	1375	1761
PRS-CS	1380	1761
PRS-CS	1380	1762
PRS-CS	1381	1762
PRS-CS	1381	1763
PRS-CS	1382	1763
PRS-CS	1382	1764
PRS-CS	1383	1764
PRS-CS	1383	1765
PRS-CS	1385	1765
PRS-CS	1385	1766
PRS-CS	1388	1766
PRS-CS	1388	1767
PRS-CS	1389	1767
PRS-CS	1389	1768
PRS-CS	1390	1768
PRS-CS	1390	1771
PRS-CS	1392	1771
PRS-CS	1392	1772
PRS-CS	1394	1772
PRS-CS	1394	1773
PRS-CS	1395	1773
PRS-CS	1395	1774
PRS-CS	1398	1774
PRS-CS	1398	1776
PRS-CS	1400	1776
PRS-CS	1400	1777
PRS-CS	1402	1777
PRS-CS	1402	1779
PRS-CS	1403	1779
PRS-CS	1403	1783
PRS-CS	1404	1783
PRS-CS	1404	1785
PRS-CS	1406	1785
PRS-CS	1406	1786
PRS-CS	1407	1786
PRS-CS	1407	1788
PRS-CS	1408	1788
PRS-CS	1408	1790
PRS-CS	1410	1790
PRS-CS	1410	1791
PRS-CS	1411	1791
PRS-CS	1411	1792
PRS-CS	1412	1792
PRS-CS	1412	1795
PRS-CS	1415	1795
PRS-CS	1415	1796
PRS-CS	1416	1796
PRS-CS	1416	1797
PRS-CS	1420	1797
PRS-CS	1420	1798
PRS-CS	1422	1798
PRS-CS	1422	1800
PRS-CS	1423	1800
PRS-CS	1423	1801
PRS-CS	1426	1801
PRS-CS	1426	1802
PRS-CS	1432	1802
PRS-CS	1432	1804
PRS-CS	1434	1804
PRS-CS	1434	1805
PRS-CS	1437	1805
PRS-CS	1437	1806
PRS-CS	1439	1806
PRS-CS	1439	1807
PRS-CS	1441	1807
PRS-CS	1441	1809
PRS-CS	1442	1809
PRS-CS	1442	1810
PRS-CS	1448	1810
PRS-CS	1448	1811
PRS-CS	1449	1811
PRS-CS	1449	1812
PRS-CS	1450	1812
PRS-CS	1450	1816
PRS-CS	1454	1816
PRS-CS	1454	1817
PRS-CS	1456	1817
PRS-CS	1456	1818
PRS-CS	1457	1818
PRS-CS	1457	1819
PRS-CS	1458	1819
PRS-CS	1458	1820
PRS-CS	1462	1820
PRS-CS	1462	1821
PRS-CS	1466	1821
PRS-CS	1466	1822
PRS-CS	1467	1822
PRS-CS	1467	1824
PRS-CS	1468	1824
PRS-CS	1468	1825
PRS-CS	1469	1825
PRS-CS	1469	1827
PRS-CS	1470	1827
PRS-CS	1470	1828
PRS-CS	1471	1828
PRS-CS	1471	1829
PRS-CS	1472	1829
PRS-CS	1472	1833
PRS-CS	1476	1833
PRS-CS	1476	1834
PRS-CS	1478	1834
PRS-CS	1478	1835
PRS-CS	1479	1835
PRS-CS	1479	1838
PRS-CS	1481	1838
PRS-CS	1481	1839
PRS-CS	1482	1839
PRS-CS	1482	1842
PRS-CS	1485	1842
PRS-CS	1485	1844
PRS-CS	1490	1844
PRS-CS	1490	1845
PRS-CS	1492	1845
PRS-CS	1492	1846
PRS-CS	1493	1846
PRS-CS	1493	1849
PRS-CS	1497	1849
PRS-CS	1497	1851
PRS-CS	1498	1851
PRS-CS	1498	1852
PRS-CS	1499	1852
PRS-CS	1499	1854
PRS-CS	1500	1854
PRS-CS	1500	1855
PRS-CS	1503	1855
PRS-CS	1503	1857
PRS-CS	1505	1857
PRS-CS	1505	1858
PRS-CS	1506	1858
PRS-CS	1506	1859
PRS-CS	1510	1859
PRS-CS	1510	1860
PRS-CS	1512	1860
PRS-CS	1512	1862
PRS-CS	1515	1862
PRS-CS	1515	1863
PRS-CS	1517	1863
PRS-CS	1517	1867
PRS-CS	1518	1867
PRS-CS	1518	1868
PRS-CS	1519	1868
PRS-CS	1519	1869
PRS-CS	1521	1869
PRS-CS	1521	1870
PRS-CS	1523	1870
PRS-CS	1523	1874
PRS-CS	1525	1874
PRS-CS	1525	1875
PRS-CS	1530	1875
PRS-CS	1530	1876
PRS-CS	1531	1876
PRS-CS	1531	1883
PRS-CS	1533	1883
PRS-CS	1533	1885
PRS-CS	1534	1885
PRS-CS	1534	1887
PRS-CS	1535	1887
PRS-CS	1535	1888
PRS-CS	1538	1888
PRS-CS	1538	1894
PRS-CS	1539	1894
PRS-CS	1539	1895
PRS-CS	1542	1895
PRS-CS	1542	1896
PRS-CS	1543	1896
PRS-CS	1543	1897
PRS-CS	1544	1897
PRS-CS	1544	1898
PRS-CS	1549	1898
PRS-CS	1549	1899
PRS-CS	1551	1899
PRS-CS	1551	1900
PRS-CS	1555	1900
PRS-CS	1555	1902
PRS-CS	1556	1902
PRS-CS	1556	1903
PRS-CS	1559	1903
PRS-CS	1559	1904
PRS-CS	1562	1904
PRS-CS	1562	1905
PRS-CS	1563	1905
PRS-CS	1563	1908
PRS-CS	1566	1908
PRS-CS	1566	1909
PRS-CS	1567	1909
PRS-CS	1567	1912
PRS-CS	1568	1912
PRS-CS	1568	1914
PRS-CS	1570	1914
PRS-CS	1570	1919
PRS-CS	1571	1919
PRS-CS	1571	1920
PRS-CS	1574	1920
PRS-CS	1574	1922
PRS-CS	1575	1922
PRS-CS	1575	1925
PRS-CS	1577	1925
PRS-CS	1577	1926
PRS-CS	1579	1926
PRS-CS	1579	1928
PRS-CS	1580	1928
PRS-CS	1580	1929
PRS-CS	1583	1929
PRS-CS	1583	1931
PRS-CS	1586	1931
PRS-CS	1586	1932
PRS-CS	1594	1932
PRS-CS	1594	1935
PRS-CS	1596	1935
PRS-CS	1596	1936
PRS-CS	1597	1936
PRS-CS	1597	1938
PRS-CS	1600	1938
PRS-CS	1600	1940
PRS-CS	1603	1940
PRS-CS	1603	1941
PRS-CS	1604	1941
PRS-CS	1604	1944
PRS-CS	1605	1944
PRS-CS	1605	1947
PRS-CS	1606	1947
PRS-CS	1606	1948
PRS-CS	1607	1948
PRS-CS	1607	1949
PRS-CS	1608	1949
PRS-CS	1608	1950
PRS-CS	1611	1950
PRS-CS	1611	1951
PRS-CS	1614	1951
PRS-CS	1614	1952
PRS-CS	1616	1952
PRS-CS	1616	1954
PRS-CS	1619	1954
PRS-CS	1619	1956
PRS-CS	1620	1956
PRS-CS	1620	1960
PRS-CS	1621	1960
PRS-CS	1621	1961
PRS-CS	1624	1961
PRS-CS	1624	1962
PRS-CS	1625	1962
PRS-CS	1625	1963
PRS-CS	1626	1963
PRS-CS	1626	1964
PRS-CS	1628	1964
PRS-CS	1628	1965
PRS-CS	1632	1965
PRS-CS	1632	1966
PRS-CS	1634	1966
PRS-CS	1634	1970
PRS-CS	1635	1970
PRS-CS	1635	1972
PRS-CS	1636	1972
PRS-CS	1636	1973
PRS-CS	1638	1973
PRS-CS	1638	1975
PRS-CS	1640	1975
PRS-CS	1640	1977
PRS-CS	1641	1977
PRS-CS	1641	1980
PRS-CS	1643	1980
PRS-CS	1643	1982
PRS-CS	1644	1982
PRS-CS	1644	1985
PRS-CS	1648	1985
PRS-CS	1648	1986
PRS-CS	1653	1986
PRS-CS	1653	1987
PRS-CS	1655	1987
PRS-CS	1655	1988
PRS-CS	1658	1988
PRS-CS	1658	1989
PRS-CS	1659	1989
PRS-CS	1659	1991
PRS-CS	1666	1991
PRS-CS	1666	1993
PRS-CS	1667	1993
PRS-CS	1667	1994
PRS-CS	1669	1994
PRS-CS	1669	1995
PRS-CS	1676	1995
PRS-CS	1676	2000
PRS-CS	1678	2000
PRS-CS	1678	2001
PRS-CS	1680	2001
PRS-CS	1680	2003
PRS-CS	1683	2003
PRS-CS	1683	2004
PRS-CS	1684	2004
PRS-CS	1684	2005
PRS-CS	1686	2005
PRS-CS	1686	2007
PRS-CS	1687	2007
PRS-CS	1687	2008
PRS-CS	1688	2008
PRS-CS	1688	2015
PRS-CS	1690	2015
PRS-CS	1690	2016
PRS-CS	1691	2016
PRS-CS	1691	2017
PRS-CS	1693	2017
PRS-CS	1693	2018
PRS-CS	1695	2018
PRS-CS	1695	2019
PRS-CS	1696	2019
PRS-CS	1696	2021
PRS-CS	1697	2021
PRS-CS	1697	2025
PRS-CS	1699	2025
PRS-CS	1699	2026
PRS-CS	1702	2026
PRS-CS	1702	2028
PRS-CS	1706	2028
PRS-CS	1706	2031
PRS-CS	1707	2031
PRS-CS	1707	2032
PRS-CS	1708	2032
PRS-CS	1708	2033
PRS-CS	1711	2033
PRS-CS	1711	2034
PRS-CS	1712	2034
PRS-CS	1712	2035
PRS-CS	1713	2035
PRS-CS	1713	2036
PRS-CS	1715	2036
PRS-CS	1715	2038
PRS-CS	1717	2038
PRS-CS	1717	2039
PRS-CS	1718	2039
PRS-CS	1718	2043
PRS-CS	1719	2043
PRS-CS	1719	2050
PRS-CS	1728	2050
PRS-CS	1728	2051
PRS-CS	1731	2051
PRS-CS	1731	2053
PRS-CS	1732	2053
PRS-CS	1732	2055
PRS-CS	1736	2055
PRS-CS	1736	2056
PRS-CS	1738	2056
PRS-CS	1738	2058
PRS-CS	1739	2058
PRS-CS	1739	2060
PRS-CS	1740	2060
PRS-CS	1740	2061
PRS-CS	1742	2061
PRS-CS	1742	2063
PRS-CS	1744	2063
PRS-CS	1744	2065
PRS-CS	1746	2065
PRS-CS	1746	2066
PRS-CS	1748	2066
PRS-CS	1748	2068
PRS-CS	1750	2068
PRS-CS	1750	2070
PRS-CS	1755	2070
PRS-CS	1755	2071
PRS-CS	1756	2071
PRS-CS	1756	2073
PRS-CS	1758	2073
PRS-CS	1758	2074
PRS-CS	1763	2074
PRS-CS	1763	2075
PRS-CS	1764	2075
PRS-CS	1764	2076
PRS-CS	1768	2076
PRS-CS	1768	2078
PRS-CS	1770	2078
PRS-CS	1770	2079
PRS-CS	1773	2079
PRS-CS	1773	2081
PRS-CS	1774	2081
PRS-CS	1774	2082
PRS-CS	1776	2082
PRS-CS	1776	2086
PRS-CS	1778	2086
PRS-CS	1778	2088
PRS-CS	1780	2088
PRS-CS	1780	2090
PRS-CS	1781	2090
PRS-CS	1781	2091
PRS-CS	1782	2091
PRS-CS	1782	2092
PRS-CS	1786	2092
PRS-CS	1786	2093
PRS-CS	1787	2093
PRS-CS	1787	2094
PRS-CS	1788	2094
PRS-CS	1788	2096
PRS-CS	1790	2096
PRS-CS	1790	2100
PRS-CS	1792	2100
PRS-CS	1792	2101
PRS-CS	1795	2101
PRS-CS	1795	2102
PRS-CS	1798	2102
PRS-CS	1798	2103
PRS-CS	1799	2103
PRS-CS	1799	2104
PRS-CS	1800	2104
PRS-CS	1800	2105
PRS-CS	1804	2105
PRS-CS	1804	2107
PRS-CS	1805	2107
PRS-CS	1805	2108
PRS-CS	1807	2108
PRS-CS	1807	2114
PRS-CS	1810	2114
PRS-CS	1810	2115
PRS-CS	1813	2115
PRS-CS	1813	2123
PRS-CS	1817	2123
PRS-CS	1817	2124
PRS-CS	1818	2124
PRS-CS	1818	2125
PRS-CS	1819	2125
PRS-CS	1819	2126
PRS-CS	1820	2126
PRS-CS	1820	2127
PRS-CS	1824	2127
PRS-CS	1824	2128
PRS-CS	1831	2128
PRS-CS	1831	2130
PRS-CS	1832	2130
PRS-CS	1832	2133
PRS-CS	1833	2133
PRS-CS	1833	2134
PRS-CS	1835	2134
PRS-CS	1835	2137
PRS-CS	1837	2137
PRS-CS	1837	2138
PRS-CS	1842	2138
PRS-CS	1842	2139
PRS-CS	1843	2139
PRS-CS	1843	2140
PRS-CS	1848	2140
PRS-CS	1848	2141
PRS-CS	1859	2141
PRS-CS	1859	2143
PRS-CS	1860	2143
PRS-CS	1860	2144
PRS-CS	1861	2144
PRS-CS	1861	2145
PRS-CS	1862	2145
PRS-CS	1862	2147
PRS-CS	1867	2147
PRS-CS	1867	2151
PRS-CS	1870	2151
PRS-CS	1870	2152
PRS-CS	1871	2152
PRS-CS	1871	2153
PRS-CS	1872	2153
PRS-CS	1872	2154
PRS-CS	1879	2154
PRS-CS	1879	2155
PRS-CS	1883	2155
PRS-CS	1883	2156
PRS-CS	1884	2156
PRS-CS	1884	2159
PRS-CS	1889	2159
PRS-CS	1889	2164
PRS-CS	1890	2164
PRS-CS	1890	2166
PRS-CS	1891	2166
PRS-CS	1891	2167
PRS-CS	1893	2167
PRS-CS	1893	2168
PRS-CS	1896	2168
PRS-CS	1896	2171
PRS-CS	1899	2171
PRS-CS	1899	2172
PRS-CS	1902	2172
PRS-CS	1902	2173
PRS-CS	1903	2173
PRS-CS	1903	2174
PRS-CS	1904	2174
PRS-CS	1904	2175
PRS-CS	1905	2175
PRS-CS	1905	2179
PRS-CS	1906	2179
PRS-CS	1906	2183
PRS-CS	1907	2183
PRS-CS	1907	2185
PRS-CS	1909	2185
PRS-CS	1909	2187
PRS-CS	1910	2187
PRS-CS	1910	2192
PRS-CS	1913	2192
PRS-CS	1913	2193
PRS-CS	1918	2193
PRS-CS	1918	2197
PRS-CS	1919	2197
PRS-CS	1919	2198
PRS-CS	1920	2198
PRS-CS	1920	2199
PRS-CS	1921	2199
PRS-CS	1921	2201
PRS-CS	1924	2201
PRS-CS	1924	2202
PRS-CS	1926	2202
PRS-CS	1926	2206
PRS-CS	1929	2206
PRS-CS	1929	2207
PRS-CS	1931	2207
PRS-CS	1931	2209
PRS-CS	1932	2209
PRS-CS	1932	2210
PRS-CS	1936	2210
PRS-CS	1936	2211
PRS-CS	1937	2211
PRS-CS	1937	2212
PRS-CS	1941	2212
PRS-CS	1941	2213
PRS-CS	1943	2213
PRS-CS	1943	2215
PRS-CS	1947	2215
PRS-CS	1947	2216
PRS-CS	1954	2216
PRS-CS	1954	2217
PRS-CS	1956	2217
PRS-CS	1956	2218
PRS-CS	1959	2218
PRS-CS	1959	2220
PRS-CS	1960	2220
PRS-CS	1960	2221
PRS-CS	1963	2221
PRS-CS	1963	2222
PRS-CS	1964	2222
PRS-CS	1964	2223
PRS-CS	1967	2223
PRS-CS	1967	2224
PRS-CS	1968	2224
PRS-CS	1968	2225
PRS-CS	1972	2225
PRS-CS	1972	2229
PRS-CS	1975	2229
PRS-CS	1975	2232
PRS-CS	1984	2232
PRS-CS	1984	2233
PRS-CS	1985	2233
PRS-CS	1985	2235
PRS-CS	1988	2235
PRS-CS	1988	2238
PRS-CS	1991	2238
PRS-CS	1991	2239
PRS-CS	1994	2239
PRS-CS	1994	2241
PRS-CS	1996	2241
PRS-CS	1996	2243
PRS-CS	1997	2243
PRS-CS	1997	2244
PRS-CS	2000	2244
PRS-CS	2000	2245
PRS-CS	2004	2245
PRS-CS	2004	2246
PRS-CS	2005	2246
PRS-CS	2005	2250
PRS-CS	2006	2250
PRS-CS	2006	2252
PRS-CS	2010	2252
PRS-CS	2010	2253
PRS-CS	2013	2253
PRS-CS	2013	2256
PRS-CS	2014	2256
PRS-CS	2014	2257
PRS-CS	2015	2257
PRS-CS	2015	2265
PRS-CS	2016	2265
PRS-CS	2016	2266
PRS-CS	2019	2266
PRS-CS	2019	2267
PRS-CS	2026	2267
PRS-CS	2026	2269
PRS-CS	2027	2269
PRS-CS	2027	2270
PRS-CS	2028	2270
PRS-CS	2028	2271
PRS-CS	2029	2271
PRS-CS	2029	2273
PRS-CS	2030	2273
PRS-CS	2030	2274
PRS-CS	2033	2274
PRS-CS	2033	2275
PRS-CS	2035	2275
PRS-CS	2035	2277
PRS-CS	2036	2277
PRS-CS	2036	2278
PRS-CS	2038	2278
PRS-CS	2038	2279
PRS-CS	2042	2279
PRS-CS	2042	2282
PRS-CS	2046	2282
PRS-CS	2046	2284
PRS-CS	2047	2284
PRS-CS	2047	2286
PRS-CS	2050	2286
PRS-CS	2050	2289
PRS-CS	2051	2289
PRS-CS	2051	2293
PRS-CS	2054	2293
PRS-CS	2054	2296
PRS-CS	2056	2296
PRS-CS	2056	2297
PRS-CS	2057	2297
PRS-CS	2057	2300
PRS-CS	2061	2300
PRS-CS	2061	2302
PRS-CS	2063	2302
PRS-CS	2063	2303
PRS-CS	2065	2303
PRS-CS	2065	2307
PRS-CS	2068	2307
PRS-CS	2068	2309
PRS-CS	2069	2309
PRS-CS	2069	2311
PRS-CS	2074	2311
PRS-CS	2074	2313
PRS-CS	2075	2313
PRS-CS	2075	2314
PRS-CS	2076	2314
PRS-CS	2076	2315
PRS-CS	2077	2315
PRS-CS	2077	2316
PRS-CS	2081	2316
PRS-CS	2081	2317
PRS-CS	2084	2317
PRS-CS	2084	2318
PRS-CS	2085	2318
PRS-CS	2085	2319
PRS-CS	2086	2319
PRS-CS	2086	2320
PRS-CS	2087	2320
PRS-CS	2087	2326
PRS-CS	2092	2326
PRS-CS	2092	2327
PRS-CS	2093	2327
PRS-CS	2093	2329
PRS-CS	2095	2329
PRS-CS	2095	2331
PRS-CS	2099	2331
PRS-CS	2099	2335
PRS-CS	2100	2335
PRS-CS	2100	2337
PRS-CS	2102	2337
PRS-CS	2102	2340
PRS-CS	2108	2340
PRS-CS	2108	2344
PRS-CS	2109	2344
PRS-CS	2109	2345
PRS-CS	2114	2345
PRS-CS	2114	2347
PRS-CS	2119	2347
PRS-CS	2119	2348
PRS-CS	2120	2348
PRS-CS	2120	2349
PRS-CS	2123	2349
PRS-CS	2123	2350
PRS-CS	2126	2350
PRS-CS	2126	2352
PRS-CS	2129	2352
PRS-CS	2129	2353
PRS-CS	2130	2353
PRS-CS	2130	2354
PRS-CS	2131	2354
PRS-CS	2131	2355
PRS-CS	2135	2355
PRS-CS	2135	2356
PRS-CS	2137	2356
PRS-CS	2137	2357
PRS-CS	2139	2357
PRS-CS	2139	2361
PRS-CS	2142	2361
PRS-CS	2142	2365
PRS-CS	2143	2365
PRS-CS	2143	2366
PRS-CS	2146	2366
PRS-CS	2146	2368
PRS-CS	2151	2368
PRS-CS	2151	2369
PRS-CS	2153	2369
PRS-CS	2153	2372
PRS-CS	2154	2372
PRS-CS	2154	2373
PRS-CS	2162	2373
PRS-CS	2162	2374
PRS-CS	2163	2374
PRS-CS	2163	2376
PRS-CS	2164	2376
PRS-CS	2164	2377
PRS-CS	2166	2377
PRS-CS	2166	2379
PRS-CS	2168	2379
PRS-CS	2168	2380
PRS-CS	2169	2380
PRS-CS	2169	2381
PRS-CS	2171	2381
PRS-CS	2171	2382
PRS-CS	2173	2382
PRS-CS	2173	2385
PRS-CS	2178	2385
PRS-CS	2178	2386
PRS-CS	2179	2386
PRS-CS	2179	2387
PRS-CS	2193	2387
PRS-CS	2193	2389
PRS-CS	2195	2389
PRS-CS	2195	2394
PRS-CS	2201	2394
PRS-CS	2201	2398
PRS-CS	2203	2398
PRS-CS	2203	2399
PRS-CS	2206	2399
PRS-CS	2206	2400
PRS-CS	2209	2400
PRS-CS	2209	2401
PRS-CS	2213	2401
PRS-CS	2213	2402
PRS-CS	2215	2402
PRS-CS	2215	2404
PRS-CS	2216	2404
PRS-CS	2216	2406
PRS-CS	2217	2406
PRS-CS	2217	2407
PRS-CS	2219	2407
PRS-CS	2219	2411
PRS-CS	2220	2411
PRS-CS	2220	2414
PRS-CS	2223	2414
PRS-CS	2223	2416
PRS-CS	2226	2416
PRS-CS	2226	2418
PRS-CS	2228	2418
PRS-CS	2228	2421
PRS-CS	2232	2421
PRS-CS	2232	2422
PRS-CS	2233	2422
PRS-CS	2233	2425
PRS-CS	2236	2425
PRS-CS	2236	2426
PRS-CS	2237	2426
PRS-CS	2237	2428
PRS-CS	2238	2428
PRS-CS	2238	2429
PRS-CS	2239	2429
PRS-CS	2239	2430
PRS-CS	2240	2430
PRS-CS	2240	2433
PRS-CS	2241	2433
PRS-CS	2241	2436
PRS-CS	2242	2436
PRS-CS	2242	2437
PRS-CS	2245	2437
PRS-CS	2245	2440
PRS-CS	2246	2440
PRS-CS	2246	2441
PRS-CS	2247	2441
PRS-CS	2247	2442
PRS-CS	2251	2442
PRS-CS	2251	2445
PRS-CS	2253	2445
PRS-CS	2253	2448
PRS-CS	2255	2448
PRS-CS	2255	2449
PRS-CS	2256	2449
PRS-CS	2256	2451
PRS-CS	2257	2451
PRS-CS	2257	2452
PRS-CS	2259	2452
PRS-CS	2259	2453
PRS-CS	2261	2453
PRS-CS	2261	2455
PRS-CS	2262	2455
PRS-CS	2262	2460
PRS-CS	2263	2460
PRS-CS	2263	2461
PRS-CS	2268	2461
PRS-CS	2268	2462
PRS-CS	2270	2462
PRS-CS	2270	2463
PRS-CS	2271	2463
PRS-CS	2271	2464
PRS-CS	2274	2464
PRS-CS	2274	2466
PRS-CS	2277	2466
PRS-CS	2277	2468
PRS-CS	2283	2468
PRS-CS	2283	2469
PRS-CS	2284	2469
PRS-CS	2284	2472
PRS-CS	2285	2472
PRS-CS	2285	2473
PRS-CS	2287	2473
PRS-CS	2287	2474
PRS-CS	2289	2474
PRS-CS	2289	2475
PRS-CS	2291	2475
PRS-CS	2291	2476
PRS-CS	2292	2476
PRS-CS	2292	2477
PRS-CS	2295	2477
PRS-CS	2295	2478
PRS-CS	2296	2478
PRS-CS	2296	2480
PRS-CS	2297	2480
PRS-CS	2297	2481
PRS-CS	2298	2481
PRS-CS	2298	2482
PRS-CS	2300	2482
PRS-CS	2300	2483
PRS-CS	2303	2483
PRS-CS	2303	2484
PRS-CS	2306	2484
PRS-CS	2306	2485
PRS-CS	2308	2485
PRS-CS	2308	2487
PRS-CS	2309	2487
PRS-CS	2309	2490
PRS-CS	2310	2490
PRS-CS	2310	2491
PRS-CS	2311	2491
PRS-CS	2311	2493
PRS-CS	2313	2493
PRS-CS	2313	2494
PRS-CS	2314	2494
PRS-CS	2314	2495
PRS-CS	2318	2495
PRS-CS	2318	2496
PRS-CS	2321	2496
PRS-CS	2321	2498
PRS-CS	2322	2498
PRS-CS	2322	2500
PRS-CS	2325	2500
PRS-CS	2325	2501
PRS-CS	2327	2501
PRS-CS	2327	2502
PRS-CS	2329	2502
PRS-CS	2329	2503
PRS-CS	2330	2503
PRS-CS	2330	2505
PRS-CS	2332	2505
PRS-CS	2332	2507
PRS-CS	2334	2507
PRS-CS	2334	2509
PRS-CS	2339	2509
PRS-CS	2339	2510
PRS-CS	2340	2510
PRS-CS	2340	2511
PRS-CS	2344	2511
PRS-CS	2344	2513
PRS-CS	2348	2513
PRS-CS	2348	2515
PRS-CS	2349	2515
PRS-CS	2349	2521
PRS-CS	2350	2521
PRS-CS	2350	2523
PRS-CS	2355	2523
PRS-CS	2355	2524
PRS-CS	2356	2524
PRS-CS	2356	2526
PRS-CS	2357	2526
PRS-CS	2357	2527
PRS-CS	2358	2527
PRS-CS	2358	2528
PRS-CS	2361	2528
PRS-CS	2361	2529
PRS-CS	2363	2529
PRS-CS	2363	2530
PRS-CS	2364	2530
PRS-CS	2364	2532
PRS-CS	2365	2532
PRS-CS	2365	2533
PRS-CS	2366	2533
PRS-CS	2366	2536
PRS-CS	2368	2536
PRS-CS	2368	2540
PRS-CS	2371	2540
PRS-CS	2371	2541
PRS-CS	2372	2541
PRS-CS	2372	2542
PRS-CS	2373	2542
PRS-CS	2373	2546
PRS-CS	2376	2546
PRS-CS	2376	2548
PRS-CS	2379	2548
PRS-CS	2379	2552
PRS-CS	2386	2552
PRS-CS	2386	2553
PRS-CS	2387	2553
PRS-CS	2387	2557
PRS-CS	2391	2557
PRS-CS	2391	2559
PRS-CS	2392	2559
PRS-CS	2392	2560
PRS-CS	2393	2560
PRS-CS	2393	2561
PRS-CS	2395	2561
PRS-CS	2395	2562
PRS-CS	2398	2562
PRS-CS	2398	2564
PRS-CS	2399	2564
PRS-CS	2399	2568
PRS-CS	2400	2568
PRS-CS	2400	2570
PRS-CS	2403	2570
PRS-CS	2403	2571
PRS-CS	2405	2571
PRS-CS	2405	2575
PRS-CS	2406	2575
PRS-CS	2406	2576
PRS-CS	2408	2576
PRS-CS	2408	2577
PRS-CS	2409	2577
PRS-CS	2409	2578
PRS-CS	2411	2578
PRS-CS	2411	2581
PRS-CS	2414	2581
PRS-CS	2414	2582
PRS-CS	2415	2582
PRS-CS	2415	2583
PRS-CS	2420	2583
PRS-CS	2420	2585
PRS-CS	2423	2585
PRS-CS	2423	2586
PRS-CS	2426	2586
PRS-CS	2426	2588
PRS-CS	2427	2588
PRS-CS	2427	2589
PRS-CS	2428	2589
PRS-CS	2428	2590
PRS-CS	2433	2590
PRS-CS	2433	2591
PRS-CS	2434	2591
PRS-CS	2434	2592
PRS-CS	2435	2592
PRS-CS	2435	2593
PRS-CS	2436	2593
PRS-CS	2436	2594
PRS-CS	2437	2594
PRS-CS	2437	2595
PRS-CS	2438	2595
PRS-CS	2438	2598
PRS-CS	2439	2598
PRS-CS	2439	2600
PRS-CS	2440	2600
PRS-CS	2440	2602
PRS-CS	2441	2602
PRS-CS	2441	2604
PRS-CS	2443	2604
PRS-CS	2443	2606
PRS-CS	2448	2606
PRS-CS	2448	2607
PRS-CS	2453	2607
PRS-CS	2453	2608
PRS-CS	2454	2608
PRS-CS	2454	2609
PRS-CS	2456	2609
PRS-CS	2456	2612
PRS-CS	2459	2612
PRS-CS	2459	2613
PRS-CS	2462	2613
PRS-CS	2462	2616
PRS-CS	2463	2616
PRS-CS	2463	2617
PRS-CS	2464	2617
PRS-CS	2464	2619
PRS-CS	2465	2619
PRS-CS	2465	2620
PRS-CS	2467	2620
PRS-CS	2467	2622
PRS-CS	2468	2622
PRS-CS	2468	2624
PRS-CS	2469	2624
PRS-CS	2469	2625
PRS-CS	2471	2625
PRS-CS	2471	2626
PRS-CS	2473	2626
PRS-CS	2473	2627
PRS-CS	2474	2627
PRS-CS	2474	2629
PRS-CS	2475	2629
PRS-CS	2475	2630
PRS-CS	2477	2630
PRS-CS	2477	2631
PRS-CS	2480	2631
PRS-CS	2480	2632
PRS-CS	2481	2632
PRS-CS	2481	2634
PRS-CS	2482	2634
PRS-CS	2482	2636
PRS-CS	2485	2636
PRS-CS	2485	2638
PRS-CS	2487	2638
PRS-CS	2487	2639
PRS-CS	2488	2639
PRS-CS	2488	2640
PRS-CS	2490	2640
PRS-CS	2490	2643
PRS-CS	2491	2643
PRS-CS	2491	2646
PRS-CS	2492	2646
PRS-CS	2492	2648
PRS-CS	2497	2648
PRS-CS	2497	2650
PRS-CS	2498	2650
PRS-CS	2498	2654
PRS-CS	2499	2654
PRS-CS	2499	2655
PRS-CS	2503	2655
PRS-CS	2503	2656
PRS-CS	2504	2656
PRS-CS	2504	2661
PRS-CS	2505	2661
PRS-CS	2505	2662
PRS-CS	2507	2662
PRS-CS	2507	2663
PRS-CS	2509	2663
PRS-CS	2509	2664
PRS-CS	2510	2664
PRS-CS	2510	2665
PRS-CS	2512	2665
PRS-CS	2512	2667
PRS-CS	2513	2667
PRS-CS	2513	2669
PRS-CS	2514	2669
PRS-CS	2514	2671
PRS-CS	2518	2671
PRS-CS	2518	2673
PRS-CS	2519	2673
PRS-CS	2519	2674
PRS-CS	2520	2674
PRS-CS	2520	2675
PRS-CS	2522	2675
PRS-CS	2522	2676
PRS-CS	2523	2676
PRS-CS	2523	2677
PRS-CS	2524	2677
PRS-CS	2524	2678
PRS-CS	2526	2678
PRS-CS	2526	2679
PRS-CS	2527	2679
PRS-CS	2527	2681
PRS-CS	2530	2681
PRS-CS	2530	2682
PRS-CS	2532	2682
PRS-CS	2532	2688
PRS-CS	2533	2688
PRS-CS	2533	2689
PRS-CS	2534	2689
PRS-CS	2534	2692
PRS-CS	2538	2692
PRS-CS	2538	2693
PRS-CS	2541	2693
PRS-CS	2541	2694
PRS-CS	2545	2694
PRS-CS	2545	2698
PRS-CS	2546	2698
PRS-CS	2546	2700
PRS-CS	2550	2700
PRS-CS	2550	2701
PRS-CS	2552	2701
PRS-CS	2552	2703
PRS-CS	2553	2703
PRS-CS	2553	2704
PRS-CS	2556	2704
PRS-CS	2556	2705
PRS-CS	2557	2705
PRS-CS	2557	2706
PRS-CS	2559	2706
PRS-CS	2559	2707
PRS-CS	2570	2707
PRS-CS	2570	2709
PRS-CS	2571	2709
PRS-CS	2571	2710
PRS-CS	2573	2710
PRS-CS	2573	2711
PRS-CS	2575	2711
PRS-CS	2575	2714
PRS-CS	2578	2714
PRS-CS	2578	2715
PRS-CS	2580	2715
PRS-CS	2580	2716
PRS-CS	2581	2716
PRS-CS	2581	2717
PRS-CS	2584	2717
PRS-CS	2584	2720
PRS-CS	2585	2720
PRS-CS	2585	2723
PRS-CS	2587	2723
PRS-CS	2587	2724
PRS-CS	2588	2724
PRS-CS	2588	2726
PRS-CS	2592	2726
PRS-CS	2592	2727
PRS-CS	2595	2727
PRS-CS	2595	2729
PRS-CS	2596	2729
PRS-CS	2596	2731
PRS-CS	2597	2731
PRS-CS	2597	2733
PRS-CS	2603	2733
PRS-CS	2603	2734
PRS-CS	2605	2734
PRS-CS	2605	2735
PRS-CS	2607	2735
PRS-CS	2607	2737
PRS-CS	2608	2737
PRS-CS	2608	2738
PRS-CS	2611	2738
PRS-CS	2611	2739
PRS-CS	2612	2739
PRS-CS	2612	2740
PRS-CS	2613	2740
PRS-CS	2613	2741
PRS-CS	2615	2741
PRS-CS	2615	2742
PRS-CS	2617	2742
PRS-CS	2617	2743
PRS-CS	2621	2743
PRS-CS	2621	2744
PRS-CS	2623	2744
PRS-CS	2623	2745
PRS-CS	2624	2745
PRS-CS	2624	2747
PRS-CS	2629	2747
PRS-CS	2629	2748
PRS-CS	2638	2748
PRS-CS	2638	2749
PRS-CS	2641	2749
PRS-CS	2641	2750
PRS-CS	2643	2750
PRS-CS	2643	2751
PRS-CS	2650	2751
PRS-CS	2650	2752
PRS-CS	2651	2752
PRS-CS	2651	2753
PRS-CS	2653	2753
PRS-CS	2653	2754
PRS-CS	2654	2754
PRS-CS	2654	2756
PRS-CS	2656	2756
PRS-CS	2656	2758
PRS-CS	2658	2758
PRS-CS	2658	2760
PRS-CS	2660	2760
PRS-CS	2660	2761
PRS-CS	2666	2761
PRS-CS	2666	2762
PRS-CS	2667	2762
PRS-CS	2667	2763
PRS-CS	2672	2763
PRS-CS	2672	2767
PRS-CS	2673	2767
PRS-CS	2673	2768
PRS-CS	2685	2768
PRS-CS	2685	2770
PRS-CS	2686	2770
PRS-CS	2686	2771
PRS-CS	2691	2771
PRS-CS	2691	2773
PRS-CS	2692	2773
PRS-CS	2692	2774
PRS-CS	2695	2774
PRS-CS	2695	2775
PRS-CS	2699	2775
PRS-CS	2699	2776
PRS-CS	2701	2776
PRS-CS	2701	2782
PRS-CS	2706	2782
PRS-CS	2706	2783
PRS-CS	2709	2783
PRS-CS	2709	2784
PRS-CS	2711	2784
PRS-CS	2711	2785
PRS-CS	2713	2785
PRS-CS	2713	2786
PRS-CS	2714	2786
PRS-CS	2714	2788
PRS-CS	2716	2788
PRS-CS	2716	2790
PRS-CS	2725	2790
PRS-CS	2725	2791
PRS-CS	2728	2791
PRS-CS	2728	2792
PRS-CS	2735	2792
PRS-CS	2735	2793
PRS-CS	2742	2793
PRS-CS	2742	2795
PRS-CS	2744	2795
PRS-CS	2744	2797
PRS-CS	2747	2797
PRS-CS	2747	2798
PRS-CS	2750	2798
PRS-CS	2750	2799
PRS-CS	2751	2799
PRS-CS	2751	2800
PRS-CS	2753	2800
PRS-CS	2753	2801
PRS-CS	2754	2801
PRS-CS	2754	2803
PRS-CS	2757	2803
PRS-CS	2757	2805
PRS-CS	2761	2805
PRS-CS	2761	2807
PRS-CS	2767	2807
PRS-CS	2767	2808
PRS-CS	2768	2808
PRS-CS	2768	2809
PRS-CS	2773	2809
PRS-CS	2773	2811
PRS-CS	2777	2811
PRS-CS	2777	2812
PRS-CS	2778	2812
PRS-CS	2778	2813
PRS-CS	2780	2813
PRS-CS	2780	2815
PRS-CS	2781	2815
PRS-CS	2781	2818
PRS-CS	2782	2818
PRS-CS	2782	2821
PRS-CS	2783	2821
PRS-CS	2783	2823
PRS-CS	2784	2823
PRS-CS	2784	2825
PRS-CS	2786	2825
PRS-CS	2786	2826
PRS-CS	2792	2826
PRS-CS	2792	2827
PRS-CS	2795	2827
PRS-CS	2795	2828
PRS-CS	2797	2828
PRS-CS	2797	2829
PRS-CS	2802	2829
PRS-CS	2802	2832
PRS-CS	2804	2832
PRS-CS	2804	2833
PRS-CS	2805	2833
PRS-CS	2805	2835
PRS-CS	2807	2835
PRS-CS	2807	2836
PRS-CS	2809	2836
PRS-CS	2809	2837
PRS-CS	2810	2837
PRS-CS	2810	2838
PRS-CS	2812	2838
PRS-CS	2812	2839
PRS-CS	2820	2839
PRS-CS	2820	2840
PRS-CS	2823	2840
PRS-CS	2823	2841
PRS-CS	2824	2841
PRS-CS	2824	2843
PRS-CS	2826	2843
PRS-CS	2826	2845
PRS-CS	2827	2845
PRS-CS	2827	2846
PRS-CS	2828	2846
PRS-CS	2828	2848
PRS-CS	2829	2848
PRS-CS	2829	2849
PRS-CS	2831	2849
PRS-CS	2831	2852
PRS-CS	2832	2852
PRS-CS	2832	2853
PRS-CS	2833	2853
PRS-CS	2833	2856
PRS-CS	2836	2856
PRS-CS	2836	2857
PRS-CS	2842	2857
PRS-CS	2842	2858
PRS-CS	2845	2858
PRS-CS	2845	2860
PRS-CS	2846	2860
PRS-CS	2846	2862
PRS-CS	2847	2862
PRS-CS	2847	2864
PRS-CS	2848	2864
PRS-CS	2848	2865
PRS-CS	2849	2865
PRS-CS	2849	2867
PRS-CS	2853	2867
PRS-CS	2853	2868
PRS-CS	2855	2868
PRS-CS	2855	2870
PRS-CS	2858	2870
PRS-CS	2858	2872
PRS-CS	2859	2872
PRS-CS	2859	2873
PRS-CS	2860	2873
PRS-CS	2860	2874
PRS-CS	2864	2874
PRS-CS	2864	2876
PRS-CS	2867	2876
PRS-CS	2867	2879
PRS-CS	2870	2879
PRS-CS	2870	2880
PRS-CS	2873	2880
PRS-CS	2873	2883
PRS-CS	2874	2883
PRS-CS	2874	2884
PRS-CS	2876	2884
PRS-CS	2876	2886
PRS-CS	2881	2886
PRS-CS	2881	2888
PRS-CS	2886	2888
PRS-CS	2886	2889
PRS-CS	2887	2889
PRS-CS	2887	2891
PRS-CS	2888	2891
PRS-CS	2888	2894
PRS-CS	2889	2894
PRS-CS	2889	2895
PRS-CS	2891	2895
PRS-CS	2891	2896
PRS-CS	2892	2896
PRS-CS	2892	2898
PRS-CS	2896	2898
PRS-CS	2896	2901
PRS-CS	2897	2901
PRS-CS	2897	2903
PRS-CS	2898	2903
PRS-CS	2898	2905
PRS-CS	2900	2905
PRS-CS	2900	2906
PRS-CS	2901	2906
PRS-CS	2901	2907
PRS-CS	2903	2907
PRS-CS	2903	2908
PRS-CS	2911	2908
PRS-CS	2911	2909
PRS-CS	2912	2909
PRS-CS	2912	2911
PRS-CS	2918	2911
PRS-CS	2918	2913
PRS-CS	2919	2913
PRS-CS	2919	2914
PRS-CS	2925	2914
PRS-CS	2925	2915
PRS-CS	2926	2915
PRS-CS	2926	2916
PRS-CS	2928	2916
PRS-CS	2928	2918
PRS-CS	2932	2918
PRS-CS	2932	2920
PRS-CS	2936	2920
PRS-CS	2936	2922
PRS-CS	2937	2922
PRS-CS	2937	2924
PRS-CS	2943	2924
PRS-CS	2943	2925
PRS-CS	2945	2925
PRS-CS	2945	2926
PRS-CS	2948	2926
PRS-CS	2948	2927
PRS-CS	2951	2927
PRS-CS	2951	2929
PRS-CS	2955	2929
PRS-CS	2955	2932
PRS-CS	2957	2932
PRS-CS	2957	2933
PRS-CS	2958	2933
PRS-CS	2958	2934
PRS-CS	2961	2934
PRS-CS	2961	2936
PRS-CS	2964	2936
PRS-CS	2964	2937
PRS-CS	2965	2937
PRS-CS	2965	2938
PRS-CS	2967	2938
PRS-CS	2967	2939
PRS-CS	2969	2939
PRS-CS	2969	2941
PRS-CS	2978	2941
PRS-CS	2978	2942
PRS-CS	2980	2942
PRS-CS	2980	2945
PRS-CS	2985	2945
PRS-CS	2985	2947
PRS-CS	2987	2947
PRS-CS	2987	2948
PRS-CS	2990	2948
PRS-CS	2990	2949
PRS-CS	2992	2949
PRS-CS	2992	2950
PRS-CS	2993	2950
PRS-CS	2993	2951
PRS-CS	2996	2951
PRS-CS	2996	2952
PRS-CS	2999	2952
PRS-CS	2999	2953
PRS-CS	3000	2953
PRS-CS	3000	2957
PRS-CS	3001	2957
PRS-CS	3001	2958
PRS-CS	3008	2958
PRS-CS	3008	2960
PRS-CS	3009	2960
PRS-CS	3009	2961
PRS-CS	3011	2961
PRS-CS	3011	2963
PRS-CS	3012	2963
PRS-CS	3012	2965
PRS-CS	3014	2965
PRS-CS	3014	2966
PRS-CS	3017	2966
PRS-CS	3017	2971
PRS-CS	3018	2971
PRS-CS	3018	2975
PRS-CS	3020	2975
PRS-CS	3020	2976
PRS-CS	3021	2976
PRS-CS	3021	2977
PRS-CS	3023	2977
PRS-CS	3023	2978
PRS-CS	3025	2978
PRS-CS	3025	2979
PRS-CS	3028	2979
PRS-CS	3028	2980
PRS-CS	3029	2980
PRS-CS	3029	2981
PRS-CS	3030	2981
PRS-CS	3030	2983
PRS-CS	3032	2983
PRS-CS	3032	2984
PRS-CS	3034	2984
PRS-CS	3034	2986
PRS-CS	3035	2986
PRS-CS	3035	2988
PRS-CS	3036	2988
PRS-CS	3036	2990
PRS-CS	3037	2990
PRS-CS	3037	2991
PRS-CS	3041	2991
PRS-CS	3041	2992
PRS-CS	3042	2992
PRS-CS	3042	2994
PRS-CS	3047	2994
PRS-CS	3047	2995
PRS-CS	3048	2995
PRS-CS	3048	2996
PRS-CS	3051	2996
PRS-CS	3051	2998
PRS-CS	3052	2998
PRS-CS	3052	2999
PRS-CS	3054	2999
PRS-CS	3054	3000
PRS-CS	3056	3000
PRS-CS	3056	3001
PRS-CS	3057	3001
PRS-CS	3057	3002
PRS-CS	3058	3002
PRS-CS	3058	3003
PRS-CS	3059	3003
PRS-CS	3059	3004
PRS-CS	3061	3004
PRS-CS	3061	3009
PRS-CS	3062	3009
PRS-CS	3062	3011
PRS-CS	3066	3011
PRS-CS	3066	3012
PRS-CS	3071	3012
PRS-CS	3071	3013
PRS-CS	3073	3013
PRS-CS	3073	3014
PRS-CS	3074	3014
PRS-CS	3074	3015
PRS-CS	3076	3015
PRS-CS	3076	3016
PRS-CS	3079	3016
PRS-CS	3079	3019
PRS-CS	3080	3019
PRS-CS	3080	3021
PRS-CS	3083	3021
PRS-CS	3083	3022
PRS-CS	3086	3022
PRS-CS	3086	3023
PRS-CS	3094	3023
PRS-CS	3094	3024
PRS-CS	3095	3024
PRS-CS	3095	3025
PRS-CS	3096	3025
PRS-CS	3096	3027
PRS-CS	3100	3027
PRS-CS	3100	3028
PRS-CS	3107	3028
PRS-CS	3107	3029
PRS-CS	3108	3029
PRS-CS	3108	3031
PRS-CS	3110	3031
PRS-CS	3110	3032
PRS-CS	3116	3032
PRS-CS	3116	3033
PRS-CS	3117	3033
PRS-CS	3117	3034
PRS-CS	3118	3034
PRS-CS	3118	3040
PRS-CS	3120	3040
PRS-CS	3120	3043
PRS-CS	3122	3043
PRS-CS	3122	3045
PRS-CS	3125	3045
PRS-CS	3125	3046
PRS-CS	3127	3046
PRS-CS	3127	3047
PRS-CS	3134	3047
PRS-CS	3134	3048
PRS-CS	3135	3048
PRS-CS	3135	3049
PRS-CS	3139	3049
PRS-CS	3139	3050
PRS-CS	3140	3050
PRS-CS	3140	3054
PRS-CS	3143	3054
PRS-CS	3143	3055
PRS-CS	3144	3055
PRS-CS	3144	3057
PRS-CS	3147	3057
PRS-CS	3147	3058
PRS-CS	3149	3058
PRS-CS	3149	3059
PRS-CS	3151	3059
PRS-CS	3151	3060
PRS-CS	3160	3060
PRS-CS	3160	3061
PRS-CS	3161	3061
PRS-CS	3161	3063
PRS-CS	3164	3063
PRS-CS	3164	3067
PRS-CS	3165	3067
PRS-CS	3165	3069
PRS-CS	3169	3069
PRS-CS	3169	3074
PRS-CS	3171	3074
PRS-CS	3171	3075
PRS-CS	3172	3075
PRS-CS	3172	3076
PRS-CS	3173	3076
PRS-CS	3173	3077
PRS-CS	3174	3077
PRS-CS	3174	3078
PRS-CS	3175	3078
PRS-CS	3175	3079
PRS-CS	3180	3079
PRS-CS	3180	3080
PRS-CS	3183	3080
PRS-CS	3183	3083
PRS-CS	3188	3083
PRS-CS	3188	3084
PRS-CS	3189	3084
PRS-CS	3189	3086
PRS-CS	3190	3086
PRS-CS	3190	3088
PRS-CS	3197	3088
PRS-CS	3197	3089
PRS-CS	3203	3089
PRS-CS	3203	3092
PRS-CS	3204	3092
PRS-CS	3204	3095
PRS-CS	3205	3095
PRS-CS	3205	3096
PRS-CS	3211	3096
PRS-CS	3211	3097
PRS-CS	3212	3097
PRS-CS	3212	3098
PRS-CS	3214	3098
PRS-CS	3214	3103
PRS-CS	3217	3103
PRS-CS	3217	3104
PRS-CS	3220	3104
PRS-CS	3220	3105
PRS-CS	3224	3105
PRS-CS	3224	3108
PRS-CS	3228	3108
PRS-CS	3228	3110
PRS-CS	3235	3110
PRS-CS	3235	3111
PRS-CS	3236	3111
PRS-CS	3236	3113
PRS-CS	3237	3113
PRS-CS	3237	3114
PRS-CS	3242	3114
PRS-CS	3242	3117
PRS-CS	3247	3117
PRS-CS	3247	3119
PRS-CS	3253	3119
PRS-CS	3253	3123
PRS-CS	3258	3123
PRS-CS	3258	3124
PRS-CS	3259	3124
PRS-CS	3259	3125
PRS-CS	3261	3125
PRS-CS	3261	3128
PRS-CS	3263	3128
PRS-CS	3263	3129
PRS-CS	3264	3129
PRS-CS	3264	3133
PRS-CS	3265	3133
PRS-CS	3265	3135
PRS-CS	3268	3135
PRS-CS	3268	3136
PRS-CS	3271	3136
PRS-CS	3271	3137
PRS-CS	3277	3137
PRS-CS	3277	3138
PRS-CS	3279	3138
PRS-CS	3279	3139
PRS-CS	3282	3139
PRS-CS	3282	3142
PRS-CS	3283	3142
PRS-CS	3283	3146
PRS-CS	3284	3146
PRS-CS	3284	3148
PRS-CS	3285	3148
PRS-CS	3285	3152
PRS-CS	3291	3152
PRS-CS	3291	3153
PRS-CS	3300	3153
PRS-CS	3300	3155
PRS-CS	3301	3155
PRS-CS	3301	3157
PRS-CS	3303	3157
PRS-CS	3303	3158
PRS-CS	3308	3158
PRS-CS	3308	3159
PRS-CS	3311	3159
PRS-CS	3311	3160
PRS-CS	3314	3160
PRS-CS	3314	3163
PRS-CS	3316	3163
PRS-CS	3316	3164
PRS-CS	3317	3164
PRS-CS	3317	3166
PRS-CS	3319	3166
PRS-CS	3319	3167
PRS-CS	3324	3167
PRS-CS	3324	3168
PRS-CS	3337	3168
PRS-CS	3337	3169
PRS-CS	3342	3169
PRS-CS	3342	3170
PRS-CS	3343	3170
PRS-CS	3343	3171
PRS-CS	3346	3171
PRS-CS	3346	3172
PRS-CS	3347	3172
PRS-CS	3347	3173
PRS-CS	3348	3173
PRS-CS	3348	3174
PRS-CS	3354	3174
PRS-CS	3354	3175
PRS-CS	3356	3175
PRS-CS	3356	3178
PRS-CS	3357	3178
PRS-CS	3357	3179
PRS-CS	3361	3179
PRS-CS	3361	3180
PRS-CS	3364	3180
PRS-CS	3364	3181
PRS-CS	3366	3181
PRS-CS	3366	3182
PRS-CS	3367	3182
PRS-CS	3367	3186
PRS-CS	3368	3186
PRS-CS	3368	3187
PRS-CS	3371	3187
PRS-CS	3371	3188
PRS-CS	3373	3188
PRS-CS	3373	3189
PRS-CS	3377	3189
PRS-CS	3377	3191
PRS-CS	3378	3191
PRS-CS	3378	3192
PRS-CS	3382	3192
PRS-CS	3382	3193
PRS-CS	3384	3193
PRS-CS	3384	3194
PRS-CS	3388	3194
PRS-CS	3388	3195
PRS-CS	3390	3195
PRS-CS	3390	3199
PRS-CS	3393	3199
PRS-CS	3393	3200
PRS-CS	3396	3200
PRS-CS	3396	3202
PRS-CS	3400	3202
PRS-CS	3400	3203
PRS-CS	3404	3203
PRS-CS	3404	3204
PRS-CS	3405	3204
PRS-CS	3405	3206
PRS-CS	3407	3206
PRS-CS	3407	3207
PRS-CS	3413	3207
PRS-CS	3413	3208
PRS-CS	3415	3208
PRS-CS	3415	3209
PRS-CS	3422	3209
PRS-CS	3422	3212
PRS-CS	3423	3212
PRS-CS	3423	3215
PRS-CS	3425	3215
PRS-CS	3425	3217
PRS-CS	3429	3217
PRS-CS	3429	3218
PRS-CS	3430	3218
PRS-CS	3430	3221
PRS-CS	3432	3221
PRS-CS	3432	3223
PRS-CS	3436	3223
PRS-CS	3436	3224
PRS-CS	3443	3224
PRS-CS	3443	3226
PRS-CS	3444	3226
PRS-CS	3444	3227
PRS-CS	3445	3227
PRS-CS	3445	3229
PRS-CS	3448	3229
PRS-CS	3448	3230
PRS-CS	3449	3230
PRS-CS	3449	3233
PRS-CS	3452	3233
PRS-CS	3452	3234
PRS-CS	3454	3234
PRS-CS	3454	3235
PRS-CS	3455	3235
PRS-CS	3455	3236
PRS-CS	3456	3236
PRS-CS	3456	3237
PRS-CS	3461	3237
PRS-CS	3461	3238
PRS-CS	3465	3238
PRS-CS	3465	3240
PRS-CS	3470	3240
PRS-CS	3470	3242
PRS-CS	3478	3242
PRS-CS	3478	3243
PRS-CS	3482	3243
PRS-CS	3482	3244
PRS-CS	3487	3244
PRS-CS	3487	3246
PRS-CS	3490	3246
PRS-CS	3490	3248
PRS-CS	3493	3248
PRS-CS	3493	3249
PRS-CS	3494	3249
PRS-CS	3494	3250
PRS-CS	3495	3250
PRS-CS	3495	3251
PRS-CS	3499	3251
PRS-CS	3499	3252
PRS-CS	3500	3252
PRS-CS	3500	3253
PRS-CS	3501	3253
PRS-CS	3501	3255
PRS-CS	3504	3255
PRS-CS	3504	3258
PRS-CS	3505	3258
PRS-CS	3505	3259
PRS-CS	3509	3259
PRS-CS	3509	3261
PRS-CS	3514	3261
PRS-CS	3514	3262
PRS-CS	3517	3262
PRS-CS	3517	3266
PRS-CS	3520	3266
PRS-CS	3520	3268
PRS-CS	3521	3268
PRS-CS	3521	3269
PRS-CS	3522	3269
PRS-CS	3522	3270
PRS-CS	3523	3270
PRS-CS	3523	3271
PRS-CS	3525	3271
PRS-CS	3525	3272
PRS-CS	3528	3272
PRS-CS	3528	3273
PRS-CS	3529	3273
PRS-CS	3529	3274
PRS-CS	3530	3274
PRS-CS	3530	3275
PRS-CS	3533	3275
PRS-CS	3533	3277
PRS-CS	3534	3277
PRS-CS	3534	3279
PRS-CS	3535	3279
PRS-CS	3535	3280
PRS-CS	3537	3280
PRS-CS	3537	3281
PRS-CS	3542	3281
PRS-CS	3542	3282
PRS-CS	3544	3282
PRS-CS	3544	3283
PRS-CS	3546	3283
PRS-CS	3546	3285
PRS-CS	3547	3285
PRS-CS	3547	3286
PRS-CS	3548	3286
PRS-CS	3548	3287
PRS-CS	3554	3287
PRS-CS	3554	3291
PRS-CS	3556	3291
PRS-CS	3556	3294
PRS-CS	3561	3294
PRS-CS	3561	3295
PRS-CS	3562	3295
PRS-CS	3562	3296
PRS-CS	3563	3296
PRS-CS	3563	3297
PRS-CS	3566	3297
PRS-CS	3566	3299
PRS-CS	3567	3299
PRS-CS	3567	3300
PRS-CS	3572	3300
PRS-CS	3572	3302
PRS-CS	3575	3302
PRS-CS	3575	3303
PRS-CS	3576	3303
PRS-CS	3576	3305
PRS-CS	3578	3305
PRS-CS	3578	3306
PRS-CS	3580	3306
PRS-CS	3580	3307
PRS-CS	3583	3307
PRS-CS	3583	3308
PRS-CS	3586	3308
PRS-CS	3586	3310
PRS-CS	3587	3310
PRS-CS	3587	3313
PRS-CS	3589	3313
PRS-CS	3589	3314
PRS-CS	3591	3314
PRS-CS	3591	3316
PRS-CS	3592	3316
PRS-CS	3592	3318
PRS-CS	3593	3318
PRS-CS	3593	3320
PRS-CS	3594	3320
PRS-CS	3594	3322
PRS-CS	3596	3322
PRS-CS	3596	3324
PRS-CS	3599	3324
PRS-CS	3599	3325
PRS-CS	3601	3325
PRS-CS	3601	3326
PRS-CS	3604	3326
PRS-CS	3604	3328
PRS-CS	3606	3328
PRS-CS	3606	3331
PRS-CS	3607	3331
PRS-CS	3607	3333
PRS-CS	3613	3333
PRS-CS	3613	3337
PRS-CS	3614	3337
PRS-CS	3614	3340
PRS-CS	3615	3340
PRS-CS	3615	3341
PRS-CS	3616	3341
PRS-CS	3616	3344
PRS-CS	3618	3344
PRS-CS	3618	3346
PRS-CS	3621	3346
PRS-CS	3621	3348
PRS-CS	3622	3348
PRS-CS	3622	3349
PRS-CS	3623	3349
PRS-CS	3623	3350
PRS-CS	3630	3350
PRS-CS	3630	3351
PRS-CS	3633	3351
PRS-CS	3633	3353
PRS-CS	3644	3353
PRS-CS	3644	3354
PRS-CS	3647	3354
PRS-CS	3647	3357
PRS-CS	3649	3357
PRS-CS	3649	3358
PRS-CS	3656	3358
PRS-CS	3656	3359
PRS-CS	3657	3359
PRS-CS	3657	3360
PRS-CS	3658	3360
PRS-CS	3658	3362
PRS-CS	3661	3362
PRS-CS	3661	3363
PRS-CS	3668	3363
PRS-CS	3668	3367
PRS-CS	3671	3367
PRS-CS	3671	3369
PRS-CS	3672	3369
PRS-CS	3672	3370
PRS-CS	3680	3370
PRS-CS	3680	3373
PRS-CS	3682	3373
PRS-CS	3682	3375
PRS-CS	3683	3375
PRS-CS	3683	3376
PRS-CS	3684	3376
PRS-CS	3684	3377
PRS-CS	3686	3377
PRS-CS	3686	3378
PRS-CS	3691	3378
PRS-CS	3691	3379
PRS-CS	3693	3379
PRS-CS	3693	3380
PRS-CS	3698	3380
PRS-CS	3698	3382
PRS-CS	3708	3382
PRS-CS	3708	3383
PRS-CS	3710	3383
PRS-CS	3710	3384
PRS-CS	3715	3384
PRS-CS	3715	3385
PRS-CS	3717	3385
PRS-CS	3717	3388
PRS-CS	3722	3388
PRS-CS	3722	3389
PRS-CS	3728	3389
PRS-CS	3728	3391
PRS-CS	3729	3391
PRS-CS	3729	3392
PRS-CS	3731	3392
PRS-CS	3731	3393
PRS-CS	3732	3393
PRS-CS	3732	3394
PRS-CS	3733	3394
PRS-CS	3733	3395
PRS-CS	3737	3395
PRS-CS	3737	3396
PRS-CS	3741	3396
PRS-CS	3741	3397
PRS-CS	3743	3397
PRS-CS	3743	3399
PRS-CS	3744	3399
PRS-CS	3744	3400
PRS-CS	3745	3400
PRS-CS	3745	3401
PRS-CS	3749	3401
PRS-CS	3749	3402
PRS-CS	3753	3402
PRS-CS	3753	3403
PRS-CS	3757	3403
PRS-CS	3757	3405
PRS-CS	3765	3405
PRS-CS	3765	3408
PRS-CS	3767	3408
PRS-CS	3767	3409
PRS-CS	3769	3409
PRS-CS	3769	3410
PRS-CS	3770	3410
PRS-CS	3770	3412
PRS-CS	3774	3412
PRS-CS	3774	3413
PRS-CS	3775	3413
PRS-CS	3775	3414
PRS-CS	3776	3414
PRS-CS	3776	3415
PRS-CS	3777	3415
PRS-CS	3777	3417
PRS-CS	3778	3417
PRS-CS	3778	3419
PRS-CS	3779	3419
PRS-CS	3779	3422
PRS-CS	3787	3422
PRS-CS	3787	3423
PRS-CS	3788	3423
PRS-CS	3788	3424
PRS-CS	3792	3424
PRS-CS	3792	3426
PRS-CS	3793	3426
PRS-CS	3793	3427
PRS-CS	3797	3427
PRS-CS	3797	3428
PRS-CS	3798	3428
PRS-CS	3798	3429
PRS-CS	3799	3429
PRS-CS	3799	3430
PRS-CS	3800	3430
PRS-CS	3800	3431
PRS-CS	3801	3431
PRS-CS	3801	3432
PRS-CS	3803	3432
PRS-CS	3803	3434
PRS-CS	3805	3434
PRS-CS	3805	3435
PRS-CS	3806	3435
PRS-CS	3806	3437
PRS-CS	3807	3437
PRS-CS	3807	3438
PRS-CS	3809	3438
PRS-CS	3809	3439
PRS-CS	3810	3439
PRS-CS	3810	3440
PRS-CS	3813	3440
PRS-CS	3813	3441
PRS-CS	3823	3441
PRS-CS	3823	3442
PRS-CS	3826	3442
PRS-CS	3826	3443
PRS-CS	3828	3443
PRS-CS	3828	3444
PRS-CS	3833	3444
PRS-CS	3833	3445
PRS-CS	3835	3445
PRS-CS	3835	3446
PRS-CS	3837	3446
PRS-CS	3837	3447
PRS-CS	3840	3447
PRS-CS	3840	3448
PRS-CS	3841	3448
PRS-CS	3841	3451
PRS-CS	3842	3451
PRS-CS	3842	3453
PRS-CS	3843	3453
PRS-CS	3843	3454
PRS-CS	3845	3454
PRS-CS	3845	3455
PRS-CS	3846	3455
PRS-CS	3846	3456
PRS-CS	3847	3456
PRS-CS	3847	3457
PRS-CS	3852	3457
PRS-CS	3852	3458
PRS-CS	3853	3458
PRS-CS	3853	3459
PRS-CS	3854	3459
PRS-CS	3854	3460
PRS-CS	3860	3460
PRS-CS	3860	3461
PRS-CS	3870	3461
PRS-CS	3870	3462
PRS-CS	3874	3462
PRS-CS	3874	3463
PRS-CS	3875	3463
PRS-CS	3875	3464
PRS-CS	3876	3464
PRS-CS	3876	3465
PRS-CS	3878	3465
PRS-CS	3878	3467
PRS-CS	3879	3467
PRS-CS	3879	3468
PRS-CS	3880	3468
PRS-CS	3880	3469
PRS-CS	3885	3469
PRS-CS	3885	3472
PRS-CS	3888	3472
PRS-CS	3888	3473
PRS-CS	3890	3473
PRS-CS	3890	3474
PRS-CS	3891	3474
PRS-CS	3891	3475
PRS-CS	3893	3475
PRS-CS	3893	3478
PRS-CS	3894	3478
PRS-CS	3894	3479
PRS-CS	3906	3479
PRS-CS	3906	3480
PRS-CS	3910	3480
PRS-CS	3910	3481
PRS-CS	3913	3481
PRS-CS	3913	3482
PRS-CS	3914	3482
PRS-CS	3914	3486
PRS-CS	3915	3486
PRS-CS	3915	3487
PRS-CS	3917	3487
PRS-CS	3917	3489
PRS-CS	3918	3489
PRS-CS	3918	3492
PRS-CS	3925	3492
PRS-CS	3925	3494
PRS-CS	3932	3494
PRS-CS	3932	3496
PRS-CS	3933	3496
PRS-CS	3933	3497
PRS-CS	3936	3497
PRS-CS	3936	3499
PRS-CS	3939	3499
PRS-CS	3939	3501
PRS-CS	3941	3501
PRS-CS	3941	3504
PRS-CS	3952	3504
PRS-CS	3952	3505
PRS-CS	3956	3505
PRS-CS	3956	3506
PRS-CS	3961	3506
PRS-CS	3961	3508
PRS-CS	3966	3508
PRS-CS	3966	3509
PRS-CS	3967	3509
PRS-CS	3967	3510
PRS-CS	3970	3510
PRS-CS	3970	3514
PRS-CS	3972	3514
PRS-CS	3972	3515
PRS-CS	3974	3515
PRS-CS	3974	3516
PRS-CS	3975	3516
PRS-CS	3975	3518
PRS-CS	3976	3518
PRS-CS	3976	3521
PRS-CS	3977	3521
PRS-CS	3977	3522
PRS-CS	3978	3522
PRS-CS	3978	3525
PRS-CS	3979	3525
PRS-CS	3979	3526
PRS-CS	3980	3526
PRS-CS	3980	3527
PRS-CS	3983	3527
PRS-CS	3983	3528
PRS-CS	3985	3528
PRS-CS	3985	3529
PRS-CS	3994	3529
PRS-CS	3994	3530
PRS-CS	3996	3530
PRS-CS	3996	3531
PRS-CS	3997	3531
PRS-CS	3997	3533
PRS-CS	3998	3533
PRS-CS	3998	3534
PRS-CS	3999	3534
PRS-CS	3999	3535
PRS-CS	4000	3535
PRS-CS	4000	3536
PRS-CS	4004	3536
PRS-CS	4004	3537
PRS-CS	4007	3537
PRS-CS	4007	3539
PRS-CS	4013	3539
PRS-CS	4013	3540
PRS-CS	4016	3540
PRS-CS	4016	3542
PRS-CS	4020	3542
PRS-CS	4020	3543
PRS-CS	4023	3543
PRS-CS	4023	3544
PRS-CS	4024	3544
PRS-CS	4024	3545
PRS-CS	4025	3545
PRS-CS	4025	3546
PRS-CS	4027	3546
PRS-CS	4027	3549
PRS-CS	4029	3549
PRS-CS	4029	3550
PRS-CS	4030	3550
PRS-CS	4030	3552
PRS-CS	4035	3552
PRS-CS	4035	3554
PRS-CS	4037	3554
PRS-CS	4037	3555
PRS-CS	4040	3555
PRS-CS	4040	3559
PRS-CS	4048	3559
PRS-CS	4048	3561
PRS-CS	4052	3561
PRS-CS	4052	3562
PRS-CS	4054	3562
PRS-CS	4054	3563
PRS-CS	4055	3563
PRS-CS	4055	3564
PRS-CS	4056	3564
PRS-CS	4056	3565
PRS-CS	4060	3565
PRS-CS	4060	3566
PRS-CS	4067	3566
PRS-CS	4067	3567
PRS-CS	4069	3567
PRS-CS	4069	3568
PRS-CS	4070	3568
PRS-CS	4070	3569
PRS-CS	4077	3569
PRS-CS	4077	3570
PRS-CS	4078	3570
PRS-CS	4078	3572
PRS-CS	4083	3572
PRS-CS	4083	3573
PRS-CS	4085	3573
PRS-CS	4085	3574
PRS-CS	4088	3574
PRS-CS	4088	3576
PRS-CS	4089	3576
PRS-CS	4089	3577
PRS-CS	4090	3577
PRS-CS	4090	3578
PRS-CS	4091	3578
PRS-CS	4091	3579
PRS-CS	4100	3579
PRS-CS	4100	3580
PRS-CS	4104	3580
PRS-CS	4104	3581
PRS-CS	4110	3581
PRS-CS	4110	3582
PRS-CS	4111	3582
PRS-CS	4111	3584
PRS-CS	4115	3584
PRS-CS	4115	3586
PRS-CS	4120	3586
PRS-CS	4120	3587
PRS-CS	4121	3587
PRS-CS	4121	3588
PRS-CS	4123	3588
PRS-CS	4123	3589
PRS-CS	4126	3589
PRS-CS	4126	3590
PRS-CS	4127	3590
PRS-CS	4127	3591
PRS-CS	4133	3591
PRS-CS	4133	3592
PRS-CS	4135	3592
PRS-CS	4135	3597
PRS-CS	4137	3597
LDpred2	0	0
LDpred2	0	1
LDpred2	0	3
LDpred2	1	3
LDpred2	1	5
LDpred2	2	5
LDpred2	2	6
LDpred2	4	6
LDpred2	4	10
LDpred2	5	10
LDpred2	5	13
LDpred2	6	13
LDpred2	6	14
LDpred2	8	14
LDpred2	8	15
LDpred2	9	15
LDpred2	9	18
LDpred2	10	18
LDpred2	10	20
LDpred2	11	20
LDpred2	11	24
LDpred2	12	24
LDpred2	12	25
LDpred2	13	25
LDpred2	13	26
LDpred2	14	26
LDpred2	14	27
LDpred2	15	27
LDpred2	15	36
LDpred2	16	36
LDpred2	16	37
LDpred2	17	37
LDpred2	17	38
LDpred2	18	38
LDpred2	18	45
LDpred2	19	45
LDpred2	19	46
LDpred2	20	46
LDpred2	20	49
LDpred2	21	49
LDpred2	21	50
LDpred2	23	50
LDpred2	23	57
LDpred2	24	57
LDpred2	24	67
LDpred2	25	67
LDpred2	25	75
LDpred2	29	75
LDpred2	29	76
LDpred2	30	76
LDpred2	30	80
LDpred2	31	80
LDpred2	31	83
LDpred2	32	83
LDpred2	32	91
LDpred2	33	91
LDpred2	33	92
LDpred2	34	92
LDpred2	34	93
LDpred2	35	93
LDpred2	35	103
LDpred2	36	103
LDpred2	36	110
LDpred2	37	110
LDpred2	37	115
LDpred2	38	115
LDpred2	38	117
LDpred2	39	117
LDpred2	39	119
LDpred2	41	119
LDpred2	41	125
LDpred2	43	125
LDpred2	43	130
LDpred2	44	130
LDpred2	44	135
LDpred2	46	135
LDpred2	46	138
LDpred2	47	138
LDpred2	47	142
LDpred2	51	142
LDpred2	51	143
LDpred2	52	143
LDpred2	52	145
LDpred2	53	145
LDpred2	53	147
LDpred2	54	147
LDpred2	54	153
LDpred2	55	153
LDpred2	55	154
LDpred2	56	154
LDpred2	56	157
LDpred2	58	157
LDpred2	58	159
LDpred2	59	159
LDpred2	59	160
LDpred2	62	160
LDpred2	62	167
LDpred2	63	167
LDpred2	63	179
LDpred2	64	179
LDpred2	64	184
LDpred2	67	184
LDpred2	67	188
LDpred2	68	188
LDpred2	68	195
LDpred2	69	195
LDpred2	69	196
LDpred2	70	196
LDpred2	70	199
LDpred2	72	199
LDpred2	72	201
LDpred2	73	201
LDpred2	73	202
LDpred2	74	202
LDpred2	74	203
LDpred2	75	203
LDpred2	75	208
LDpred2	76	208
LDpred2	76	209
LDpred2	77	209
LDpred2	77	210
LDpred2	79	210
LDpred2	79	220
LDpred2	81	220
LDpred2	81	224
LDpred2	82	224
LDpred2	82	226
LDpred2	83	226
LDpred2	83	237
LDpred2	85	237
LDpred2	85	239
LDpred2	86	239
LDpred2	86	240
LDpred2	87	240
LDpred2	87	241
LDpred2	88	241
LDpred2	88	248
LDpred2	90	248
LDpred2	90	251
LDpred2	91	251
LDpred2	91	254
LDpred2	93	254
LDpred2	93	255
LDpred2	94	255
LDpred2	94	257
LDpred2	96	257
LDpred2	96	261
LDpred2	97	261
LDpred2	97	263
LDpred2	101	263
LDpred2	101	266
LDpred2	102	266
LDpred2	102	268
LDpred2	104	268
LDpred2	104	271
LDpred2	105	271
LDpred2	105	272
LDpred2	106	272
LDpred2	106	275
LDpred2	108	275
LDpred2	108	276
LDpred2	109	276
LDpred2	109	279
LDpred2	110	279
LDpred2	110	282
LDpred2	115	282
LDpred2	115	283
LDpred2	118	283
LDpred2	118	289
LDpred2	119	289
LDpred2	119	290
LDpred2	120	290
LDpred2	120	294
LDpred2	121	294
LDpred2	121	296
LDpred2	122	296
LDpred2	122	299
LDpred2	123	299
LDpred2	123	305
LDpred2	124	305
LDpred2	124	310
LDpred2	125	310
LDpred2	125	313
LDpred2	126	313
LDpred2	126	317
LDpred2	127	317
LDpred2	127	324
LDpred2	128	324
LDpred2	128	325
LDpred2	129	325
LDpred2	129	328
LDpred2	130	328
LDpred2	130	329
LDpred2	131	329
LDpred2	131	334
LDpred2	132	334
LDpred2	132	338
LDpred2	134	338
LDpred2	134	340
LDpred2	137	340
LDpred2	137	343
LDpred2	138	343
LDpred2	138	349
LDpred2	139	349
LDpred2	139	354
LDpred2	140	354
LDpred2	140	358
LDpred2	141	358
LDpred2	141	359
LDpred2	142	359
LDpred2	142	360
LDpred2	143	360
LDpred2	143	367
LDpred2	144	367
LDpred2	144	369
LDpred2	145	369
LDpred2	145	370
LDpred2	146	370
LDpred2	146	372
LDpred2	148	372
LDpred2	148	373
LDpred2	149	373
LDpred2	149	374
LDpred2	150	374
LDpred2	150	376
LDpred2	151	376
LDpred2	151	378
LDpred2	152	378
LDpred2	152	380
LDpred2	156	380
LDpred2	156	381
LDpred2	159	381
LDpred2	159	382
LDpred2	160	382
LDpred2	160	384
LDpred2	161	384
LDpred2	161	385
LDpred2	162	385
LDpred2	162	386
LDpred2	163	386
LDpred2	163	387
LDpred2	167	387
LDpred2	167	390
LDpred2	169	390
LDpred2	169	394
LDpred2	171	394
LDpred2	171	396
LDpred2	173	396
LDpred2	173	397
LDpred2	174	397
LDpred2	174	405
LDpred2	176	405
LDpred2	176	406
LDpred2	177	406
LDpred2	177	410
LDpred2	179	410
LDpred2	179	413
LDpred2	182	413
LDpred2	182	414
LDpred2	185	414
LDpred2	185	417
LDpred2	186	417
LDpred2	186	419
LDpred2	190	419
LDpred2	190	422
LDpred2	191	422
LDpred2	191	423
LDpred2	192	423
LDpred2	192	425
LDpred2	197	425
LDpred2	197	437
LDpred2	199	437
LDpred2	199	441
LDpred2	200	441
LDpred2	200	443
LDpred2	202	443
LDpred2	202	444
LDpred2	208	444
LDpred2	208	445
LDpred2	209	445
LDpred2	209	446
LDpred2	212	446
LDpred2	212	448
LDpred2	213	448
LDpred2	213	449
LDpred2	214	449
LDpred2	214	450
LDpred2	216	450
LDpred2	216	451
LDpred2	217	451
LDpred2	217	453
LDpred2	219	453
LDpred2	219	454
LDpred2	221	454
LDpred2	221	459
LDpred2	222	459
LDpred2	222	460
LDpred2	223	460
LDpred2	223	462
LDpred2	225	462
LDpred2	225	463
LDpred2	226	463
LDpred2	226	465
LDpred2	229	465
LDpred2	229	469
LDpred2	230	469
LDpred2	230	470
LDpred2	233	470
LDpred2	233	471
LDpred2	236	471
LDpred2	236	472
LDpred2	237	472
LDpred2	237	474
LDpred2	240	474
LDpred2	240	475
LDpred2	241	475
LDpred2	241	478
LDpred2	242	478
LDpred2	242	482
LDpred2	243	482
LDpred2	243	483
LDpred2	245	483
LDpred2	245	488
LDpred2	246	488
LDpred2	246	490
LDpred2	248	490
LDpred2	248	491
LDpred2	249	491
LDpred2	249	494
LDpred2	250	494
LDpred2	250	499
LDpred2	252	499
LDpred2	252	502
LDpred2	253	502
LDpred2	253	503
LDpred2	255	503
LDpred2	255	508
LDpred2	256	508
LDpred2	256	509
LDpred2	257	509
LDpred2	257	513
LDpred2	258	513
LDpred2	258	515
LDpred2	260	515
LDpred2	260	517
LDpred2	261	517
LDpred2	261	521
LDpred2	262	521
LDpred2	262	522
LDpred2	264	522
LDpred2	264	523
LDpred2	265	523
LDpred2	265	527
LDpred2	267	527
LDpred2	267	528
LDpred2	268	528
LDpred2	268	529
LDpred2	273	529
LDpred2	273	531
LDpred2	275	531
LDpred2	275	538
LDpred2	276	538
LDpred2	276	541
LDpred2	277	541
LDpred2	277	542
LDpred2	278	542
LDpred2	278	545
LDpred2	279	545
LDpred2	279	549
LDpred2	281	549
LDpred2	281	550
LDpred2	282	550
LDpred2	282	551
LDpred2	285	551
LDpred2	285	554
LDpred2	288	554
LDpred2	288	556
LDpred2	289	556
LDpred2	289	561
LDpred2	290	561
LDpred2	290	565
LDpred2	292	565
LDpred2	292	568
LDpred2	293	568
LDpred2	293	572
LDpred2	294	572
LDpred2	294	577
LDpred2	296	577
LDpred2	296	579
LDpred2	298	579
LDpred2	298	585
LDpred2	299	585
LDpred2	299	589
LDpred2	300	589
LDpred2	300	592
LDpred2	301	592
LDpred2	301	593
LDpred2	302	593
LDpred2	302	598
LDpred2	303	598
LDpred2	303	600
LDpred2	304	600
LDpred2	304	601
LDpred2	305	601
LDpred2	305	605
LDpred2	307	605
LDpred2	307	607
LDpred2	311	607
LDpred2	311	608
LDpred2	312	608
LDpred2	312	609
LDpred2	313	609
LDpred2	313	613
LDpred2	314	613
LDpred2	314	615
LDpred2	315	615
LDpred2	315	619
LDpred2	316	619
LDpred2	316	620
LDpred2	317	620
LDpred2	317	622
LDpred2	318	622
LDpred2	318	625
LDpred2	319	625
LDpred2	319	626
LDpred2	321	626
LDpred2	321	629
LDpred2	322	629
LDpred2	322	633
LDpred2	323	633
LDpred2	323	634
LDpred2	328	634
LDpred2	328	636
LDpred2	330	636
LDpred2	330	638
LDpred2	331	638
LDpred2	331	642
LDpred2	332	642
LDpred2	332	643
LDpred2	334	643
LDpred2	334	648
LDpred2	336	648
LDpred2	336	649
LDpred2	337	649
LDpred2	337	653
LDpred2	341	653
LDpred2	341	654
LDpred2	342	654
LDpred2	342	659
LDpred2	343	659
LDpred2	343	660
LDpred2	345	660
LDpred2	345	662
LDpred2	346	662
LDpred2	346	663
LDpred2	348	663
LDpred2	348	664
LDpred2	350	664
LDpred2	350	665
LDpred2	351	665
LDpred2	351	667
LDpred2	353	667
LDpred2	353	671
LDpred2	357	671
LDpred2	357	672
LDpred2	358	672
LDpred2	358	673
LDpred2	359	673
LDpred2	359	674
LDpred2	364	674
LDpred2	364	682
LDpred2	367	682
LDpred2	367	683
LDpred2	368	683
LDpred2	368	684
LDpred2	369	684
LDpred2	369	687
LDpred2	370	687
LDpred2	370	688
LDpred2	371	688
LDpred2	371	691
LDpred2	373	691
LDpred2	373	692
LDpred2	376	692
LDpred2	376	693
LDpred2	377	693
LDpred2	377	694
LDpred2	378	694
LDpred2	378	696
LDpred2	379	696
LDpred2	379	697
LDpred2	381	697
LDpred2	381	698
LDpred2	383	698
LDpred2	383	704
LDpred2	384	704
LDpred2	384	705
LDpred2	386	705
LDpred2	386	706
LDpred2	390	706
LDpred2	390	708
LDpred2	393	708
LDpred2	393	712
LDpred2	395	712
LDpred2	395	713
LDpred2	396	713
LDpred2	396	714
LDpred2	397	714
LDpred2	397	718
LDpred2	398	718
LDpred2	398	720
LDpred2	402	720
LDpred2	402	721
LDpred2	405	721
LDpred2	405	724
LDpred2	406	724
LDpred2	406	728
LDpred2	407	728
LDpred2	407	730
LDpred2	408	730
LDpred2	408	732
LDpred2	411	732
LDpred2	411	733
LDpred2	412	733
LDpred2	412	737
LDpred2	413	737
LDpred2	413	742
LDpred2	414	742
LDpred2	414	744
LDpred2	415	744
LDpred2	415	747
LDpred2	417	747
LDpred2	417	749
LDpred2	418	749
LDpred2	418	750
LDpred2	419	750
LDpred2	419	754
LDpred2	420	754
LDpred2	420	757
LDpred2	422	757
LDpred2	422	760
LDpred2	423	760
LDpred2	423	761
LDpred2	425	761
LDpred2	425	762
LDpred2	427	762
LDpred2	427	764
LDpred2	430	764
LDpred2	430	767
LDpred2	432	767
LDpred2	432	769
LDpred2	433	769
LDpred2	433	770
LDpred2	437	770
LDpred2	437	773
LDpred2	438	773
LDpred2	438	775
LDpred2	439	775
LDpred2	439	776
LDpred2	440	776
LDpred2	440	778
LDpred2	441	778
LDpred2	441	780
LDpred2	442	780
LDpred2	442	782
LDpred2	443	782
LDpred2	443	783
LDpred2	445	783
LDpred2	445	785
LDpred2	447	785
LDpred2	447	791
LDpred2	448	791
LDpred2	448	793
LDpred2	449	793
LDpred2	449	794
LDpred2	452	794
LDpred2	452	797
LDpred2	453	797
LDpred2	453	799
LDpred2	454	799
LDpred2	454	800
LDpred2	455	800
LDpred2	455	801
LDpred2	456	801
LDpred2	456	803
LDpred2	458	803
LDpred2	458	804
LDpred2	460	804
LDpred2	460	806
LDpred2	461	806
LDpred2	461	808
LDpred2	464	808
LDpred2	464	812
LDpred2	466	812
LDpred2	466	813
LDpred2	470	813
LDpred2	470	815
LDpred2	472	815
LDpred2	472	816
LDpred2	473	816
LDpred2	473	819
LDpred2	474	819
LDpred2	474	822
LDpred2	478	822
LDpred2	478	824
LDpred2	479	824
LDpred2	479	828
LDpred2	480	828
LDpred2	480	830
LDpred2	481	830
LDpred2	481	833
LDpred2	482	833
LDpred2	482	835
LDpred2	484	835
LDpred2	484	837
LDpred2	485	837
LDpred2	485	840
LDpred2	487	840
LDpred2	487	841
LDpred2	491	841
LDpred2	491	850
LDpred2	494	850
LDpred2	494	855
LDpred2	495	855
LDpred2	495	856
LDpred2	496	856
LDpred2	496	858
LDpred2	498	858
LDpred2	498	861
LDpred2	499	861
LDpred2	499	863
LDpred2	501	863
LDpred2	501	864
LDpred2	505	864
LDpred2	505	865
LDpred2	508	865
LDpred2	508	868
LDpred2	510	868
LDpred2	510	870
LDpred2	511	870
LDpred2	511	874
LDpred2	513	874
LDpred2	513	877
LDpred2	518	877
LDpred2	518	883
LDpred2	519	883
LDpred2	519	884
LDpred2	520	884
LDpred2	520	887
LDpred2	524	887
LDpred2	524	889
LDpred2	525	889
LDpred2	525	891
LDpred2	526	891
LDpred2	526	893
LDpred2	529	893
LDpred2	529	895
LDpred2	530	895
LDpred2	530	898
LDpred2	533	898
LDpred2	533	899
LDpred2	535	899
LDpred2	535	901
LDpred2	538	901
LDpred2	538	902
LDpred2	540	902
LDpred2	540	903
LDpred2	542	903
LDpred2	542	904
LDpred2	543	904
LDpred2	543	906
LDpred2	544	906
LDpred2	544	908
LDpred2	546	908
LDpred2	546	914
LDpred2	547	914
LDpred2	547	915
LDpred2	548	915
LDpred2	548	918
LDpred2	549	918
LDpred2	549	919
LDpred2	550	919
LDpred2	550	921
LDpred2	551	921
LDpred2	551	923
LDpred2	553	923
LDpred2	553	925
LDpred2	554	925
LDpred2	554	927
LDpred2	555	927
LDpred2	555	929
LDpred2	557	929
LDpred2	557	930
LDpred2	558	930
LDpred2	558	932
LDpred2	561	932
LDpred2	561	936
LDpred2	562	936
LDpred2	562	938
LDpred2	566	938
LDpred2	566	939
LDpred2	569	939
LDpred2	569	948
LDpred2	570	948
LDpred2	570	951
LDpred2	571	951
LDpred2	571	953
LDpred2	573	953
LDpred2	573	956
LDpred2	574	956
LDpred2	574	957
LDpred2	576	957
LDpred2	576	959
LDpred2	578	959
LDpred2	578	962
LDpred2	579	962
LDpred2	579	969
LDpred2	581	969
LDpred2	581	970
LDpred2	585	970
LDpred2	585	971
LDpred2	586	971
LDpred2	586	972
LDpred2	588	972
LDpred2	588	975
LDpred2	589	975
LDpred2	589	977
LDpred2	592	977
LDpred2	592	978
LDpred2	595	978
LDpred2	595	979
LDpred2	596	979
LDpred2	596	982
LDpred2	597	982
LDpred2	597	986
LDpred2	599	986
LDpred2	599	990
LDpred2	600	990
LDpred2	600	991
LDpred2	601	991
LDpred2	601	992
LDpred2	602	992
LDpred2	602	996
LDpred2	603	996
LDpred2	603	998
LDpred2	604	998
LDpred2	604	1000
LDpred2	606	1000
LDpred2	606	1002
LDpred2	607	1002
LDpred2	607	1008
LDpred2	609	1008
LDpred2	609	1010
LDpred2	612	1010
LDpred2	612	1011
LDpred2	614	1011
LDpred2	614	1012
LDpred2	615	1012
LDpred2	615	1013
LDpred2	616	1013
LDpred2	616	1016
LDpred2	618	1016
LDpred2	618	1018
LDpred2	619	1018
LDpred2	619	1020
LDpred2	621	1020
LDpred2	621	1023
LDpred2	623	1023
LDpred2	623	1024
LDpred2	628	1024
LDpred2	628	1026
LDpred2	629	1026
LDpred2	629	1027
LDpred2	630	1027
LDpred2	630	1028
LDpred2	631	1028
LDpred2	631	1029
LDpred2	634	1029
LDpred2	634	1030
LDpred2	636	1030
LDpred2	636	1031
LDpred2	637	1031
LDpred2	637	1039
LDpred2	638	1039
LDpred2	638	1041
LDpred2	639	1041
LDpred2	639	1046
LDpred2	640	1046
LDpred2	640	1049
LDpred2	641	1049
LDpred2	641	1050
LDpred2	642	1050
LDpred2	642	1052
LDpred2	643	1052
LDpred2	643	1058
LDpred2	644	1058
LDpred2	644	1061
LDpred2	645	1061
LDpred2	645	1062
LDpred2	646	1062
LDpred2	646	1068
LDpred2	647	1068
LDpred2	647	1069
LDpred2	648	1069
LDpred2	648	1073
LDpred2	653	1073
LDpred2	653	1075
LDpred2	654	1075
LDpred2	654	1079
LDpred2	655	1079
LDpred2	655	1082
LDpred2	656	1082
LDpred2	656	1085
LDpred2	657	1085
LDpred2	657	1088
LDpred2	659	1088
LDpred2	659	1091
LDpred2	660	1091
LDpred2	660	1092
LDpred2	662	1092
LDpred2	662	1093
LDpred2	663	1093
LDpred2	663	1095
LDpred2	667	1095
LDpred2	667	1100
LDpred2	668	1100
LDpred2	668	1102
LDpred2	670	1102
LDpred2	670	1104
LDpred2	671	1104
LDpred2	671	1108
LDpred2	673	1108
LDpred2	673	1110
LDpred2	676	1110
LDpred2	676	1111
LDpred2	683	1111
LDpred2	683	1113
LDpred2	684	1113
LDpred2	684	1115
LDpred2	685	1115
LDpred2	685	1118
LDpred2	686	1118
LDpred2	686	1122
LDpred2	688	1122
LDpred2	688	1124
LDpred2	689	1124
LDpred2	689	1125
LDpred2	690	1125
LDpred2	690	1126
LDpred2	693	1126
LDpred2	693	1127
LDpred2	695	1127
LDpred2	695	1135
LDpred2	696	1135
LDpred2	696	1136
LDpred2	699	1136
LDpred2	699	1138
LDpred2	700	1138
LDpred2	700	1144
LDpred2	702	1144
LDpred2	702	1145
LDpred2	703	1145
LDpred2	703	1146
LDpred2	704	1146
LDpred2	704	1147
LDpred2	706	1147
LDpred2	706	1148
LDpred2	707	1148
LDpred2	707	1150
LDpred2	709	1150
LDpred2	709	1152
LDpred2	710	1152
LDpred2	710	1155
LDpred2	711	1155
LDpred2	711	1156
LDpred2	714	1156
LDpred2	714	1157
LDpred2	716	1157
LDpred2	716	1159
LDpred2	717	1159
LDpred2	717	1161
LDpred2	719	1161
LDpred2	719	1163
LDpred2	720	1163
LDpred2	720	1165
LDpred2	721	1165
LDpred2	721	1169
LDpred2	722	1169
LDpred2	722	1172
LDpred2	723	1172
LDpred2	723	1176
LDpred2	725	1176
LDpred2	725	1180
LDpred2	726	1180
LDpred2	726	1183
LDpred2	727	1183
LDpred2	727	1185
LDpred2	728	1185
LDpred2	728	1186
LDpred2	729	1186
LDpred2	729	1188
LDpred2	731	1188
LDpred2	731	1191
LDpred2	733	1191
LDpred2	733	1194
LDpred2	736	1194
LDpred2	736	1196
LDpred2	737	1196
LDpred2	737	1197
LDpred2	740	1197
LDpred2	740	1199
LDpred2	742	1199
LDpred2	742	1202
LDpred2	743	1202
LDpred2	743	1205
LDpred2	744	1205
LDpred2	744	1209
LDpred2	745	1209
LDpred2	745	1212
LDpred2	746	1212
LDpred2	746	1214
LDpred2	747	1214
LDpred2	747	1216
LDpred2	749	1216
LDpred2	749	1217
LDpred2	755	1217
LDpred2	755	1218
LDpred2	757	1218
LDpred2	757	1220
LDpred2	759	1220
LDpred2	759	1221
LDpred2	760	1221
LDpred2	760	1223
LDpred2	763	1223
LDpred2	763	1227
LDpred2	767	1227
LDpred2	767	1231
LDpred2	770	1231
LDpred2	770	1238
LDpred2	772	1238
LDpred2	772	1243
LDpred2	773	1243
LDpred2	773	1249
LDpred2	774	1249
LDpred2	774	1251
LDpred2	776	1251
LDpred2	776	1258
LDpred2	777	1258
LDpred2	777	1259
LDpred2	778	1259
LDpred2	778	1262
LDpred2	779	1262
LDpred2	779	1263
LDpred2	781	1263
LDpred2	781	1264
LDpred2	782	1264
LDpred2	782	1268
LDpred2	783	1268
LDpred2	783	1281
LDpred2	786	1281
LDpred2	786	1282
LDpred2	787	1282
LDpred2	787	1284
LDpred2	791	1284
LDpred2	791	1285
LDpred2	792	1285
LDpred2	792	1287
LDpred2	793	1287
LDpred2	793	1288
LDpred2	797	1288
LDpred2	797	1293
LDpred2	799	1293
LDpred2	799	1294
LDpred2	802	1294
LDpred2	802	1296
LDpred2	805	1296
LDpred2	805	1298
LDpred2	807	1298
LDpred2	807	1301
LDpred2	808	1301
LDpred2	808	1302
LDpred2	811	1302
LDpred2	811	1303
LDpred2	813	1303
LDpred2	813	1305
LDpred2	814	1305
LDpred2	814	1307
LDpred2	815	1307
LDpred2	815	1309
LDpred2	819	1309
LDpred2	819	1310
LDpred2	820	1310
LDpred2	820	1311
LDpred2	821	1311
LDpred2	821	1312
LDpred2	824	1312
LDpred2	824	1313
LDpred2	830	1313
LDpred2	830	1314
LDpred2	831	1314
LDpred2	831	1315
LDpred2	834	1315
LDpred2	834	1316
LDpred2	835	1316
LDpred2	835	1317
LDpred2	837	1317
LDpred2	837	1319
LDpred2	841	1319
LDpred2	841	1322
LDpred2	842	1322
LDpred2	842	1323
LDpred2	844	1323
LDpred2	844	1325
LDpred2	845	1325
LDpred2	845	1330
LDpred2	847	1330
LDpred2	847	1331
LDpred2	850	1331
LDpred2	850	1332
LDpred2	852	1332
LDpred2	852	1333
LDpred2	853	1333
LDpred2	853	1335
LDpred2	854	1335
LDpred2	854	1336
LDpred2	857	1336
LDpred2	857	1338
LDpred2	858	1338
LDpred2	858	1343
LDpred2	859	1343
LDpred2	859	1344
LDpred2	861	1344
LDpred2	861	1345
LDpred2	862	1345
LDpred2	862	1348
LDpred2	864	1348
LDpred2	864	1351
LDpred2	865	1351
LDpred2	865	1354
LDpred2	866	1354
LDpred2	866	1356
LDpred2	868	1356
LDpred2	868	1359
LDpred2	869	1359
LDpred2	869	1361
LDpred2	870	1361
LDpred2	870	1369
LDpred2	871	1369
LDpred2	871	1370
LDpred2	872	1370
LDpred2	872	1371
LDpred2	876	1371
LDpred2	876	1372
LDpred2	877	1372
LDpred2	877	1374
LDpred2	878	1374
LDpred2	878	1376
LDpred2	879	1376
LDpred2	879	1377
LDpred2	880	1377
LDpred2	880	1378
LDpred2	882	1378
LDpred2	882	1382
LDpred2	883	1382
LDpred2	883	1384
LDpred2	884	1384
LDpred2	884	1385
LDpred2	885	1385
LDpred2	885	1387
LDpred2	886	1387
LDpred2	886	1391
LDpred2	888	1391
LDpred2	888	1392
LDpred2	889	1392
LDpred2	889	1393
LDpred2	890	1393
LDpred2	890	1394
LDpred2	891	1394
LDpred2	891	1398
LDpred2	893	1398
LDpred2	893	1399
LDpred2	894	1399
LDpred2	894	1401
LDpred2	895	1401
LDpred2	895	1403
LDpred2	896	1403
LDpred2	896	1407
LDpred2	898	1407
LDpred2	898	1408
LDpred2	899	1408
LDpred2	899	1409
LDpred2	900	1409
LDpred2	900	1410
LDpred2	902	1410
LDpred2	902	1414
LDpred2	903	1414
LDpred2	903	1416
LDpred2	905	1416
LDpred2	905	1418
LDpred2	906	1418
LDpred2	906	1419
LDpred2	909	1419
LDpred2	909	1420
LDpred2	910	1420
LDpred2	910	1421
LDpred2	915	1421
LDpred2	915	1422
LDpred2	916	1422
LDpred2	916	1426
LDpred2	922	1426
LDpred2	922	1427
LDpred2	924	1427
LDpred2	924	1428
LDpred2	925	1428
LDpred2	925	1432
LDpred2	927	1432
LDpred2	927	1433
LDpred2	929	1433
LDpred2	929	1435
LDpred2	930	1435
LDpred2	930	1436
LDpred2	934	1436
LDpred2	934	1437
LDpred2	936	1437
LDpred2	936	1440
LDpred2	937	1440
LDpred2	937	1442
LDpred2	939	1442
LDpred2	939	1443
LDpred2	940	1443
LDpred2	940	1446
LDpred2	941	1446
LDpred2	941	1447
LDpred2	944	1447
LDpred2	944	1450
LDpred2	945	1450
LDpred2	945	1451
LDpred2	946	1451
LDpred2	946	1452
LDpred2	949	1452
LDpred2	949	1454
LDpred2	951	1454
LDpred2	951	1455
LDpred2	956	1455
LDpred2	956	1456
LDpred2	957	1456
LDpred2	957	1459
LDpred2	959	1459
LDpred2	959	1460
LDpred2	961	1460
LDpred2	961	1461
LDpred2	962	1461
LDpred2	962	1464
LDpred2	963	1464
LDpred2	963	1466
LDpred2	964	1466
LDpred2	964	1468
LDpred2	965	1468
LDpred2	965	1469
LDpred2	968	1469
LDpred2	968	1470
LDpred2	969	1470
LDpred2	969	1475
LDpred2	970	1475
LDpred2	970	1476
LDpred2	973	1476
LDpred2	973	1477
LDpred2	976	1477
LDpred2	976	1478
LDpred2	981	1478
LDpred2	981	1479
LDpred2	982	1479
LDpred2	982	1484
LDpred2	985	1484
LDpred2	985	1485
LDpred2	991	1485
LDpred2	991	1488
LDpred2	992	1488
LDpred2	992	1489
LDpred2	997	1489
LDpred2	997	1490
LDpred2	998	1490
LDpred2	998	1491
LDpred2	999	1491
LDpred2	999	1493
LDpred2	1000	1493
LDpred2	1000	1494
LDpred2	1001	1494
LDpred2	1001	1495
LDpred2	1002	1495
LDpred2	1002	1496
LDpred2	1003	1496
LDpred2	1003	1498
LDpred2	1004	1498
LDpred2	1004	1499
LDpred2	1006	1499
LDpred2	1006	1502
LDpred2	1008	1502
LDpred2	1008	1503
LDpred2	1013	1503
LDpred2	1013	1507
LDpred2	1014	1507
LDpred2	1014	1509
LDpred2	1016	1509
LDpred2	1016	1510
LDpred2	1017	1510
LDpred2	1017	1513
LDpred2	1021	1513
LDpred2	1021	1515
LDpred2	1022	1515
LDpred2	1022	1518
LDpred2	1025	1518
LDpred2	1025	1519
LDpred2	1026	1519
LDpred2	1026	1520
LDpred2	1027	1520
LDpred2	1027	1522
LDpred2	1029	1522
LDpred2	1029	1523
LDpred2	1035	1523
LDpred2	1035	1524
LDpred2	1038	1524
LDpred2	1038	1525
LDpred2	1039	1525
LDpred2	1039	1526
LDpred2	1040	1526
LDpred2	1040	1530
LDpred2	1041	1530
LDpred2	1041	1531
LDpred2	1042	1531
LDpred2	1042	1534
LDpred2	1043	1534
LDpred2	1043	1536
LDpred2	1045	1536
LDpred2	1045	1538
LDpred2	1046	1538
LDpred2	1046	1539
LDpred2	1048	1539
LDpred2	1048	1541
LDpred2	1051	1541
LDpred2	1051	1542
LDpred2	1052	1542
LDpred2	1052	1543
LDpred2	1054	1543
LDpred2	1054	1546
LDpred2	1057	1546
LDpred2	1057	1553
LDpred2	1059	1553
LDpred2	1059	1555
LDpred2	1060	1555
LDpred2	1060	1557
LDpred2	1062	1557
LDpred2	1062	1559
LDpred2	1063	1559
LDpred2	1063	1561
LDpred2	1064	1561
LDpred2	1064	1564
LDpred2	1071	1564
LDpred2	1071	1565
LDpred2	1072	1565
LDpred2	1072	1572
LDpred2	1074	1572
LDpred2	1074	1575
LDpred2	1076	1575
LDpred2	1076	1577
LDpred2	1079	1577
LDpred2	1079	1579
LDpred2	1080	1579
LDpred2	1080	1580
LDpred2	1084	1580
LDpred2	1084	1581
LDpred2	1085	1581
LDpred2	1085	1582
LDpred2	1087	1582
LDpred2	1087	1585
LDpred2	1091	1585
LDpred2	1091	1586
LDpred2	1094	1586
LDpred2	1094	1587
LDpred2	1095	1587
LDpred2	1095	1588
LDpred2	1098	1588
LDpred2	1098	1591
LDpred2	1100	1591
LDpred2	1100	1592
LDpred2	1102	1592
LDpred2	1102	1593
LDpred2	1103	1593
LDpred2	1103	1594
LDpred2	1104	1594
LDpred2	1104	1597
LDpred2	1106	1597
LDpred2	1106	1600
LDpred2	1107	1600
LDpred2	1107	1601
LDpred2	1109	1601
LDpred2	1109	1607
LDpred2	1110	1607
LDpred2	1110	1612
LDpred2	1111	1612
LDpred2	1111	1613
LDpred2	1112	1613
LDpred2	1112	1614
LDpred2	1115	1614
LDpred2	1115	1618
LDpred2	1116	1618
LDpred2	1116	1619
LDpred2	1117	1619
LDpred2	1117	1620
LDpred2	1123	1620
LDpred2	1123	1625
LDpred2	1124	1625
LDpred2	1124	1628
LDpred2	1129	1628
LDpred2	1129	1629
LDpred2	1132	1629
LDpred2	1132	1631
LDpred2	1134	1631
LDpred2	1134	1632
LDpred2	1137	1632
LDpred2	1137	1633
LDpred2	1138	1633
LDpred2	1138	1634
LDpred2	1139	1634
LDpred2	1139	1637
LDpred2	1140	1637
LDpred2	1140	1643
LDpred2	1143	1643
LDpred2	1143	1644
LDpred2	1144	1644
LDpred2	1144	1645
LDpred2	1145	1645
LDpred2	1145	1647
LDpred2	1151	1647
LDpred2	1151	1649
LDpred2	1152	1649
LDpred2	1152	1650
LDpred2	1153	1650
LDpred2	1153	1651
LDpred2	1156	1651
LDpred2	1156	1655
LDpred2	1157	1655
LDpred2	1157	1656
LDpred2	1158	1656
LDpred2	1158	1660
LDpred2	1159	1660
LDpred2	1159	1661
LDpred2	1165	1661
LDpred2	1165	1662
LDpred2	1168	1662
LDpred2	1168	1664
LDpred2	1170	1664
LDpred2	1170	1667
LDpred2	1172	1667
LDpred2	1172	1669
LDpred2	1174	1669
LDpred2	1174	1670
LDpred2	1176	1670
LDpred2	1176	1671
LDpred2	1179	1671
LDpred2	1179	1672
LDpred2	1180	1672
LDpred2	1180	1673
LDpred2	1181	1673
LDpred2	1181	1674
LDpred2	1182	1674
LDpred2	1182	1677
LDpred2	1185	1677
LDpred2	1185	1678
LDpred2	1186	1678
LDpred2	1186	1680
LDpred2	1188	1680
LDpred2	1188	1681
LDpred2	1190	1681
LDpred2	1190	1683
LDpred2	1192	1683
LDpred2	1192	1684
LDpred2	1195	1684
LDpred2	1195	1685
LDpred2	1196	1685
LDpred2	1196	1687
LDpred2	1199	1687
LDpred2	1199	1689
LDpred2	1201	1689
LDpred2	1201	1690
LDpred2	1203	1690
LDpred2	1203	1694
LDpred2	1205	1694
LDpred2	1205	1695
LDpred2	1207	1695
LDpred2	1207	1696
LDpred2	1208	1696
LDpred2	1208	1697
LDpred2	1209	1697
LDpred2	1209	1698
LDpred2	1210	1698
LDpred2	1210	1699
LDpred2	1211	1699
LDpred2	1211	1701
LDpred2	1212	1701
LDpred2	1212	1702
LDpred2	1214	1702
LDpred2	1214	1703
LDpred2	1215	1703
LDpred2	1215	1704
LDpred2	1216	1704
LDpred2	1216	1707
LDpred2	1217	1707
LDpred2	1217	1708
LDpred2	1220	1708
LDpred2	1220	1711
LDpred2	1222	1711
LDpred2	1222	1714
LDpred2	1228	1714
LDpred2	1228	1715
LDpred2	1230	1715
LDpred2	1230	1717
LDpred2	1231	1717
LDpred2	1231	1720
LDpred2	1233	1720
LDpred2	1233	1723
LDpred2	1234	1723
LDpred2	1234	1725
LDpred2	1237	1725
LDpred2	1237	1726
LDpred2	1239	1726
LDpred2	1239	1727
LDpred2	1244	1727
LDpred2	1244	1728
LDpred2	1246	1728
LDpred2	1246	1729
LDpred2	1249	1729
LDpred2	1249	1730
LDpred2	1253	1730
LDpred2	1253	1731
LDpred2	1259	1731
LDpred2	1259	1733
LDpred2	1262	1733
LDpred2	1262	1735
LDpred2	1263	1735
LDpred2	1263	1737
LDpred2	1264	1737
LDpred2	1264	1738
LDpred2	1267	1738
LDpred2	1267	1739
LDpred2	1268	1739
LDpred2	1268	1740
LDpred2	1269	1740
LDpred2	1269	1742
LDpred2	1270	1742
LDpred2	1270	1743
LDpred2	1272	1743
LDpred2	1272	1744
LDpred2	1274	1744
LDpred2	1274	1746
LDpred2	1275	1746
LDpred2	1275	1748
LDpred2	1279	1748
LDpred2	1279	1749
LDpred2	1280	1749
LDpred2	1280	1753
LDpred2	1287	1753
LDpred2	1287	1755
LDpred2	1288	1755
LDpred2	1288	1756
LDpred2	1290	1756
LDpred2	1290	1758
LDpred2	1291	1758
LDpred2	1291	1760
LDpred2	1293	1760
LDpred2	1293	1761
LDpred2	1295	1761
LDpred2	1295	1762
LDpred2	1297	1762
LDpred2	1297	1763
LDpred2	1298	1763
LDpred2	1298	1764
LDpred2	1299	1764
LDpred2	1299	1768
LDpred2	1300	1768
LDpred2	1300	1769
LDpred2	1303	1769
LDpred2	1303	1770
LDpred2	1306	1770
LDpred2	1306	1771
LDpred2	1308	1771
LDpred2	1308	1775
LDpred2	1309	1775
LDpred2	1309	1777
LDpred2	1310	1777
LDpred2	1310	1778
LDpred2	1311	1778
LDpred2	1311	1779
LDpred2	1312	1779
LDpred2	1312	1780
LDpred2	1313	1780
LDpred2	1313	1781
LDpred2	1320	1781
LDpred2	1320	1783
LDpred2	1322	1783
LDpred2	1322	1784
LDpred2	1324	1784
LDpred2	1324	1785
LDpred2	1327	1785
LDpred2	1327	1788
LDpred2	1328	1788
LDpred2	1328	1789
LDpred2	1331	1789
LDpred2	1331	1790
LDpred2	1333	1790
LDpred2	1333	1794
LDpred2	1334	1794
LDpred2	1334	1795
LDpred2	1335	1795
LDpred2	1335	1800
LDpred2	1337	1800
LDpred2	1337	1801
LDpred2	1338	1801
LDpred2	1338	1802
LDpred2	1345	1802
LDpred2	1345	1805
LDpred2	1346	1805
LDpred2	1346	1807
LDpred2	1349	1807
LDpred2	1349	1808
LDpred2	1350	1808
LDpred2	1350	1812
LDpred2	1351	1812
LDpred2	1351	1813
LDpred2	1353	1813
LDpred2	1353	1815
LDpred2	1356	1815
LDpred2	1356	1817
LDpred2	1359	1817
LDpred2	1359	1818
LDpred2	1361	1818
LDpred2	1361	1820
LDpred2	1369	1820
LDpred2	1369	1821
LDpred2	1370	1821
LDpred2	1370	1822
LDpred2	1371	1822
LDpred2	1371	1823
LDpred2	1373	1823
LDpred2	1373	1825
LDpred2	1376	1825
LDpred2	1376	1826
LDpred2	1377	1826
LDpred2	1377	1828
LDpred2	1380	1828
LDpred2	1380	1829
LDpred2	1381	1829
LDpred2	1381	1830
LDpred2	1382	1830
LDpred2	1382	1833
LDpred2	1384	1833
LDpred2	1384	1834
LDpred2	1385	1834
LDpred2	1385	1835
LDpred2	1386	1835
LDpred2	1386	1836
LDpred2	1387	1836
LDpred2	1387	1838
LDpred2	1388	1838
LDpred2	1388	1842
LDpred2	1390	1842
LDpred2	1390	1844
LDpred2	1391	1844
LDpred2	1391	1845
LDpred2	1392	1845
LDpred2	1392	1846
LDpred2	1398	1846
LDpred2	1398	1847
LDpred2	1400	1847
LDpred2	1400	1848
LDpred2	1404	1848
LDpred2	1404	1850
LDpred2	1407	1850
LDpred2	1407	1853
LDpred2	1408	1853
LDpred2	1408	1854
LDpred2	1409	1854
LDpred2	1409	1855
LDpred2	1411	1855
LDpred2	1411	1861
LDpred2	1413	1861
LDpred2	1413	1862
LDpred2	1415	1862
LDpred2	1415	1865
LDpred2	1416	1865
LDpred2	1416	1867
LDpred2	1418	1867
LDpred2	1418	1868
LDpred2	1419	1868
LDpred2	1419	1869
LDpred2	1422	1869
LDpred2	1422	1870
LDpred2	1423	1870
LDpred2	1423	1871
LDpred2	1425	1871
LDpred2	1425	1875
LDpred2	1428	1875
LDpred2	1428	1876
LDpred2	1429	1876
LDpred2	1429	1877
LDpred2	1430	1877
LDpred2	1430	1879
LDpred2	1431	1879
LDpred2	1431	1880
LDpred2	1432	1880
LDpred2	1432	1882
LDpred2	1433	1882
LDpred2	1433	1885
LDpred2	1435	1885
LDpred2	1435	1891
LDpred2	1436	1891
LDpred2	1436	1894
LDpred2	1437	1894
LDpred2	1437	1895
LDpred2	1441	1895
LDpred2	1441	1897
LDpred2	1443	1897
LDpred2	1443	1898
LDpred2	1444	1898
LDpred2	1444	1899
LDpred2	1446	1899
LDpred2	1446	1903
LDpred2	1451	1903
LDpred2	1451	1905
LDpred2	1452	1905
LDpred2	1452	1907
LDpred2	1453	1907
LDpred2	1453	1908
LDpred2	1454	1908
LDpred2	1454	1910
LDpred2	1455	1910
LDpred2	1455	1911
LDpred2	1456	1911
LDpred2	1456	1912
LDpred2	1457	1912
LDpred2	1457	1914
LDpred2	1460	1914
LDpred2	1460	1915
LDpred2	1467	1915
LDpred2	1467	1917
LDpred2	1470	1917
LDpred2	1470	1919
LDpred2	1471	1919
LDpred2	1471	1920
LDpred2	1472	1920
LDpred2	1472	1922
LDpred2	1473	1922
LDpred2	1473	1924
LDpred2	1474	1924
LDpred2	1474	1926
LDpred2	1478	1926
LDpred2	1478	1930
LDpred2	1479	1930
LDpred2	1479	1932
LDpred2	1481	1932
LDpred2	1481	1933
LDpred2	1484	1933
LDpred2	1484	1934
LDpred2	1487	1934
LDpred2	1487	1935
LDpred2	1490	1935
LDpred2	1490	1936
LDpred2	1492	1936
LDpred2	1492	1938
LDpred2	1494	1938
LDpred2	1494	1939
LDpred2	1498	1939
LDpred2	1498	1940
LDpred2	1501	1940
LDpred2	1501	1942
LDpred2	1504	1942
LDpred2	1504	1943
LDpred2	1505	1943
LDpred2	1505	1944
LDpred2	1507	1944
LDpred2	1507	1946
LDpred2	1509	1946
LDpred2	1509	1947
LDpred2	1511	1947
LDpred2	1511	1948
LDpred2	1517	1948
LDpred2	1517	1952
LDpred2	1518	1952
LDpred2	1518	1954
LDpred2	1519	1954
LDpred2	1519	1955
LDpred2	1520	1955
LDpred2	1520	1956
LDpred2	1524	1956
LDpred2	1524	1957
LDpred2	1526	1957
LDpred2	1526	1958
LDpred2	1529	1958
LDpred2	1529	1960
LDpred2	1530	1960
LDpred2	1530	1961
LDpred2	1532	1961
LDpred2	1532	1962
LDpred2	1533	1962
LDpred2	1533	1963
LDpred2	1534	1963
LDpred2	1534	1965
LDpred2	1535	1965
LDpred2	1535	1966
LDpred2	1541	1966
LDpred2	1541	1968
LDpred2	1544	1968
LDpred2	1544	1969
LDpred2	1547	1969
LDpred2	1547	1971
LDpred2	1548	1971
LDpred2	1548	1972
LDpred2	1550	1972
LDpred2	1550	1975
LDpred2	1557	1975
LDpred2	1557	1976
LDpred2	1559	1976
LDpred2	1559	1977
LDpred2	1560	1977
LDpred2	1560	1979
LDpred2	1561	1979
LDpred2	1561	1980
LDpred2	1562	1980
LDpred2	1562	1981
LDpred2	1564	1981
LDpred2	1564	1983
LDpred2	1566	1983
LDpred2	1566	1984
LDpred2	1569	1984
LDpred2	1569	1985
LDpred2	1570	1985
LDpred2	1570	1986
LDpred2	1572	1986
LDpred2	1572	1987
LDpred2	1575	1987
LDpred2	1575	1988
LDpred2	1577	1988
LDpred2	1577	1992
LDpred2	1579	1992
LDpred2	1579	1995
LDpred2	1580	1995
LDpred2	1580	1996
LDpred2	1581	1996
LDpred2	1581	1997
LDpred2	1582	1997
LDpred2	1582	1998
LDpred2	1583	1998
LDpred2	1583	2000
LDpred2	1588	2000
LDpred2	1588	2002
LDpred2	1592	2002
LDpred2	1592	2003
LDpred2	1595	2003
LDpred2	1595	2004
LDpred2	1596	2004
LDpred2	1596	2005
LDpred2	1597	2005
LDpred2	1597	2006
LDpred2	1598	2006
LDpred2	1598	2009
LDpred2	1599	2009
LDpred2	1599	2011
LDpred2	1600	2011
LDpred2	1600	2013
LDpred2	1601	2013
LDpred2	1601	2014
LDpred2	1602	2014
LDpred2	1602	2015
LDpred2	1606	2015
LDpred2	1606	2017
LDpred2	1607	2017
LDpred2	1607	2019
LDpred2	1612	2019
LDpred2	1612	2020
LDpred2	1614	2020
LDpred2	1614	2021
LDpred2	1615	2021
LDpred2	1615	2023
LDpred2	1617	2023
LDpred2	1617	2025
LDpred2	1619	2025
LDpred2	1619	2026
LDpred2	1625	2026
LDpred2	1625	2030
LDpred2	1630	2030
LDpred2	1630	2034
LDpred2	1634	2034
LDpred2	1634	2035
LDpred2	1635	2035
LDpred2	1635	2038
LDpred2	1636	2038
LDpred2	1636	2041
LDpred2	1638	2041
LDpred2	1638	2045
LDpred2	1640	2045
LDpred2	1640	2046
LDpred2	1641	2046
LDpred2	1641	2047
LDpred2	1643	2047
LDpred2	1643	2048
LDpred2	1647	2048
LDpred2	1647	2051
LDpred2	1649	2051
LDpred2	1649	2052
LDpred2	1653	2052
LDpred2	1653	2053
LDpred2	1657	2053
LDpred2	1657	2054
LDpred2	1664	2054
LDpred2	1664	2058
LDpred2	1667	2058
LDpred2	1667	2059
LDpred2	1671	2059
LDpred2	1671	2060
LDpred2	1673	2060
LDpred2	1673	2061
LDpred2	1683	2061
LDpred2	1683	2063
LDpred2	1684	2063
LDpred2	1684	2064
LDpred2	1686	2064
LDpred2	1686	2067
LDpred2	1688	2067
LDpred2	1688	2068
LDpred2	1691	2068
LDpred2	1691	2069
LDpred2	1692	2069
LDpred2	1692	2070
LDpred2	1693	2070
LDpred2	1693	2071
LDpred2	1697	2071
LDpred2	1697	2072
LDpred2	1698	2072
LDpred2	1698	2073
LDpred2	1701	2073
LDpred2	1701	2078
LDpred2	1705	2078
LDpred2	1705	2079
LDpred2	1706	2079
LDpred2	1706	2080
LDpred2	1710	2080
LDpred2	1710	2081
LDpred2	1712	2081
LDpred2	1712	2082
LDpred2	1718	2082
LDpred2	1718	2085
LDpred2	1719	2085
LDpred2	1719	2086
LDpred2	1722	2086
LDpred2	1722	2089
LDpred2	1724	2089
LDpred2	1724	2090
LDpred2	1725	2090
LDpred2	1725	2091
LDpred2	1726	2091
LDpred2	1726	2093
LDpred2	1727	2093
LDpred2	1727	2094
LDpred2	1728	2094
LDpred2	1728	2095
LDpred2	1732	2095
LDpred2	1732	2096
LDpred2	1735	2096
LDpred2	1735	2097
LDpred2	1736	2097
LDpred2	1736	2098
LDpred2	1737	2098
LDpred2	1737	2103
LDpred2	1739	2103
LDpred2	1739	2105
LDpred2	1743	2105
LDpred2	1743	2106
LDpred2	1745	2106
LDpred2	1745	2107
LDpred2	1746	2107
LDpred2	1746	2109
LDpred2	1755	2109
LDpred2	1755	2110
LDpred2	1756	2110
LDpred2	1756	2112
LDpred2	1758	2112
LDpred2	1758	2113
LDpred2	1769	2113
LDpred2	1769	2114
LDpred2	1772	2114
LDpred2	1772	2115
LDpred2	1775	2115
LDpred2	1775	2116
LDpred2	1778	2116
LDpred2	1778	2118
LDpred2	1779	2118
LDpred2	1779	2119
LDpred2	1780	2119
LDpred2	1780	2120
LDpred2	1781	2120
LDpred2	1781	2124
LDpred2	1783	2124
LDpred2	1783	2126
LDpred2	1784	2126
LDpred2	1784	2128
LDpred2	1789	2128
LDpred2	1789	2130
LDpred2	1791	2130
LDpred2	1791	2131
LDpred2	1792	2131
LDpred2	1792	2132
LDpred2	1795	2132
LDpred2	1795	2135
LDpred2	1797	2135
LDpred2	1797	2136
LDpred2	1798	2136
LDpred2	1798	2137
LDpred2	1800	2137
LDpred2	1800	2141
LDpred2	1803	2141
LDpred2	1803	2142
LDpred2	1805	2142
LDpred2	1805	2143
LDpred2	1809	2143
LDpred2	1809	2144
LDpred2	1810	2144
LDpred2	1810	2148
LDpred2	1812	2148
LDpred2	1812	2149
LDpred2	1815	2149
LDpred2	1815	2150
LDpred2	1817	2150
LDpred2	1817	2152
LDpred2	1818	2152
LDpred2	1818	2153
LDpred2	1820	2153
LDpred2	1820	2154
LDpred2	1821	2154
LDpred2	1821	2156
LDpred2	1824	2156
LDpred2	1824	2158
LDpred2	1831	2158
LDpred2	1831	2160
LDpred2	1832	2160
LDpred2	1832	2162
LDpred2	1833	2162
LDpred2	1833	2163
LDpred2	1834	2163
LDpred2	1834	2164
LDpred2	1835	2164
LDpred2	1835	2167
LDpred2	1836	2167
LDpred2	1836	2168
LDpred2	1841	2168
LDpred2	1841	2169
LDpred2	1843	2169
LDpred2	1843	2170
LDpred2	1844	2170
LDpred2	1844	2171
LDpred2	1848	2171
LDpred2	1848	2172
LDpred2	1854	2172
LDpred2	1854	2173
LDpred2	1856	2173
LDpred2	1856	2175
LDpred2	1864	2175
LDpred2	1864	2177
LDpred2	1866	2177
LDpred2	1866	2179
LDpred2	1867	2179
LDpred2	1867	2181
LDpred2	1868	2181
LDpred2	1868	2182
LDpred2	1869	2182
LDpred2	1869	2183
LDpred2	1870	2183
LDpred2	1870	2184
LDpred2	1872	2184
LDpred2	1872	2186
LDpred2	1873	2186
LDpred2	1873	2190
LDpred2	1875	2190
LDpred2	1875	2192
LDpred2	1877	2192
LDpred2	1877	2193
LDpred2	1878	2193
LDpred2	1878	2194
LDpred2	1881	2194
LDpred2	1881	2198
LDpred2	1882	2198
LDpred2	1882	2199
LDpred2	1883	2199
LDpred2	1883	2203
LDpred2	1884	2203
LDpred2	1884	2204
LDpred2	1886	2204
LDpred2	1886	2206
LDpred2	1889	2206
LDpred2	1889	2207
LDpred2	1892	2207
LDpred2	1892	2210
LDpred2	1893	2210
LDpred2	1893	2211
LDpred2	1894	2211
LDpred2	1894	2214
LDpred2	1901	2214
LDpred2	1901	2216
LDpred2	1904	2216
LDpred2	1904	2220
LDpred2	1913	2220
LDpred2	1913	2221
LDpred2	1914	2221
LDpred2	1914	2223
LDpred2	1920	2223
LDpred2	1920	2226
LDpred2	1922	2226
LDpred2	1922	2229
LDpred2	1925	2229
LDpred2	1925	2230
LDpred2	1926	2230
LDpred2	1926	2232
LDpred2	1927	2232
LDpred2	1927	2233
LDpred2	1928	2233
LDpred2	1928	2235
LDpred2	1930	2235
LDpred2	1930	2236
LDpred2	1932	2236
LDpred2	1932	2237
LDpred2	1933	2237
LDpred2	1933	2239
LDpred2	1934	2239
LDpred2	1934	2240
LDpred2	1935	2240
LDpred2	1935	2243
LDpred2	1937	2243
LDpred2	1937	2245
LDpred2	1939	2245
LDpred2	1939	2246
LDpred2	1941	2246
LDpred2	1941	2249
LDpred2	1943	2249
LDpred2	1943	2250
LDpred2	1946	2250
LDpred2	1946	2251
LDpred2	1948	2251
LDpred2	1948	2254
LDpred2	1950	2254
LDpred2	1950	2258
LDpred2	1957	2258
LDpred2	1957	2259
LDpred2	1958	2259
LDpred2	1958	2260
LDpred2	1966	2260
LDpred2	1966	2263
LDpred2	1968	2263
LDpred2	1968	2264
LDpred2	1971	2264
LDpred2	1971	2265
LDpred2	1974	2265
LDpred2	1974	2266
LDpred2	1975	2266
LDpred2	1975	2267
LDpred2	1977	2267
LDpred2	1977	2269
LDpred2	1978	2269
LDpred2	1978	2270
LDpred2	1979	2270
LDpred2	1979	2272
LDpred2	1982	2272
LDpred2	1982	2275
LDpred2	1984	2275
LDpred2	1984	2278
LDpred2	1987	2278
LDpred2	1987	2279
LDpred2	1989	2279
LDpred2	1989	2280
LDpred2	1990	2280
LDpred2	1990	2283
LDpred2	1991	2283
LDpred2	1991	2284
LDpred2	1994	2284
LDpred2	1994	2286
LDpred2	1997	2286
LDpred2	1997	2288
LDpred2	1999	2288
LDpred2	1999	2292
LDpred2	2001	2292
LDpred2	2001	2294
LDpred2	2007	2294
LDpred2	2007	2295
LDpred2	2009	2295
LDpred2	2009	2296
LDpred2	2010	2296
LDpred2	2010	2299
LDpred2	2011	2299
LDpred2	2011	2300
LDpred2	2015	2300
LDpred2	2015	2301
LDpred2	2019	2301
LDpred2	2019	2302
LDpred2	2026	2302
LDpred2	2026	2304
LDpred2	2029	2304
LDpred2	2029	2306
LDpred2	2037	2306
LDpred2	2037	2307
LDpred2	2039	2307
LDpred2	2039	2311
LDpred2	2046	2311
LDpred2	2046	2313
LDpred2	2054	2313
LDpred2	2054	2314
LDpred2	2060	2314
LDpred2	2060	2316
LDpred2	2061	2316
LDpred2	2061	2317
LDpred2	2062	2317
LDpred2	2062	2318
LDpred2	2064	2318
LDpred2	2064	2326
LDpred2	2070	2326
LDpred2	2070	2327
LDpred2	2075	2327
LDpred2	2075	2328
LDpred2	2076	2328
LDpred2	2076	2329
LDpred2	2077	2329
LDpred2	2077	2330
LDpred2	2078	2330
LDpred2	2078	2332
LDpred2	2079	2332
LDpred2	2079	2334
LDpred2	2081	2334
LDpred2	2081	2335
LDpred2	2082	2335
LDpred2	2082	2336
LDpred2	2086	2336
LDpred2	2086	2337
LDpred2	2089	2337
LDpred2	2089	2338
LDpred2	2092	2338
LDpred2	2092	2341
LDpred2	2093	2341
LDpred2	2093	2342
LDpred2	2096	2342
LDpred2	2096	2343
LDpred2	2097	2343
LDpred2	2097	2344
LDpred2	2102	2344
LDpred2	2102	2345
LDpred2	2103	2345
LDpred2	2103	2346
LDpred2	2109	2346
LDpred2	2109	2349
LDpred2	2110	2349
LDpred2	2110	2350
LDpred2	2112	2350
LDpred2	2112	2351
LDpred2	2119	2351
LDpred2	2119	2352
LDpred2	2121	2352
LDpred2	2121	2355
LDpred2	2123	2355
LDpred2	2123	2358
LDpred2	2124	2358
LDpred2	2124	2360
LDpred2	2126	2360
LDpred2	2126	2365
LDpred2	2129	2365
LDpred2	2129	2366
LDpred2	2131	2366
LDpred2	2131	2367
LDpred2	2135	2367
LDpred2	2135	2368
LDpred2	2136	2368
LDpred2	2136	2369
LDpred2	2137	2369
LDpred2	2137	2370
LDpred2	2138	2370
LDpred2	2138	2372
LDpred2	2139	2372
LDpred2	2139	2373
LDpred2	2140	2373
LDpred2	2140	2374
LDpred2	2146	2374
LDpred2	2146	2375
LDpred2	2147	2375
LDpred2	2147	2376
LDpred2	2152	2376
LDpred2	2152	2377
LDpred2	2154	2377
LDpred2	2154	2382
LDpred2	2156	2382
LDpred2	2156	2386
LDpred2	2157	2386
LDpred2	2157	2387
LDpred2	2158	2387
LDpred2	2158	2389
LDpred2	2159	2389
LDpred2	2159	2390
LDpred2	2160	2390
LDpred2	2160	2391
LDpred2	2166	2391
LDpred2	2166	2392
LDpred2	2171	2392
LDpred2	2171	2393
LDpred2	2172	2393
LDpred2	2172	2395
LDpred2	2176	2395
LDpred2	2176	2397
LDpred2	2177	2397
LDpred2	2177	2398
LDpred2	2180	2398
LDpred2	2180	2400
LDpred2	2186	2400
LDpred2	2186	2401
LDpred2	2191	2401
LDpred2	2191	2403
LDpred2	2192	2403
LDpred2	2192	2404
LDpred2	2194	2404
LDpred2	2194	2405
LDpred2	2198	2405
LDpred2	2198	2406
LDpred2	2201	2406
LDpred2	2201	2410
LDpred2	2206	2410
LDpred2	2206	2412
LDpred2	2207	2412
LDpred2	2207	2414
LDpred2	2208	2414
LDpred2	2208	2415
LDpred2	2210	2415
LDpred2	2210	2416
LDpred2	2211	2416
LDpred2	2211	2417
LDpred2	2213	2417
LDpred2	2213	2419
LDpred2	2215	2419
LDpred2	2215	2423
LDpred2	2216	2423
LDpred2	2216	2425
LDpred2	2217	2425
LDpred2	2217	2427
LDpred2	2222	2427
LDpred2	2222	2428
LDpred2	2223	2428
LDpred2	2223	2429
LDpred2	2229	2429
LDpred2	2229	2430
LDpred2	2238	2430
LDpred2	2238	2431
LDpred2	2239	2431
LDpred2	2239	2432
LDpred2	2242	2432
LDpred2	2242	2434
LDpred2	2244	2434
LDpred2	2244	2436
LDpred2	2247	2436
LDpred2	2247	2437
LDpred2	2249	2437
LDpred2	2249	2438
LDpred2	2250	2438
LDpred2	2250	2439
LDpred2	2251	2439
LDpred2	2251	2440
LDpred2	2252	2440
LDpred2	2252	2441
LDpred2	2255	2441
LDpred2	2255	2445
LDpred2	2256	2445
LDpred2	2256	2447
LDpred2	2259	2447
LDpred2	2259	2448
LDpred2	2265	2448
LDpred2	2265	2449
LDpred2	2267	2449
LDpred2	2267	2451
LDpred2	2269	2451
LDpred2	2269	2453
LDpred2	2271	2453
LDpred2	2271	2454
LDpred2	2277	2454
LDpred2	2277	2455
LDpred2	2279	2455
LDpred2	2279	2456
LDpred2	2290	2456
LDpred2	2290	2457
LDpred2	2294	2457
LDpred2	2294	2460
LDpred2	2295	2460
LDpred2	2295	2461
LDpred2	2300	2461
LDpred2	2300	2462
LDpred2	2308	2462
LDpred2	2308	2465
LDpred2	2313	2465
LDpred2	2313	2466
LDpred2	2317	2466
LDpred2	2317	2467
LDpred2	2319	2467
LDpred2	2319	2468
LDpred2	2320	2468
LDpred2	2320	2469
LDpred2	2321	2469
LDpred2	2321	2471
LDpred2	2322	2471
LDpred2	2322	2475
LDpred2	2327	2475
LDpred2	2327	2477
LDpred2	2328	2477
LDpred2	2328	2478
LDpred2	2329	2478
LDpred2	2329	2481
LDpred2	2330	2481
LDpred2	2330	2482
LDpred2	2331	2482
LDpred2	2331	2484
LDpred2	2332	2484
LDpred2	2332	2485
LDpred2	2336	2485
LDpred2	2336	2488
LDpred2	2338	2488
LDpred2	2338	2489
LDpred2	2341	2489
LDpred2	2341	2490
LDpred2	2343	2490
LDpred2	2343	2492
LDpred2	2344	2492
LDpred2	2344	2493
LDpred2	2348	2493
LDpred2	2348	2494
LDpred2	2350	2494
LDpred2	2350	2496
LDpred2	2352	2496
LDpred2	2352	2497
LDpred2	2353	2497
LDpred2	2353	2500
LDpred2	2355	2500
LDpred2	2355	2501
LDpred2	2358	2501
LDpred2	2358	2502
LDpred2	2360	2502
LDpred2	2360	2503
LDpred2	2361	2503
LDpred2	2361	2504
LDpred2	2362	2504
LDpred2	2362	2505
LDpred2	2370	2505
LDpred2	2370	2507
LDpred2	2374	2507
LDpred2	2374	2509
LDpred2	2377	2509
LDpred2	2377	2512
LDpred2	2382	2512
LDpred2	2382	2513
LDpred2	2383	2513
LDpred2	2383	2514
LDpred2	2384	2514
LDpred2	2384	2516
LDpred2	2388	2516
LDpred2	2388	2517
LDpred2	2390	2517
LDpred2	2390	2518
LDpred2	2391	2518
LDpred2	2391	2520
LDpred2	2395	2520
LDpred2	2395	2521
LDpred2	2397	2521
LDpred2	2397	2522
LDpred2	2398	2522
LDpred2	2398	2526
LDpred2	2406	2526
LDpred2	2406	2527
LDpred2	2407	2527
LDpred2	2407	2530
LDpred2	2408	2530
LDpred2	2408	2531
LDpred2	2409	2531
LDpred2	2409	2533
LDpred2	2413	2533
LDpred2	2413	2534
LDpred2	2414	2534
LDpred2	2414	2535
LDpred2	2418	2535
LDpred2	2418	2536
LDpred2	2425	2536
LDpred2	2425	2538
LDpred2	2430	2538
LDpred2	2430	2539
LDpred2	2431	2539
LDpred2	2431	2540
LDpred2	2432	2540
LDpred2	2432	2541
LDpred2	2437	2541
LDpred2	2437	2542
LDpred2	2438	2542
LDpred2	2438	2543
LDpred2	2439	2543
LDpred2	2439	2544
LDpred2	2442	2544
LDpred2	2442	2546
LDpred2	2445	2546
LDpred2	2445	2548
LDpred2	2447	2548
LDpred2	2447	2551
LDpred2	2449	2551
LDpred2	2449	2553
LDpred2	2455	2553
LDpred2	2455	2554
LDpred2	2456	2554
LDpred2	2456	2555
LDpred2	2457	2555
LDpred2	2457	2556
LDpred2	2463	2556
LDpred2	2463	2557
LDpred2	2469	2557
LDpred2	2469	2558
LDpred2	2470	2558
LDpred2	2470	2559
LDpred2	2471	2559
LDpred2	2471	2561
LDpred2	2474	2561
LDpred2	2474	2562
LDpred2	2475	2562
LDpred2	2475	2563
LDpred2	2477	2563
LDpred2	2477	2565
LDpred2	2479	2565
LDpred2	2479	2566
LDpred2	2480	2566
LDpred2	2480	2567
LDpred2	2483	2567
LDpred2	2483	2568
LDpred2	2484	2568
LDpred2	2484	2570
LDpred2	2486	2570
LDpred2	2486	2571
LDpred2	2487	2571
LDpred2	2487	2573
LDpred2	2488	2573
LDpred2	2488	2574
LDpred2	2490	2574
LDpred2	2490	2576
LDpred2	2492	2576
LDpred2	2492	2578
LDpred2	2500	2578
LDpred2	2500	2580
LDpred2	2503	2580
LDpred2	2503	2581
LDpred2	2504	2581
LDpred2	2504	2582
LDpred2	2506	2582
LDpred2	2506	2583
LDpred2	2508	2583
LDpred2	2508	2584
LDpred2	2510	2584
LDpred2	2510	2585
LDpred2	2511	2585
LDpred2	2511	2586
LDpred2	2512	2586
LDpred2	2512	2587
LDpred2	2513	2587
LDpred2	2513	2589
LDpred2	2514	2589
LDpred2	2514	2590
LDpred2	2515	2590
LDpred2	2515	2591
LDpred2	2516	2591
LDpred2	2516	2592
LDpred2	2517	2592
LDpred2	2517	2595
LDpred2	2523	2595
LDpred2	2523	2596
LDpred2	2525	2596
LDpred2	2525	2600
LDpred2	2527	2600
LDpred2	2527	2604
LDpred2	2528	2604
LDpred2	2528	2605
LDpred2	2530	2605
LDpred2	2530	2606
LDpred2	2532	2606
LDpred2	2532	2607
LDpred2	2533	2607
LDpred2	2533	2608
LDpred2	2534	2608
LDpred2	2534	2611
LDpred2	2536	2611
LDpred2	2536	2612
LDpred2	2538	2612
LDpred2	2538	2613
LDpred2	2539	2613
LDpred2	2539	2614
LDpred2	2544	2614
LDpred2	2544	2615
LDpred2	2545	2615
LDpred2	2545	2617
LDpred2	2547	2617
LDpred2	2547	2618
LDpred2	2554	2618
LDpred2	2554	2620
LDpred2	2555	2620
LDpred2	2555	2621
LDpred2	2558	2621
LDpred2	2558	2622
LDpred2	2560	2622
LDpred2	2560	2625
LDpred2	2561	2625
LDpred2	2561	2627
LDpred2	2562	2627
LDpred2	2562	2628
LDpred2	2567	2628
LDpred2	2567	2629
LDpred2	2568	2629
LDpred2	2568	2634
LDpred2	2570	2634
LDpred2	2570	2635
LDpred2	2572	2635
LDpred2	2572	2636
LDpred2	2574	2636
LDpred2	2574	2637
LDpred2	2577	2637
LDpred2	2577	2638
LDpred2	2579	2638
LDpred2	2579	2639
LDpred2	2581	2639
LDpred2	2581	2642
LDpred2	2583	2642
LDpred2	2583	2643
LDpred2	2588	2643
LDpred2	2588	2644
LDpred2	2596	2644
LDpred2	2596	2646
LDpred2	2598	2646
LDpred2	2598	2647
LDpred2	2603	2647
LDpred2	2603	2648
LDpred2	2606	2648
LDpred2	2606	2649
LDpred2	2607	2649
LDpred2	2607	2650
LDpred2	2612	2650
LDpred2	2612	2651
LDpred2	2613	2651
LDpred2	2613	2653
LDpred2	2614	2653
LDpred2	2614	2654
LDpred2	2615	2654
LDpred2	2615	2655
LDpred2	2616	2655
LDpred2	2616	2657
LDpred2	2617	2657
LDpred2	2617	2658
LDpred2	2621	2658
LDpred2	2621	2659
LDpred2	2622	2659
LDpred2	2622	2660
LDpred2	2627	2660
LDpred2	2627	2662
LDpred2	2630	2662
LDpred2	2630	2663
LDpred2	2631	2663
LDpred2	2631	2664
LDpred2	2635	2664
LDpred2	2635	2666
LDpred2	2636	2666
LDpred2	2636	2669
LDpred2	2640	2669
LDpred2	2640	2670
LDpred2	2650	2670
LDpred2	2650	2672
LDpred2	2651	2672
LDpred2	2651	2673
LDpred2	2656	2673
LDpred2	2656	2674
LDpred2	2657	2674
LDpred2	2657	2675
LDpred2	2661	2675
LDpred2	2661	2676
LDpred2	2664	2676
LDpred2	2664	2679
LDpred2	2665	2679
LDpred2	2665	2680
LDpred2	2666	2680
LDpred2	2666	2681
LDpred2	2669	2681
LDpred2	2669	2683
LDpred2	2670	2683
LDpred2	2670	2685
LDpred2	2674	2685
LDpred2	2674	2687
LDpred2	2675	2687
LDpred2	2675	2689
LDpred2	2677	2689
LDpred2	2677	2690
LDpred2	2678	2690
LDpred2	2678	2693
LDpred2	2681	2693
LDpred2	2681	2699
LDpred2	2682	2699
LDpred2	2682	2700
LDpred2	2684	2700
LDpred2	2684	2701
LDpred2	2685	2701
LDpred2	2685	2703
LDpred2	2686	2703
LDpred2	2686	2705
LDpred2	2694	2705
LDpred2	2694	2706
LDpred2	2696	2706
LDpred2	2696	2707
LDpred2	2697	2707
LDpred2	2697	2708
LDpred2	2699	2708
LDpred2	2699	2710
LDpred2	2701	2710
LDpred2	2701	2712
LDpred2	2703	2712
LDpred2	2703	2713
LDpred2	2704	2713
LDpred2	2704	2714
LDpred2	2707	2714
LDpred2	2707	2716
LDpred2	2708	2716
LDpred2	2708	2718
LDpred2	2711	2718
LDpred2	2711	2720
LDpred2	2712	2720
LDpred2	2712	2723
LDpred2	2713	2723
LDpred2	2713	2724
LDpred2	2714	2724
LDpred2	2714	2725
LDpred2	2716	2725
LDpred2	2716	2726
LDpred2	2720	2726
LDpred2	2720	2727
LDpred2	2721	2727
LDpred2	2721	2729
LDpred2	2722	2729
LDpred2	2722	2730
LDpred2	2730	2730
LDpred2	2730	2732
LDpred2	2732	2732
LDpred2	2732	2737
LDpred2	2734	2737
LDpred2	2734	2740
LDpred2	2737	2740
LDpred2	2737	2741
LDpred2	2739	2741
LDpred2	2739	2742
LDpred2	2743	2742
LDpred2	2743	2743
LDpred2	2744	2743
LDpred2	2744	2748
LDpred2	2748	2748
LDpred2	2748	2749
LDpred2	2753	2749
LDpred2	2753	2754
LDpred2	2756	2754
LDpred2	2756	2756
LDpred2	2757	2756
LDpred2	2757	2757
LDpred2	2762	2757
LDpred2	2762	2758
LDpred2	2766	2758
LDpred2	2766	2759
LDpred2	2768	2759
LDpred2	2768	2760
LDpred2	2771	2760
LDpred2	2771	2762
LDpred2	2774	2762
LDpred2	2774	2764
LDpred2	2780	2764
LDpred2	2780	2765
LDpred2	2782	2765
LDpred2	2782	2767
LDpred2	2784	2767
LDpred2	2784	2774
LDpred2	2787	2774
LDpred2	2787	2776
LDpred2	2790	2776
LDpred2	2790	2777
LDpred2	2797	2777
LDpred2	2797	2779
LDpred2	2800	2779
LDpred2	2800	2781
LDpred2	2802	2781
LDpred2	2802	2783
LDpred2	2803	2783
LDpred2	2803	2784
LDpred2	2807	2784
LDpred2	2807	2786
LDpred2	2811	2786
LDpred2	2811	2787
LDpred2	2815	2787
LDpred2	2815	2788
LDpred2	2817	2788
LDpred2	2817	2789
LDpred2	2818	2789
LDpred2	2818	2790
LDpred2	2820	2790
LDpred2	2820	2792
LDpred2	2821	2792
LDpred2	2821	2793
LDpred2	2825	2793
LDpred2	2825	2794
LDpred2	2826	2794
LDpred2	2826	2796
LDpred2	2828	2796
LDpred2	2828	2798
LDpred2	2829	2798
LDpred2	2829	2799
LDpred2	2830	2799
LDpred2	2830	2800
LDpred2	2831	2800
LDpred2	2831	2801
LDpred2	2833	2801
LDpred2	2833	2803
LDpred2	2840	2803
LDpred2	2840	2805
LDpred2	2841	2805
LDpred2	2841	2807
LDpred2	2845	2807
LDpred2	2845	2808
LDpred2	2847	2808
LDpred2	2847	2809
LDpred2	2849	2809
LDpred2	2849	2810
LDpred2	2850	2810
LDpred2	2850	2814
LDpred2	2851	2814
LDpred2	2851	2815
LDpred2	2852	2815
LDpred2	2852	2816
LDpred2	2854	2816
LDpred2	2854	2817
LDpred2	2861	2817
LDpred2	2861	2818
LDpred2	2863	2818
LDpred2	2863	2819
LDpred2	2864	2819
LDpred2	2864	2820
LDpred2	2865	2820
LDpred2	2865	2823
LDpred2	2869	2823
LDpred2	2869	2825
LDpred2	2870	2825
LDpred2	2870	2826
LDpred2	2874	2826
LDpred2	2874	2827
LDpred2	2875	2827
LDpred2	2875	2828
LDpred2	2876	2828
LDpred2	2876	2829
LDpred2	2879	2829
LDpred2	2879	2830
LDpred2	2881	2830
LDpred2	2881	2831
LDpred2	2883	2831
LDpred2	2883	2833
LDpred2	2885	2833
LDpred2	2885	2834
LDpred2	2888	2834
LDpred2	2888	2837
LDpred2	2893	2837
LDpred2	2893	2838
LDpred2	2898	2838
LDpred2	2898	2839
LDpred2	2911	2839
LDpred2	2911	2843
LDpred2	2914	2843
LDpred2	2914	2844
LDpred2	2916	2844
LDpred2	2916	2845
LDpred2	2917	2845
LDpred2	2917	2849
LDpred2	2920	2849
LDpred2	2920	2851
LDpred2	2921	2851
LDpred2	2921	2854
LDpred2	2922	2854
LDpred2	2922	2855
LDpred2	2923	2855
LDpred2	2923	2858
LDpred2	2927	2858
LDpred2	2927	2861
LDpred2	2930	2861
LDpred2	2930	2862
LDpred2	2931	2862
LDpred2	2931	2863
LDpred2	2932	2863
LDpred2	2932	2864
LDpred2	2937	2864
LDpred2	2937	2865
LDpred2	2944	2865
LDpred2	2944	2868
LDpred2	2945	2868
LDpred2	2945	2869
LDpred2	2947	2869
LDpred2	2947	2870
LDpred2	2948	2870
LDpred2	2948	2871
LDpred2	2950	2871
LDpred2	2950	2872
LDpred2	2951	2872
LDpred2	2951	2873
LDpred2	2952	2873
LDpred2	2952	2875
LDpred2	2953	2875
LDpred2	2953	2879
LDpred2	2955	2879
LDpred2	2955	2885
LDpred2	2959	2885
LDpred2	2959	2886
LDpred2	2961	2886
LDpred2	2961	2888
LDpred2	2963	2888
LDpred2	2963	2892
LDpred2	2964	2892
LDpred2	2964	2894
LDpred2	2965	2894
LDpred2	2965	2895
LDpred2	2969	2895
LDpred2	2969	2896
LDpred2	2970	2896
LDpred2	2970	2900
LDpred2	2973	2900
LDpred2	2973	2901
LDpred2	2975	2901
LDpred2	2975	2905
LDpred2	2978	2905
LDpred2	2978	2906
LDpred2	2982	2906
LDpred2	2982	2907
LDpred2	2983	2907
LDpred2	2983	2909
LDpred2	2990	2909
LDpred2	2990	2911
LDpred2	2991	2911
LDpred2	2991	2912
LDpred2	2994	2912
LDpred2	2994	2914
LDpred2	2999	2914
LDpred2	2999	2915
LDpred2	3000	2915
LDpred2	3000	2919
LDpred2	3002	2919
LDpred2	3002	2921
LDpred2	3005	2921
LDpred2	3005	2922
LDpred2	3006	2922
LDpred2	3006	2923
LDpred2	3008	2923
LDpred2	3008	2924
LDpred2	3014	2924
LDpred2	3014	2927
LDpred2	3016	2927
LDpred2	3016	2929
LDpred2	3018	2929
LDpred2	3018	2931
LDpred2	3020	2931
LDpred2	3020	2932
LDpred2	3021	2932
LDpred2	3021	2934
LDpred2	3026	2934
LDpred2	3026	2935
LDpred2	3029	2935
LDpred2	3029	2936
LDpred2	3032	2936
LDpred2	3032	2937
LDpred2	3033	2937
LDpred2	3033	2938
LDpred2	3036	2938
LDpred2	3036	2939
LDpred2	3040	2939
LDpred2	3040	2940
LDpred2	3041	2940
LDpred2	3041	2941
LDpred2	3044	2941
LDpred2	3044	2942
LDpred2	3045	2942
LDpred2	3045	2944
LDpred2	3046	2944
LDpred2	3046	2946
LDpred2	3048	2946
LDpred2	3048	2947
LDpred2	3050	2947
LDpred2	3050	2950
LDpred2	3051	2950
LDpred2	3051	2953
LDpred2	3057	2953
LDpred2	3057	2957
LDpred2	3064	2957
LDpred2	3064	2958
LDpred2	3065	2958
LDpred2	3065	2960
LDpred2	3066	2960
LDpred2	3066	2962
LDpred2	3067	2962
LDpred2	3067	2963
LDpred2	3069	2963
LDpred2	3069	2964
LDpred2	3070	2964
LDpred2	3070	2965
LDpred2	3071	2965
LDpred2	3071	2966
LDpred2	3073	2966
LDpred2	3073	2968
LDpred2	3079	2968
LDpred2	3079	2971
LDpred2	3088	2971
LDpred2	3088	2973
LDpred2	3092	2973
LDpred2	3092	2975
LDpred2	3094	2975
LDpred2	3094	2976
LDpred2	3095	2976
LDpred2	3095	2977
LDpred2	3097	2977
LDpred2	3097	2978
LDpred2	3099	2978
LDpred2	3099	2979
LDpred2	3101	2979
LDpred2	3101	2982
LDpred2	3108	2982
LDpred2	3108	2983
LDpred2	3109	2983
LDpred2	3109	2985
LDpred2	3113	2985
LDpred2	3113	2986
LDpred2	3115	2986
LDpred2	3115	2987
LDpred2	3116	2987
LDpred2	3116	2988
LDpred2	3119	2988
LDpred2	3119	2989
LDpred2	3124	2989
LDpred2	3124	2990
LDpred2	3127	2990
LDpred2	3127	2992
LDpred2	3128	2992
LDpred2	3128	2993
LDpred2	3131	2993
LDpred2	3131	2994
LDpred2	3132	2994
LDpred2	3132	2996
LDpred2	3133	2996
LDpred2	3133	2999
LDpred2	3134	2999
LDpred2	3134	3002
LDpred2	3138	3002
LDpred2	3138	3003
LDpred2	3139	3003
LDpred2	3139	3004
LDpred2	3146	3004
LDpred2	3146	3006
LDpred2	3147	3006
LDpred2	3147	3007
LDpred2	3148	3007
LDpred2	3148	3009
LDpred2	3151	3009
LDpred2	3151	3010
LDpred2	3152	3010
LDpred2	3152	3011
LDpred2	3155	3011
LDpred2	3155	3012
LDpred2	3159	3012
LDpred2	3159	3015
LDpred2	3162	3015
LDpred2	3162	3016
LDpred2	3164	3016
LDpred2	3164	3017
LDpred2	3165	3017
LDpred2	3165	3020
LDpred2	3166	3020
LDpred2	3166	3023
LDpred2	3167	3023
LDpred2	3167	3025
LDpred2	3168	3025
LDpred2	3168	3026
LDpred2	3171	3026
LDpred2	3171	3028
LDpred2	3173	3028
LDpred2	3173	3030
LDpred2	3176	3030
LDpred2	3176	3031
LDpred2	3180	3031
LDpred2	3180	3032
LDpred2	3183	3032
LDpred2	3183	3035
LDpred2	3184	3035
LDpred2	3184	3037
LDpred2	3187	3037
LDpred2	3187	3040
LDpred2	3189	3040
LDpred2	3189	3041
LDpred2	3193	3041
LDpred2	3193	3042
LDpred2	3194	3042
LDpred2	3194	3043
LDpred2	3195	3043
LDpred2	3195	3045
LDpred2	3204	3045
LDpred2	3204	3046
LDpred2	3207	3046
LDpred2	3207	3049
LDpred2	3211	3049
LDpred2	3211	3050
LDpred2	3212	3050
LDpred2	3212	3051
LDpred2	3214	3051
LDpred2	3214	3052
LDpred2	3215	3052
LDpred2	3215	3053
LDpred2	3219	3053
LDpred2	3219	3057
LDpred2	3220	3057
LDpred2	3220	3058
LDpred2	3222	3058
LDpred2	3222	3060
LDpred2	3224	3060
LDpred2	3224	3061
LDpred2	3229	3061
LDpred2	3229	3063
LDpred2	3231	3063
LDpred2	3231	3064
LDpred2	3232	3064
LDpred2	3232	3065
LDpred2	3233	3065
LDpred2	3233	3067
LDpred2	3234	3067
LDpred2	3234	3068
LDpred2	3236	3068
LDpred2	3236	3069
LDpred2	3237	3069
LDpred2	3237	3073
LDpred2	3240	3073
LDpred2	3240	3078
LDpred2	3245	3078
LDpred2	3245	3080
LDpred2	3247	3080
LDpred2	3247	3082
LDpred2	3250	3082
LDpred2	3250	3083
LDpred2	3257	3083
LDpred2	3257	3085
LDpred2	3263	3085
LDpred2	3263	3086
LDpred2	3266	3086
LDpred2	3266	3087
LDpred2	3268	3087
LDpred2	3268	3088
LDpred2	3272	3088
LDpred2	3272	3089
LDpred2	3273	3089
LDpred2	3273	3090
LDpred2	3274	3090
LDpred2	3274	3091
LDpred2	3275	3091
LDpred2	3275	3092
LDpred2	3276	3092
LDpred2	3276	3093
LDpred2	3277	3093
LDpred2	3277	3095
LDpred2	3279	3095
LDpred2	3279	3096
LDpred2	3282	3096
LDpred2	3282	3097
LDpred2	3283	3097
LDpred2	3283	3101
LDpred2	3284	3101
LDpred2	3284	3103
LDpred2	3288	3103
LDpred2	3288	3104
LDpred2	3290	3104
LDpred2	3290	3107
LDpred2	3291	3107
LDpred2	3291	3108
LDpred2	3295	3108
LDpred2	3295	3110
LDpred2	3296	3110
LDpred2	3296	3111
LDpred2	3303	3111
LDpred2	3303	3112
LDpred2	3307	3112
LDpred2	3307	3113
LDpred2	3308	3113
LDpred2	3308	3117
LDpred2	3309	3117
LDpred2	3309	3118
LDpred2	3311	3118
LDpred2	3311	3119
LDpred2	3314	3119
LDpred2	3314	3120
LDpred2	3322	3120
LDpred2	3322	3123
LDpred2	3324	3123
LDpred2	3324	3124
LDpred2	3325	3124
LDpred2	3325	3126
LDpred2	3327	3126
LDpred2	3327	3127
LDpred2	3328	3127
LDpred2	3328	3128
LDpred2	3329	3128
LDpred2	3329	3129
LDpred2	3333	3129
LDpred2	3333	3130
LDpred2	3334	3130
LDpred2	3334	3131
LDpred2	3335	3131
LDpred2	3335	3132
LDpred2	3336	3132
LDpred2	3336	3133
LDpred2	3343	3133
LDpred2	3343	3135
LDpred2	3344	3135
LDpred2	3344	3136
LDpred2	3346	3136
LDpred2	3346	3139
LDpred2	3347	3139
LDpred2	3347	3142
LDpred2	3350	3142
LDpred2	3350	3143
LDpred2	3356	3143
LDpred2	3356	3144
LDpred2	3357	3144
LDpred2	3357	3145
LDpred2	3361	3145
LDpred2	3361	3146
LDpred2	3362	3146
LDpred2	3362	3148
LDpred2	3368	3148
LDpred2	3368	3150
LDpred2	3370	3150
LDpred2	3370	3152
LDpred2	3371	3152
LDpred2	3371	3153
LDpred2	3382	3153
LDpred2	3382	3154
LDpred2	3383	3154
LDpred2	3383	3156
LDpred2	3385	3156
LDpred2	3385	3157
LDpred2	3387	3157
LDpred2	3387	3158
LDpred2	3389	3158
LDpred2	3389	3159
LDpred2	3395	3159
LDpred2	3395	3162
LDpred2	3401	3162
LDpred2	3401	3163
LDpred2	3408	3163
LDpred2	3408	3164
LDpred2	3409	3164
LDpred2	3409	3165
LDpred2	3410	3165
LDpred2	3410	3166
LDpred2	3413	3166
LDpred2	3413	3169
LDpred2	3419	3169
LDpred2	3419	3170
LDpred2	3421	3170
LDpred2	3421	3171
LDpred2	3422	3171
LDpred2	3422	3173
LDpred2	3424	3173
LDpred2	3424	3174
LDpred2	3429	3174
LDpred2	3429	3176
LDpred2	3431	3176
LDpred2	3431	3177
LDpred2	3434	3177
LDpred2	3434	3179
LDpred2	3438	3179
LDpred2	3438	3180
LDpred2	3439	3180
LDpred2	3439	3183
LDpred2	3440	3183
LDpred2	3440	3187
LDpred2	3442	3187
LDpred2	3442	3190
LDpred2	3443	3190
LDpred2	3443	3193
LDpred2	3459	3193
LDpred2	3459	3194
LDpred2	3460	3194
LDpred2	3460	3195
LDpred2	3461	3195
LDpred2	3461	3197
LDpred2	3462	3197
LDpred2	3462	3198
LDpred2	3463	3198
LDpred2	3463	3200
LDpred2	3467	3200
LDpred2	3467	3201
LDpred2	3471	3201
LDpred2	3471	3202
LDpred2	3473	3202
LDpred2	3473	3203
LDpred2	3474	3203
LDpred2	3474	3204
LDpred2	3475	3204
LDpred2	3475	3205
LDpred2	3481	3205
LDpred2	3481	3209
LDpred2	3483	3209
LDpred2	3483	3212
LDpred2	3489	3212
LDpred2	3489	3213
LDpred2	3490	3213
LDpred2	3490	3214
LDpred2	3494	3214
LDpred2	3494	3216
LDpred2	3495	3216
LDpred2	3495	3217
LDpred2	3501	3217
LDpred2	3501	3218
LDpred2	3503	3218
LDpred2	3503	3219
LDpred2	3506	3219
LDpred2	3506	3222
LDpred2	3507	3222
LDpred2	3507	3224
LDpred2	3509	3224
LDpred2	3509	3226
LDpred2	3513	3226
LDpred2	3513	3227
LDpred2	3518	3227
LDpred2	3518	3232
LDpred2	3520	3232
LDpred2	3520	3234
LDpred2	3522	3234
LDpred2	3522	3235
LDpred2	3523	3235
LDpred2	3523	3236
LDpred2	3524	3236
LDpred2	3524	3238
LDpred2	3526	3238
LDpred2	3526	3239
LDpred2	3529	3239
LDpred2	3529	3240
LDpred2	3531	3240
LDpred2	3531	3242
LDpred2	3534	3242
LDpred2	3534	3244
LDpred2	3538	3244
LDpred2	3538	3246
LDpred2	3541	3246
LDpred2	3541	3247
LDpred2	3547	3247
LDpred2	3547	3248
LDpred2	3549	3248
LDpred2	3549	3251
LDpred2	3560	3251
LDpred2	3560	3252
LDpred2	3561	3252
LDpred2	3561	3255
LDpred2	3568	3255
LDpred2	3568	3257
LDpred2	3570	3257
LDpred2	3570	3258
LDpred2	3571	3258
LDpred2	3571	3259
LDpred2	3573	3259
LDpred2	3573	3261
LDpred2	3575	3261
LDpred2	3575	3262
LDpred2	3577	3262
LDpred2	3577	3263
LDpred2	3578	3263
LDpred2	3578	3264
LDpred2	3582	3264
LDpred2	3582	3266
LDpred2	3583	3266
LDpred2	3583	3268
LDpred2	3584	3268
LDpred2	3584	3269
LDpred2	3585	3269
LDpred2	3585	3270
LDpred2	3587	3270
LDpred2	3587	3272
LDpred2	3588	3272
LDpred2	3588	3274
LDpred2	3589	3274
LDpred2	3589	3275
LDpred2	3590	3275
LDpred2	3590	3277
LDpred2	3592	3277
LDpred2	3592	3278
LDpred2	3594	3278
LDpred2	3594	3280
LDpred2	3599	3280
LDpred2	3599	3281
LDpred2	3603	3281
LDpred2	3603	3282
LDpred2	3606	3282
LDpred2	3606	3284
LDpred2	3607	3284
LDpred2	3607	3285
LDpred2	3610	3285
LDpred2	3610	3286
LDpred2	3612	3286
LDpred2	3612	3287
LDpred2	3613	3287
LDpred2	3613	3290
LDpred2	3614	3290
LDpred2	3614	3291
LDpred2	3615	3291
LDpred2	3615	3292
LDpred2	3616	3292
LDpred2	3616	3294
LDpred2	3620	3294
LDpred2	3620	3295
LDpred2	3621	3295
LDpred2	3621	3298
LDpred2	3629	3298
LDpred2	3629	3299
LDpred2	3633	3299
LDpred2	3633	3300
LDpred2	3637	3300
LDpred2	3637	3302
LDpred2	3639	3302
LDpred2	3639	3303
LDpred2	3641	3303
LDpred2	3641	3304
LDpred2	3644	3304
LDpred2	3644	3305
LDpred2	3646	3305
LDpred2	3646	3307
LDpred2	3648	3307
LDpred2	3648	3308
LDpred2	3649	3308
LDpred2	3649	3310
LDpred2	3653	3310
LDpred2	3653	3311
LDpred2	3654	3311
LDpred2	3654	3312
LDpred2	3656	3312
LDpred2	3656	3313
LDpred2	3657	3313
LDpred2	3657	3314
LDpred2	3658	3314
LDpred2	3658	3315
LDpred2	3659	3315
LDpred2	3659	3319
LDpred2	3660	3319
LDpred2	3660	3320
LDpred2	3661	3320
LDpred2	3661	3321
LDpred2	3665	3321
LDpred2	3665	3322
LDpred2	3667	3322
LDpred2	3667	3323
LDpred2	3668	3323
LDpred2	3668	3325
LDpred2	3669	3325
LDpred2	3669	3326
LDpred2	3670	3326
LDpred2	3670	3327
LDpred2	3671	3327
LDpred2	3671	3331
LDpred2	3672	3331
LDpred2	3672	3333
LDpred2	3673	3333
LDpred2	3673	3335
LDpred2	3678	3335
LDpred2	3678	3337
LDpred2	3679	3337
LDpred2	3679	3338
LDpred2	3682	3338
LDpred2	3682	3342
LDpred2	3684	3342
LDpred2	3684	3343
LDpred2	3685	3343
LDpred2	3685	3345
LDpred2	3696	3345
LDpred2	3696	3346
LDpred2	3698	3346
LDpred2	3698	3352
LDpred2	3699	3352
LDpred2	3699	3357
LDpred2	3705	3357
LDpred2	3705	3358
LDpred2	3709	3358
LDpred2	3709	3360
LDpred2	3711	3360
LDpred2	3711	3362
LDpred2	3712	3362
LDpred2	3712	3364
LDpred2	3713	3364
LDpred2	3713	3365
LDpred2	3716	3365
LDpred2	3716	3368
LDpred2	3719	3368
LDpred2	3719	3369
LDpred2	3720	3369
LDpred2	3720	3370
LDpred2	3721	3370
LDpred2	3721	3371
LDpred2	3726	3371
LDpred2	3726	3373
LDpred2	3732	3373
LDpred2	3732	3374
LDpred2	3735	3374
LDpred2	3735	3375
LDpred2	3739	3375
LDpred2	3739	3376
LDpred2	3740	3376
LDpred2	3740	3377
LDpred2	3742	3377
LDpred2	3742	3378
LDpred2	3743	3378
LDpred2	3743	3379
LDpred2	3745	3379
LDpred2	3745	3380
LDpred2	3748	3380
LDpred2	3748	3381
LDpred2	3749	3381
LDpred2	3749	3383
LDpred2	3751	3383
LDpred2	3751	3384
LDpred2	3756	3384
LDpred2	3756	3386
LDpred2	3757	3386
LDpred2	3757	3387
LDpred2	3760	3387
LDpred2	3760	3388
LDpred2	3761	3388
LDpred2	3761	3389
LDpred2	3765	3389
LDpred2	3765	3391
LDpred2	3767	3391
LDpred2	3767	3392
LDpred2	3769	3392
LDpred2	3769	3394
LDpred2	3770	3394
LDpred2	3770	3396
LDpred2	3772	3396
LDpred2	3772	3397
LDpred2	3774	3397
LDpred2	3774	3398
LDpred2	3775	3398
LDpred2	3775	3399
LDpred2	3777	3399
LDpred2	3777	3401
LDpred2	3779	3401
LDpred2	3779	3403
LDpred2	3781	3403
LDpred2	3781	3406
LDpred2	3783	3406
LDpred2	3783	3408
LDpred2	3784	3408
LDpred2	3784	3410
LDpred2	3787	3410
LDpred2	3787	3411
LDpred2	3788	3411
LDpred2	3788	3413
LDpred2	3790	3413
LDpred2	3790	3414
LDpred2	3793	3414
LDpred2	3793	3416
LDpred2	3795	3416
LDpred2	3795	3417
LDpred2	3801	3417
LDpred2	3801	3418
LDpred2	3802	3418
LDpred2	3802	3419
LDpred2	3804	3419
LDpred2	3804	3420
LDpred2	3805	3420
LDpred2	3805	3421
LDpred2	3809	3421
LDpred2	3809	3423
LDpred2	3817	3423
LDpred2	3817	3426
LDpred2	3819	3426
LDpred2	3819	3429
LDpred2	3821	3429
LDpred2	3821	3430
LDpred2	3822	3430
LDpred2	3822	3432
LDpred2	3824	3432
LDpred2	3824	3433
LDpred2	3828	3433
LDpred2	3828	3434
LDpred2	3831	3434
LDpred2	3831	3435
LDpred2	3832	3435
LDpred2	3832	3436
LDpred2	3833	3436
LDpred2	3833	3438
LDpred2	3847	3438
LDpred2	3847	3439
LDpred2	3849	3439
LDpred2	3849	3440
LDpred2	3854	3440
LDpred2	3854	3441
LDpred2	3862	3441
LDpred2	3862	3442
LDpred2	3866	3442
LDpred2	3866	3447
LDpred2	3868	3447
LDpred2	3868	3450
LDpred2	3871	3450
LDpred2	3871	3451
LDpred2	3875	3451
LDpred2	3875	3452
LDpred2	3876	3452
LDpred2	3876	3453
LDpred2	3877	3453
LDpred2	3877	3457
LDpred2	3879	3457
LDpred2	3879	3458
LDpred2	3880	3458
LDpred2	3880	3459
LDpred2	3882	3459
LDpred2	3882	3460
LDpred2	3884	3460
LDpred2	3884	3463
LDpred2	3886	3463
LDpred2	3886	3465
LDpred2	3887	3465
LDpred2	3887	3467
LDpred2	3900	3467
LDpred2	3900	3468
LDpred2	3902	3468
LDpred2	3902	3472
LDpred2	3905	3472
LDpred2	3905	3473
LDpred2	3907	3473
LDpred2	3907	3476
LDpred2	3911	3476
LDpred2	3911	3479
LDpred2	3914	3479
LDpred2	3914	3480
LDpred2	3916	3480
LDpred2	3916	3481
LDpred2	3919	3481
LDpred2	3919	3482
LDpred2	3920	3482
LDpred2	3920	3483
LDpred2	3923	3483
LDpred2	3923	3484
LDpred2	3925	3484
LDpred2	3925	3485
LDpred2	3926	3485
LDpred2	3926	3486
LDpred2	3927	3486
LDpred2	3927	3487
LDpred2	3928	3487
LDpred2	3928	3489
LDpred2	3932	3489
LDpred2	3932	3491
LDpred2	3933	3491
LDpred2	3933	3492
LDpred2	3934	3492
LDpred2	3934	3494
LDpred2	3937	3494
LDpred2	3937	3495
LDpred2	3939	3495
LDpred2	3939	3496
LDpred2	3940	3496
LDpred2	3940	3497
LDpred2	3941	3497
LDpred2	3941	3498
LDpred2	3942	3498
LDpred2	3942	3499
LDpred2	3943	3499
LDpred2	3943	3500
LDpred2	3945	3500
LDpred2	3945	3502
LDpred2	3946	3502
LDpred2	3946	3503
LDpred2	3947	3503
LDpred2	3947	3504
LDpred2	3948	3504
LDpred2	3948	3505
LDpred2	3950	3505
LDpred2	3950	3507
LDpred2	3954	3507
LDpred2	3954	3508
LDpred2	3955	3508
LDpred2	3955	3509
LDpred2	3957	3509
LDpred2	3957	3510
LDpred2	3958	3510
LDpred2	3958	3512
LDpred2	3960	3512
LDpred2	3960	3513
LDpred2	3963	3513
LDpred2	3963	3514
LDpred2	3970	3514
LDpred2	3970	3516
LDpred2	3973	3516
LDpred2	3973	3517
LDpred2	3975	3517
LDpred2	3975	3519
LDpred2	3976	3519
LDpred2	3976	3520
LDpred2	3977	3520
LDpred2	3977	3522
LDpred2	3980	3522
LDpred2	3980	3523
LDpred2	3988	3523
LDpred2	3988	3524
LDpred2	3989	3524
LDpred2	3989	3526
LDpred2	3991	3526
LDpred2	3991	3527
LDpred2	3995	3527
LDpred2	3995	3528
LDpred2	3998	3528
LDpred2	3998	3529
LDpred2	3999	3529
LDpred2	3999	3530
LDpred2	4000	3530
LDpred2	4000	3531
LDpred2	4002	3531
LDpred2	4002	3536
LDpred2	4003	3536
LDpred2	4003	3538
LDpred2	4006	3538
LDpred2	4006	3540
LDpred2	4007	3540
LDpred2	4007	3542
LDpred2	4018	3542
LDpred2	4018	3543
LDpred2	4021	3543
LDpred2	4021	3544
LDpred2	4022	3544
LDpred2	4022	3545
LDpred2	4029	3545
LDpred2	4029	3547
LDpred2	4031	3547
LDpred2	4031	3549
LDpred2	4036	3549
LDpred2	4036	3550
LDpred2	4038	3550
LDpred2	4038	3551
LDpred2	4039	3551
LDpred2	4039	3554
LDpred2	4043	3554
LDpred2	4043	3555
LDpred2	4044	3555
LDpred2	4044	3556
LDpred2	4045	3556
LDpred2	4045	3557
LDpred2	4047	3557
LDpred2	4047	3558
LDpred2	4048	3558
LDpred2	4048	3559
LDpred2	4049	3559
LDpred2	4049	3561
LDpred2	4053	3561
LDpred2	4053	3562
LDpred2	4061	3562
LDpred2	4061	3563
LDpred2	4062	3563
LDpred2	4062	3564
LDpred2	4065	3564
LDpred2	4065	3566
LDpred2	4068	3566
LDpred2	4068	3568
LDpred2	4069	3568
LDpred2	4069	3569
LDpred2	4070	3569
LDpred2	4070	3571
LDpred2	4072	3571
LDpred2	4072	3573
LDpred2	4073	3573
LDpred2	4073	3574
LDpred2	4074	3574
LDpred2	4074	3575
LDpred2	4077	3575
LDpred2	4077	3576
LDpred2	4079	3576
LDpred2	4079	3577
LDpred2	4080	3577
LDpred2	4080	3578
LDpred2	4082	3578
LDpred2	4082	3579
LDpred2	4091	3579
LDpred2	4091	3580
LDpred2	4099	3580
LDpred2	4099	3582
LDpred2	4101	3582
LDpred2	4101	3584
LDpred2	4106	3584
LDpred2	4106	3585
LDpred2	4108	3585
LDpred2	4108	3586
LDpred2	4113	3586
LDpred2	4113	3587
LDpred2	4116	3587
LDpred2	4116	3588
LDpred2	4121	3588
LDpred2	4121	3590
LDpred2	4125	3590
LDpred2	4125	3591
LDpred2	4126	3591
LDpred2	4126	3592
LDpred2	4127	3592
LDpred2	4127	3593
LDpred2	4131	3593
LDpred2	4131	3594
LDpred2	4136	3594
LDpred2	4136	3597
LDpred2	4137	3597
SDPR	0	0
SDPR	0	1
SDPR	0	2
SDPR	1	2
SDPR	1	8
SDPR	3	8
SDPR	3	10
SDPR	4	10
SDPR	4	12
SDPR	5	12
SDPR	5	14
SDPR	6	14
SDPR	6	22
SDPR	8	22
SDPR	8	32
SDPR	9	32
SDPR	9	35
SDPR	10	35
SDPR	10	43
SDPR	13	43
SDPR	13	45
SDPR	14	45
SDPR	14	47
SDPR	15	47
SDPR	15	50
SDPR	17	50
SDPR	17	59
SDPR	18	59
SDPR	18	63
SDPR	19	63
SDPR	19	66
SDPR	20	66
SDPR	20	69
SDPR	21	69
SDPR	21	75
SDPR	22	75
SDPR	22	80
SDPR	24	80
SDPR	24	81
SDPR	25	81
SDPR	25	83
SDPR	26	83
SDPR	26	84
SDPR	29	84
SDPR	29	85
SDPR	30	85
SDPR	30	86
SDPR	31	86
SDPR	31	89
SDPR	32	89
SDPR	32	95
SDPR	34	95
SDPR	34	106
SDPR	35	106
SDPR	35	110
SDPR	37	110
SDPR	37	111
SDPR	38	111
SDPR	38	114
SDPR	39	114
SDPR	39	115
SDPR	40	115
SDPR	40	117
SDPR	44	117
SDPR	44	119
SDPR	45	119
SDPR	45	120
SDPR	47	120
SDPR	47	122
SDPR	48	122
SDPR	48	124
SDPR	52	124
SDPR	52	127
SDPR	53	127
SDPR	53	131
SDPR	54	131
SDPR	54	137
SDPR	56	137
SDPR	56	142
SDPR	57	142
SDPR	57	146
SDPR	59	146
SDPR	59	148
SDPR	60	148
SDPR	60	149
SDPR	61	149
SDPR	61	182
SDPR	62	182
SDPR	62	183
SDPR	63	183
SDPR	63	184
SDPR	65	184
SDPR	65	186
SDPR	66	186
SDPR	66	189
SDPR	67	189
SDPR	67	195
SDPR	69	195
SDPR	69	196
SDPR	70	196
SDPR	70	200
SDPR	71	200
SDPR	71	203
SDPR	72	203
SDPR	72	211
SDPR	74	211
SDPR	74	212
SDPR	75	212
SDPR	75	213
SDPR	77	213
SDPR	77	216
SDPR	78	216
SDPR	78	222
SDPR	79	222
SDPR	79	232
SDPR	80	232
SDPR	80	235
SDPR	81	235
SDPR	81	236
SDPR	83	236
SDPR	83	239
SDPR	85	239
SDPR	85	240
SDPR	86	240
SDPR	86	243
SDPR	87	243
SDPR	87	249
SDPR	88	249
SDPR	88	255
SDPR	90	255
SDPR	90	260
SDPR	91	260
SDPR	91	268
SDPR	92	268
SDPR	92	270
SDPR	93	270
SDPR	93	271
SDPR	94	271
SDPR	94	272
SDPR	95	272
SDPR	95	278
SDPR	99	278
SDPR	99	279
SDPR	101	279
SDPR	101	280
SDPR	104	280
SDPR	104	283
SDPR	105	283
SDPR	105	286
SDPR	106	286
SDPR	106	290
SDPR	107	290
SDPR	107	291
SDPR	109	291
SDPR	109	292
SDPR	111	292
SDPR	111	296
SDPR	112	296
SDPR	112	297
SDPR	113	297
SDPR	113	299
SDPR	114	299
SDPR	114	306
SDPR	115	306
SDPR	115	307
SDPR	116	307
SDPR	116	308
SDPR	117	308
SDPR	117	312
SDPR	118	312
SDPR	118	316
SDPR	120	316
SDPR	120	318
SDPR	121	318
SDPR	121	321
SDPR	122	321
SDPR	122	329
SDPR	123	329
SDPR	123	330
SDPR	125	330
SDPR	125	331
SDPR	128	331
SDPR	128	337
SDPR	130	337
SDPR	130	340
SDPR	131	340
SDPR	131	343
SDPR	134	343
SDPR	134	345
SDPR	136	345
SDPR	136	346
SDPR	138	346
SDPR	138	349
SDPR	139	349
SDPR	139	350
SDPR	140	350
SDPR	140	352
SDPR	141	352
SDPR	141	353
SDPR	142	353
SDPR	142	357
SDPR	146	357
SDPR	146	359
SDPR	147	359
SDPR	147	361
SDPR	149	361
SDPR	149	365
SDPR	150	365
SDPR	150	366
SDPR	151	366
SDPR	151	367
SDPR	154	367
SDPR	154	368
SDPR	155	368
SDPR	155	370
SDPR	157	370
SDPR	157	372
SDPR	158	372
SDPR	158	373
SDPR	159	373
SDPR	159	375
SDPR	160	375
SDPR	160	382
SDPR	161	382
SDPR	161	385
SDPR	162	385
SDPR	162	386
SDPR	163	386
SDPR	163	389
SDPR	164	389
SDPR	164	392
SDPR	166	392
SDPR	166	393
SDPR	168	393
SDPR	168	397
SDPR	170	397
SDPR	170	398
SDPR	171	398
SDPR	171	400
SDPR	172	400
SDPR	172	402
SDPR	173	402
SDPR	173	403
SDPR	176	403
SDPR	176	404
SDPR	177	404
SDPR	177	405
SDPR	178	405
SDPR	178	409
SDPR	179	409
SDPR	179	415
SDPR	180	415
SDPR	180	417
SDPR	183	417
SDPR	183	420
SDPR	184	420
SDPR	184	425
SDPR	185	425
SDPR	185	427
SDPR	186	427
SDPR	186	429
SDPR	188	429
SDPR	188	431
SDPR	189	431
SDPR	189	437
SDPR	190	437
SDPR	190	438
SDPR	192	438
SDPR	192	440
SDPR	194	440
SDPR	194	441
SDPR	195	441
SDPR	195	445
SDPR	196	445
SDPR	196	446
SDPR	197	446
SDPR	197	447
SDPR	198	447
SDPR	198	453
SDPR	199	453
SDPR	199	458
SDPR	201	458
SDPR	201	461
SDPR	202	461
SDPR	202	464
SDPR	204	464
SDPR	204	465
SDPR	206	465
SDPR	206	466
SDPR	209	466
SDPR	209	470
SDPR	211	470
SDPR	211	471
SDPR	212	471
SDPR	212	472
SDPR	213	472
SDPR	213	473
SDPR	217	473
SDPR	217	475
SDPR	218	475
SDPR	218	477
SDPR	220	477
SDPR	220	480
SDPR	223	480
SDPR	223	483
SDPR	227	483
SDPR	227	484
SDPR	228	484
SDPR	228	485
SDPR	233	485
SDPR	233	487
SDPR	234	487
SDPR	234	498
SDPR	237	498
SDPR	237	501
SDPR	239	501
SDPR	239	506
SDPR	243	506
SDPR	243	507
SDPR	245	507
SDPR	245	509
SDPR	248	509
SDPR	248	510
SDPR	250	510
SDPR	250	511
SDPR	252	511
SDPR	252	512
SDPR	254	512
SDPR	254	513
SDPR	256	513
SDPR	256	516
SDPR	257	516
SDPR	257	522
SDPR	258	522
SDPR	258	525
SDPR	259	525
SDPR	259	529
SDPR	260	529
SDPR	260	532
SDPR	261	532
SDPR	261	537
SDPR	265	537
SDPR	265	541
SDPR	267	541
SDPR	267	543
SDPR	268	543
SDPR	268	544
SDPR	270	544
SDPR	270	548
SDPR	273	548
SDPR	273	559
SDPR	274	559
SDPR	274	561
SDPR	275	561
SDPR	275	564
SDPR	277	564
SDPR	277	566
SDPR	279	566
SDPR	279	568
SDPR	280	568
SDPR	280	570
SDPR	283	570
SDPR	283	572
SDPR	285	572
SDPR	285	573
SDPR	288	573
SDPR	288	575
SDPR	289	575
SDPR	289	576
SDPR	290	576
SDPR	290	584
SDPR	291	584
SDPR	291	586
SDPR	293	586
SDPR	293	588
SDPR	295	588
SDPR	295	590
SDPR	296	590
SDPR	296	594
SDPR	297	594
SDPR	297	596
SDPR	298	596
SDPR	298	597
SDPR	300	597
SDPR	300	598
SDPR	305	598
SDPR	305	599
SDPR	306	599
SDPR	306	600
SDPR	307	600
SDPR	307	601
SDPR	309	601
SDPR	309	602
SDPR	312	602
SDPR	312	603
SDPR	313	603
SDPR	313	604
SDPR	314	604
SDPR	314	605
SDPR	315	605
SDPR	315	606
SDPR	316	606
SDPR	316	610
SDPR	317	610
SDPR	317	611
SDPR	320	611
SDPR	320	613
SDPR	321	613
SDPR	321	615
SDPR	322	615
SDPR	322	620
SDPR	323	620
SDPR	323	621
SDPR	325	621
SDPR	325	622
SDPR	326	622
SDPR	326	623
SDPR	328	623
SDPR	328	624
SDPR	332	624
SDPR	332	626
SDPR	337	626
SDPR	337	627
SDPR	342	627
SDPR	342	632
SDPR	345	632
SDPR	345	636
SDPR	346	636
SDPR	346	638
SDPR	349	638
SDPR	349	639
SDPR	350	639
SDPR	350	645
SDPR	353	645
SDPR	353	649
SDPR	354	649
SDPR	354	650
SDPR	355	650
SDPR	355	651
SDPR	356	651
SDPR	356	655
SDPR	358	655
SDPR	358	657
SDPR	360	657
SDPR	360	658
SDPR	362	658
SDPR	362	661
SDPR	363	661
SDPR	363	662
SDPR	364	662
SDPR	364	664
SDPR	365	664
SDPR	365	666
SDPR	367	666
SDPR	367	667
SDPR	368	667
SDPR	368	669
SDPR	369	669
SDPR	369	671
SDPR	370	671
SDPR	370	673
SDPR	376	673
SDPR	376	681
SDPR	377	681
SDPR	377	686
SDPR	378	686
SDPR	378	692
SDPR	383	692
SDPR	383	693
SDPR	384	693
SDPR	384	694
SDPR	389	694
SDPR	389	695
SDPR	390	695
SDPR	390	697
SDPR	391	697
SDPR	391	703
SDPR	392	703
SDPR	392	704
SDPR	397	704
SDPR	397	706
SDPR	400	706
SDPR	400	707
SDPR	401	707
SDPR	401	709
SDPR	402	709
SDPR	402	710
SDPR	405	710
SDPR	405	715
SDPR	406	715
SDPR	406	717
SDPR	408	717
SDPR	408	718
SDPR	409	718
SDPR	409	721
SDPR	411	721
SDPR	411	723
SDPR	412	723
SDPR	412	724
SDPR	413	724
SDPR	413	727
SDPR	414	727
SDPR	414	728
SDPR	415	728
SDPR	415	729
SDPR	416	729
SDPR	416	731
SDPR	419	731
SDPR	419	732
SDPR	420	732
SDPR	420	736
SDPR	422	736
SDPR	422	737
SDPR	423	737
SDPR	423	740
SDPR	425	740
SDPR	425	741
SDPR	427	741
SDPR	427	742
SDPR	428	742
SDPR	428	743
SDPR	434	743
SDPR	434	745
SDPR	435	745
SDPR	435	746
SDPR	437	746
SDPR	437	747
SDPR	438	747
SDPR	438	748
SDPR	440	748
SDPR	440	749
SDPR	442	749
SDPR	442	750
SDPR	445	750
SDPR	445	751
SDPR	446	751
SDPR	446	752
SDPR	447	752
SDPR	447	753
SDPR	448	753
SDPR	448	755
SDPR	449	755
SDPR	449	758
SDPR	451	758
SDPR	451	759
SDPR	456	759
SDPR	456	760
SDPR	457	760
SDPR	457	763
SDPR	458	763
SDPR	458	764
SDPR	459	764
SDPR	459	767
SDPR	460	767
SDPR	460	768
SDPR	463	768
SDPR	463	770
SDPR	464	770
SDPR	464	772
SDPR	466	772
SDPR	466	773
SDPR	467	773
SDPR	467	774
SDPR	469	774
SDPR	469	775
SDPR	470	775
SDPR	470	776
SDPR	472	776
SDPR	472	777
SDPR	473	777
SDPR	473	779
SDPR	476	779
SDPR	476	782
SDPR	477	782
SDPR	477	783
SDPR	479	783
SDPR	479	784
SDPR	482	784
SDPR	482	786
SDPR	483	786
SDPR	483	788
SDPR	484	788
SDPR	484	790
SDPR	485	790
SDPR	485	791
SDPR	486	791
SDPR	486	793
SDPR	487	793
SDPR	487	796
SDPR	488	796
SDPR	488	797
SDPR	492	797
SDPR	492	798
SDPR	497	798
SDPR	497	801
SDPR	500	801
SDPR	500	803
SDPR	503	803
SDPR	503	809
SDPR	506	809
SDPR	506	811
SDPR	508	811
SDPR	508	813
SDPR	510	813
SDPR	510	817
SDPR	511	817
SDPR	511	821
SDPR	512	821
SDPR	512	823
SDPR	516	823
SDPR	516	825
SDPR	517	825
SDPR	517	826
SDPR	519	826
SDPR	519	828
SDPR	520	828
SDPR	520	830
SDPR	521	830
SDPR	521	834
SDPR	522	834
SDPR	522	835
SDPR	524	835
SDPR	524	839
SDPR	526	839
SDPR	526	840
SDPR	527	840
SDPR	527	841
SDPR	528	841
SDPR	528	843
SDPR	529	843
SDPR	529	846
SDPR	531	846
SDPR	531	848
SDPR	532	848
SDPR	532	850
SDPR	539	850
SDPR	539	851
SDPR	541	851
SDPR	541	854
SDPR	542	854
SDPR	542	855
SDPR	543	855
SDPR	543	856
SDPR	544	856
SDPR	544	857
SDPR	545	857
SDPR	545	858
SDPR	547	858
SDPR	547	859
SDPR	548	859
SDPR	548	861
SDPR	549	861
SDPR	549	862
SDPR	550	862
SDPR	550	863
SDPR	551	863
SDPR	551	864
SDPR	552	864
SDPR	552	866
SDPR	554	866
SDPR	554	867
SDPR	555	867
SDPR	555	872
SDPR	556	872
SDPR	556	877
SDPR	557	877
SDPR	557	879
SDPR	558	879
SDPR	558	881
SDPR	559	881
SDPR	559	883
SDPR	561	883
SDPR	561	888
SDPR	562	888
SDPR	562	893
SDPR	568	893
SDPR	568	895
SDPR	572	895
SDPR	572	896
SDPR	574	896
SDPR	574	902
SDPR	575	902
SDPR	575	905
SDPR	578	905
SDPR	578	906
SDPR	580	906
SDPR	580	909
SDPR	581	909
SDPR	581	911
SDPR	582	911
SDPR	582	914
SDPR	583	914
SDPR	583	920
SDPR	584	920
SDPR	584	921
SDPR	585	921
SDPR	585	924
SDPR	586	924
SDPR	586	926
SDPR	587	926
SDPR	587	928
SDPR	588	928
SDPR	588	929
SDPR	589	929
SDPR	589	931
SDPR	592	931
SDPR	592	936
SDPR	593	936
SDPR	593	938
SDPR	594	938
SDPR	594	943
SDPR	595	943
SDPR	595	944
SDPR	598	944
SDPR	598	946
SDPR	599	946
SDPR	599	947
SDPR	600	947
SDPR	600	949
SDPR	601	949
SDPR	601	950
SDPR	604	950
SDPR	604	951
SDPR	606	951
SDPR	606	954
SDPR	607	954
SDPR	607	956
SDPR	608	956
SDPR	608	961
SDPR	609	961
SDPR	609	966
SDPR	614	966
SDPR	614	968
SDPR	615	968
SDPR	615	969
SDPR	616	969
SDPR	616	970
SDPR	618	970
SDPR	618	974
SDPR	620	974
SDPR	620	975
SDPR	621	975
SDPR	621	976
SDPR	622	976
SDPR	622	978
SDPR	623	978
SDPR	623	980
SDPR	627	980
SDPR	627	982
SDPR	628	982
SDPR	628	986
SDPR	629	986
SDPR	629	988
SDPR	633	988
SDPR	633	991
SDPR	635	991
SDPR	635	992
SDPR	636	992
SDPR	636	993
SDPR	637	993
SDPR	637	1001
SDPR	638	1001
SDPR	638	1002
SDPR	639	1002
SDPR	639	1003
SDPR	640	1003
SDPR	640	1005
SDPR	642	1005
SDPR	642	1006
SDPR	643	1006
SDPR	643	1007
SDPR	645	1007
SDPR	645	1008
SDPR	646	1008
SDPR	646	1011
SDPR	648	1011
SDPR	648	1015
SDPR	649	1015
SDPR	649	1019
SDPR	652	1019
SDPR	652	1020
SDPR	653	1020
SDPR	653	1025
SDPR	655	1025
SDPR	655	1026
SDPR	656	1026
SDPR	656	1027
SDPR	657	1027
SDPR	657	1028
SDPR	658	1028
SDPR	658	1030
SDPR	659	1030
SDPR	659	1036
SDPR	661	1036
SDPR	661	1037
SDPR	664	1037
SDPR	664	1039
SDPR	669	1039
SDPR	669	1041
SDPR	671	1041
SDPR	671	1046
SDPR	672	1046
SDPR	672	1047
SDPR	673	1047
SDPR	673	1048
SDPR	674	1048
SDPR	674	1054
SDPR	677	1054
SDPR	677	1056
SDPR	678	1056
SDPR	678	1058
SDPR	679	1058
SDPR	679	1059
SDPR	680	1059
SDPR	680	1062
SDPR	681	1062
SDPR	681	1070
SDPR	682	1070
SDPR	682	1071
SDPR	683	1071
SDPR	683	1075
SDPR	684	1075
SDPR	684	1076
SDPR	686	1076
SDPR	686	1077
SDPR	687	1077
SDPR	687	1078
SDPR	688	1078
SDPR	688	1081
SDPR	693	1081
SDPR	693	1082
SDPR	694	1082
SDPR	694	1084
SDPR	695	1084
SDPR	695	1085
SDPR	696	1085
SDPR	696	1086
SDPR	697	1086
SDPR	697	1089
SDPR	698	1089
SDPR	698	1090
SDPR	701	1090
SDPR	701	1092
SDPR	702	1092
SDPR	702	1093
SDPR	703	1093
SDPR	703	1098
SDPR	705	1098
SDPR	705	1100
SDPR	708	1100
SDPR	708	1103
SDPR	709	1103
SDPR	709	1104
SDPR	710	1104
SDPR	710	1108
SDPR	711	1108
SDPR	711	1110
SDPR	716	1110
SDPR	716	1111
SDPR	719	1111
SDPR	719	1112
SDPR	720	1112
SDPR	720	1113
SDPR	723	1113
SDPR	723	1115
SDPR	724	1115
SDPR	724	1118
SDPR	726	1118
SDPR	726	1119
SDPR	727	1119
SDPR	727	1122
SDPR	728	1122
SDPR	728	1123
SDPR	730	1123
SDPR	730	1124
SDPR	731	1124
SDPR	731	1136
SDPR	732	1136
SDPR	732	1137
SDPR	735	1137
SDPR	735	1138
SDPR	736	1138
SDPR	736	1140
SDPR	738	1140
SDPR	738	1141
SDPR	740	1141
SDPR	740	1142
SDPR	741	1142
SDPR	741	1145
SDPR	742	1145
SDPR	742	1149
SDPR	744	1149
SDPR	744	1150
SDPR	745	1150
SDPR	745	1151
SDPR	746	1151
SDPR	746	1153
SDPR	747	1153
SDPR	747	1157
SDPR	748	1157
SDPR	748	1161
SDPR	751	1161
SDPR	751	1165
SDPR	752	1165
SDPR	752	1166
SDPR	753	1166
SDPR	753	1167
SDPR	754	1167
SDPR	754	1168
SDPR	756	1168
SDPR	756	1169
SDPR	758	1169
SDPR	758	1173
SDPR	759	1173
SDPR	759	1174
SDPR	762	1174
SDPR	762	1179
SDPR	763	1179
SDPR	763	1183
SDPR	765	1183
SDPR	765	1186
SDPR	766	1186
SDPR	766	1187
SDPR	767	1187
SDPR	767	1188
SDPR	769	1188
SDPR	769	1189
SDPR	770	1189
SDPR	770	1191
SDPR	772	1191
SDPR	772	1195
SDPR	773	1195
SDPR	773	1196
SDPR	775	1196
SDPR	775	1199
SDPR	776	1199
SDPR	776	1202
SDPR	778	1202
SDPR	778	1204
SDPR	781	1204
SDPR	781	1208
SDPR	782	1208
SDPR	782	1210
SDPR	783	1210
SDPR	783	1211
SDPR	784	1211
SDPR	784	1214
SDPR	785	1214
SDPR	785	1216
SDPR	786	1216
SDPR	786	1221
SDPR	787	1221
SDPR	787	1223
SDPR	788	1223
SDPR	788	1224
SDPR	792	1224
SDPR	792	1225
SDPR	794	1225
SDPR	794	1228
SDPR	799	1228
SDPR	799	1231
SDPR	801	1231
SDPR	801	1232
SDPR	802	1232
SDPR	802	1234
SDPR	803	1234
SDPR	803	1235
SDPR	805	1235
SDPR	805	1238
SDPR	807	1238
SDPR	807	1240
SDPR	809	1240
SDPR	809	1241
SDPR	812	1241
SDPR	812	1242
SDPR	813	1242
SDPR	813	1248
SDPR	815	1248
SDPR	815	1249
SDPR	817	1249
SDPR	817	1251
SDPR	819	1251
SDPR	819	1253
SDPR	820	1253
SDPR	820	1255
SDPR	822	1255
SDPR	822	1258
SDPR	823	1258
SDPR	823	1261
SDPR	825	1261
SDPR	825	1262
SDPR	826	1262
SDPR	826	1265
SDPR	827	1265
SDPR	827	1268
SDPR	829	1268
SDPR	829	1269
SDPR	831	1269
SDPR	831	1271
SDPR	832	1271
SDPR	832	1273
SDPR	833	1273
SDPR	833	1275
SDPR	834	1275
SDPR	834	1277
SDPR	835	1277
SDPR	835	1282
SDPR	836	1282
SDPR	836	1285
SDPR	837	1285
SDPR	837	1291
SDPR	838	1291
SDPR	838	1293
SDPR	839	1293
SDPR	839	1294
SDPR	841	1294
SDPR	841	1296
SDPR	842	1296
SDPR	842	1297
SDPR	844	1297
SDPR	844	1302
SDPR	849	1302
SDPR	849	1303
SDPR	851	1303
SDPR	851	1304
SDPR	852	1304
SDPR	852	1305
SDPR	853	1305
SDPR	853	1307
SDPR	856	1307
SDPR	856	1308
SDPR	858	1308
SDPR	858	1310
SDPR	859	1310
SDPR	859	1312
SDPR	861	1312
SDPR	861	1313
SDPR	862	1313
SDPR	862	1315
SDPR	863	1315
SDPR	863	1321
SDPR	865	1321
SDPR	865	1326
SDPR	866	1326
SDPR	866	1327
SDPR	869	1327
SDPR	869	1330
SDPR	871	1330
SDPR	871	1332
SDPR	874	1332
SDPR	874	1334
SDPR	875	1334
SDPR	875	1340
SDPR	877	1340
SDPR	877	1342
SDPR	878	1342
SDPR	878	1345
SDPR	879	1345
SDPR	879	1348
SDPR	880	1348
SDPR	880	1352
SDPR	881	1352
SDPR	881	1353
SDPR	883	1353
SDPR	883	1355
SDPR	885	1355
SDPR	885	1356
SDPR	887	1356
SDPR	887	1359
SDPR	890	1359
SDPR	890	1363
SDPR	891	1363
SDPR	891	1372
SDPR	892	1372
SDPR	892	1373
SDPR	894	1373
SDPR	894	1375
SDPR	895	1375
SDPR	895	1376
SDPR	896	1376
SDPR	896	1379
SDPR	900	1379
SDPR	900	1381
SDPR	902	1381
SDPR	902	1382
SDPR	903	1382
SDPR	903	1383
SDPR	906	1383
SDPR	906	1385
SDPR	908	1385
SDPR	908	1386
SDPR	910	1386
SDPR	910	1387
SDPR	912	1387
SDPR	912	1390
SDPR	913	1390
SDPR	913	1392
SDPR	914	1392
SDPR	914	1397
SDPR	916	1397
SDPR	916	1400
SDPR	918	1400
SDPR	918	1401
SDPR	919	1401
SDPR	919	1402
SDPR	920	1402
SDPR	920	1403
SDPR	923	1403
SDPR	923	1406
SDPR	924	1406
SDPR	924	1409
SDPR	925	1409
SDPR	925	1411
SDPR	926	1411
SDPR	926	1414
SDPR	927	1414
SDPR	927	1415
SDPR	928	1415
SDPR	928	1416
SDPR	931	1416
SDPR	931	1419
SDPR	933	1419
SDPR	933	1424
SDPR	937	1424
SDPR	937	1427
SDPR	940	1427
SDPR	940	1428
SDPR	941	1428
SDPR	941	1432
SDPR	942	1432
SDPR	942	1435
SDPR	943	1435
SDPR	943	1436
SDPR	944	1436
SDPR	944	1437
SDPR	947	1437
SDPR	947	1441
SDPR	949	1441
SDPR	949	1444
SDPR	950	1444
SDPR	950	1447
SDPR	951	1447
SDPR	951	1448
SDPR	954	1448
SDPR	954	1452
SDPR	955	1452
SDPR	955	1453
SDPR	959	1453
SDPR	959	1454
SDPR	960	1454
SDPR	960	1455
SDPR	963	1455
SDPR	963	1459
SDPR	965	1459
SDPR	965	1462
SDPR	966	1462
SDPR	966	1465
SDPR	968	1465
SDPR	968	1466
SDPR	969	1466
SDPR	969	1467
SDPR	971	1467
SDPR	971	1468
SDPR	973	1468
SDPR	973	1470
SDPR	974	1470
SDPR	974	1471
SDPR	976	1471
SDPR	976	1473
SDPR	977	1473
SDPR	977	1475
SDPR	982	1475
SDPR	982	1484
SDPR	984	1484
SDPR	984	1485
SDPR	989	1485
SDPR	989	1489
SDPR	990	1489
SDPR	990	1490
SDPR	991	1490
SDPR	991	1492
SDPR	992	1492
SDPR	992	1493
SDPR	994	1493
SDPR	994	1496
SDPR	996	1496
SDPR	996	1499
SDPR	998	1499
SDPR	998	1500
SDPR	999	1500
SDPR	999	1502
SDPR	1000	1502
SDPR	1000	1504
SDPR	1002	1504
SDPR	1002	1505
SDPR	1005	1505
SDPR	1005	1506
SDPR	1007	1506
SDPR	1007	1508
SDPR	1009	1508
SDPR	1009	1512
SDPR	1013	1512
SDPR	1013	1514
SDPR	1014	1514
SDPR	1014	1515
SDPR	1016	1515
SDPR	1016	1516
SDPR	1017	1516
SDPR	1017	1517
SDPR	1018	1517
SDPR	1018	1519
SDPR	1019	1519
SDPR	1019	1523
SDPR	1025	1523
SDPR	1025	1524
SDPR	1027	1524
SDPR	1027	1526
SDPR	1029	1526
SDPR	1029	1528
SDPR	1031	1528
SDPR	1031	1529
SDPR	1034	1529
SDPR	1034	1532
SDPR	1035	1532
SDPR	1035	1533
SDPR	1037	1533
SDPR	1037	1534
SDPR	1038	1534
SDPR	1038	1539
SDPR	1039	1539
SDPR	1039	1540
SDPR	1040	1540
SDPR	1040	1550
SDPR	1042	1550
SDPR	1042	1552
SDPR	1043	1552
SDPR	1043	1553
SDPR	1044	1553
SDPR	1044	1555
SDPR	1048	1555
SDPR	1048	1557
SDPR	1049	1557
SDPR	1049	1560
SDPR	1050	1560
SDPR	1050	1562
SDPR	1051	1562
SDPR	1051	1563
SDPR	1052	1563
SDPR	1052	1564
SDPR	1055	1564
SDPR	1055	1565
SDPR	1056	1565
SDPR	1056	1566
SDPR	1057	1566
SDPR	1057	1567
SDPR	1058	1567
SDPR	1058	1571
SDPR	1059	1571
SDPR	1059	1574
SDPR	1060	1574
SDPR	1060	1575
SDPR	1066	1575
SDPR	1066	1577
SDPR	1074	1577
SDPR	1074	1581
SDPR	1075	1581
SDPR	1075	1583
SDPR	1076	1583
SDPR	1076	1584
SDPR	1077	1584
SDPR	1077	1587
SDPR	1079	1587
SDPR	1079	1588
SDPR	1080	1588
SDPR	1080	1589
SDPR	1081	1589
SDPR	1081	1590
SDPR	1082	1590
SDPR	1082	1591
SDPR	1087	1591
SDPR	1087	1592
SDPR	1089	1592
SDPR	1089	1593
SDPR	1091	1593
SDPR	1091	1599
SDPR	1093	1599
SDPR	1093	1601
SDPR	1094	1601
SDPR	1094	1605
SDPR	1096	1605
SDPR	1096	1608
SDPR	1097	1608
SDPR	1097	1609
SDPR	1101	1609
SDPR	1101	1612
SDPR	1105	1612
SDPR	1105	1613
SDPR	1106	1613
SDPR	1106	1614
SDPR	1109	1614
SDPR	1109	1615
SDPR	1110	1615
SDPR	1110	1616
SDPR	1113	1616
SDPR	1113	1618
SDPR	1115	1618
SDPR	1115	1620
SDPR	1116	1620
SDPR	1116	1621
SDPR	1119	1621
SDPR	1119	1622
SDPR	1120	1622
SDPR	1120	1623
SDPR	1124	1623
SDPR	1124	1625
SDPR	1125	1625
SDPR	1125	1626
SDPR	1126	1626
SDPR	1126	1632
SDPR	1127	1632
SDPR	1127	1633
SDPR	1129	1633
SDPR	1129	1634
SDPR	1130	1634
SDPR	1130	1637
SDPR	1131	1637
SDPR	1131	1639
SDPR	1132	1639
SDPR	1132	1640
SDPR	1135	1640
SDPR	1135	1641
SDPR	1137	1641
SDPR	1137	1642
SDPR	1138	1642
SDPR	1138	1643
SDPR	1140	1643
SDPR	1140	1644
SDPR	1151	1644
SDPR	1151	1650
SDPR	1152	1650
SDPR	1152	1653
SDPR	1154	1653
SDPR	1154	1656
SDPR	1156	1656
SDPR	1156	1662
SDPR	1157	1662
SDPR	1157	1667
SDPR	1165	1667
SDPR	1165	1668
SDPR	1166	1668
SDPR	1166	1670
SDPR	1168	1670
SDPR	1168	1676
SDPR	1169	1676
SDPR	1169	1677
SDPR	1172	1677
SDPR	1172	1678
SDPR	1174	1678
SDPR	1174	1679
SDPR	1176	1679
SDPR	1176	1680
SDPR	1177	1680
SDPR	1177	1681
SDPR	1178	1681
SDPR	1178	1689
SDPR	1179	1689
SDPR	1179	1690
SDPR	1181	1690
SDPR	1181	1691
SDPR	1182	1691
SDPR	1182	1692
SDPR	1183	1692
SDPR	1183	1693
SDPR	1184	1693
SDPR	1184	1696
SDPR	1185	1696
SDPR	1185	1697
SDPR	1188	1697
SDPR	1188	1698
SDPR	1189	1698
SDPR	1189	1699
SDPR	1190	1699
SDPR	1190	1702
SDPR	1191	1702
SDPR	1191	1703
SDPR	1192	1703
SDPR	1192	1704
SDPR	1194	1704
SDPR	1194	1710
SDPR	1195	1710
SDPR	1195	1711
SDPR	1196	1711
SDPR	1196	1714
SDPR	1197	1714
SDPR	1197	1718
SDPR	1200	1718
SDPR	1200	1722
SDPR	1203	1722
SDPR	1203	1723
SDPR	1206	1723
SDPR	1206	1726
SDPR	1207	1726
SDPR	1207	1727
SDPR	1211	1727
SDPR	1211	1728
SDPR	1212	1728
SDPR	1212	1729
SDPR	1219	1729
SDPR	1219	1732
SDPR	1220	1732
SDPR	1220	1733
SDPR	1222	1733
SDPR	1222	1736
SDPR	1224	1736
SDPR	1224	1737
SDPR	1230	1737
SDPR	1230	1739
SDPR	1232	1739
SDPR	1232	1740
SDPR	1237	1740
SDPR	1237	1741
SDPR	1241	1741
SDPR	1241	1742
SDPR	1242	1742
SDPR	1242	1744
SDPR	1245	1744
SDPR	1245	1745
SDPR	1248	1745
SDPR	1248	1748
SDPR	1250	1748
SDPR	1250	1749
SDPR	1254	1749
SDPR	1254	1750
SDPR	1259	1750
SDPR	1259	1752
SDPR	1261	1752
SDPR	1261	1753
SDPR	1262	1753
SDPR	1262	1756
SDPR	1263	1756
SDPR	1263	1757
SDPR	1264	1757
SDPR	1264	1758
SDPR	1265	1758
SDPR	1265	1761
SDPR	1268	1761
SDPR	1268	1762
SDPR	1269	1762
SDPR	1269	1763
SDPR	1270	1763
SDPR	1270	1765
SDPR	1271	1765
SDPR	1271	1766
SDPR	1272	1766
SDPR	1272	1767
SDPR	1277	1767
SDPR	1277	1770
SDPR	1278	1770
SDPR	1278	1771
SDPR	1279	1771
SDPR	1279	1774
SDPR	1282	1774
SDPR	1282	1775
SDPR	1285	1775
SDPR	1285	1777
SDPR	1286	1777
SDPR	1286	1778
SDPR	1289	1778
SDPR	1289	1779
SDPR	1291	1779
SDPR	1291	1780
SDPR	1292	1780
SDPR	1292	1781
SDPR	1295	1781
SDPR	1295	1782
SDPR	1297	1782
SDPR	1297	1784
SDPR	1300	1784
SDPR	1300	1786
SDPR	1301	1786
SDPR	1301	1787
SDPR	1303	1787
SDPR	1303	1788
SDPR	1304	1788
SDPR	1304	1789
SDPR	1305	1789
SDPR	1305	1790
SDPR	1306	1790
SDPR	1306	1794
SDPR	1309	1794
SDPR	1309	1796
SDPR	1310	1796
SDPR	1310	1798
SDPR	1312	1798
SDPR	1312	1799
SDPR	1313	1799
SDPR	1313	1801
SDPR	1318	1801
SDPR	1318	1802
SDPR	1328	1802
SDPR	1328	1803
SDPR	1329	1803
SDPR	1329	1805
SDPR	1330	1805
SDPR	1330	1808
SDPR	1334	1808
SDPR	1334	1810
SDPR	1336	1810
SDPR	1336	1812
SDPR	1338	1812
SDPR	1338	1816
SDPR	1341	1816
SDPR	1341	1818
SDPR	1344	1818
SDPR	1344	1819
SDPR	1345	1819
SDPR	1345	1820
SDPR	1348	1820
SDPR	1348	1821
SDPR	1350	1821
SDPR	1350	1823
SDPR	1351	1823
SDPR	1351	1826
SDPR	1363	1826
SDPR	1363	1827
SDPR	1365	1827
SDPR	1365	1829
SDPR	1367	1829
SDPR	1367	1830
SDPR	1374	1830
SDPR	1374	1831
SDPR	1375	1831
SDPR	1375	1832
SDPR	1376	1832
SDPR	1376	1834
SDPR	1377	1834
SDPR	1377	1835
SDPR	1378	1835
SDPR	1378	1836
SDPR	1380	1836
SDPR	1380	1837
SDPR	1381	1837
SDPR	1381	1838
SDPR	1382	1838
SDPR	1382	1840
SDPR	1384	1840
SDPR	1384	1842
SDPR	1385	1842
SDPR	1385	1844
SDPR	1387	1844
SDPR	1387	1845
SDPR	1388	1845
SDPR	1388	1848
SDPR	1389	1848
SDPR	1389	1849
SDPR	1391	1849
SDPR	1391	1850
SDPR	1392	1850
SDPR	1392	1854
SDPR	1396	1854
SDPR	1396	1855
SDPR	1401	1855
SDPR	1401	1856
SDPR	1406	1856
SDPR	1406	1857
SDPR	1411	1857
SDPR	1411	1861
SDPR	1412	1861
SDPR	1412	1863
SDPR	1419	1863
SDPR	1419	1866
SDPR	1420	1866
SDPR	1420	1867
SDPR	1423	1867
SDPR	1423	1869
SDPR	1427	1869
SDPR	1427	1871
SDPR	1436	1871
SDPR	1436	1872
SDPR	1437	1872
SDPR	1437	1876
SDPR	1438	1876
SDPR	1438	1877
SDPR	1440	1877
SDPR	1440	1879
SDPR	1441	1879
SDPR	1441	1880
SDPR	1442	1880
SDPR	1442	1884
SDPR	1446	1884
SDPR	1446	1886
SDPR	1448	1886
SDPR	1448	1888
SDPR	1450	1888
SDPR	1450	1889
SDPR	1451	1889
SDPR	1451	1890
SDPR	1453	1890
SDPR	1453	1892
SDPR	1454	1892
SDPR	1454	1894
SDPR	1455	1894
SDPR	1455	1895
SDPR	1456	1895
SDPR	1456	1897
SDPR	1459	1897
SDPR	1459	1898
SDPR	1460	1898
SDPR	1460	1900
SDPR	1461	1900
SDPR	1461	1902
SDPR	1464	1902
SDPR	1464	1903
SDPR	1466	1903
SDPR	1466	1905
SDPR	1467	1905
SDPR	1467	1908
SDPR	1468	1908
SDPR	1468	1909
SDPR	1470	1909
SDPR	1470	1910
SDPR	1471	1910
SDPR	1471	1911
SDPR	1472	1911
SDPR	1472	1913
SDPR	1477	1913
SDPR	1477	1915
SDPR	1480	1915
SDPR	1480	1916
SDPR	1481	1916
SDPR	1481	1918
SDPR	1482	1918
SDPR	1482	1919
SDPR	1485	1919
SDPR	1485	1920
SDPR	1490	1920
SDPR	1490	1921
SDPR	1492	1921
SDPR	1492	1922
SDPR	1497	1922
SDPR	1497	1923
SDPR	1499	1923
SDPR	1499	1924
SDPR	1500	1924
SDPR	1500	1925
SDPR	1501	1925
SDPR	1501	1926
SDPR	1506	1926
SDPR	1506	1927
SDPR	1507	1927
SDPR	1507	1928
SDPR	1508	1928
SDPR	1508	1929
SDPR	1509	1929
SDPR	1509	1930
SDPR	1513	1930
SDPR	1513	1932
SDPR	1521	1932
SDPR	1521	1935
SDPR	1523	1935
SDPR	1523	1937
SDPR	1524	1937
SDPR	1524	1939
SDPR	1527	1939
SDPR	1527	1940
SDPR	1531	1940
SDPR	1531	1941
SDPR	1534	1941
SDPR	1534	1942
SDPR	1539	1942
SDPR	1539	1944
SDPR	1543	1944
SDPR	1543	1946
SDPR	1544	1946
SDPR	1544	1949
SDPR	1546	1949
SDPR	1546	1950
SDPR	1547	1950
SDPR	1547	1953
SDPR	1548	1953
SDPR	1548	1955
SDPR	1549	1955
SDPR	1549	1959
SDPR	1551	1959
SDPR	1551	1960
SDPR	1552	1960
SDPR	1552	1962
SDPR	1553	1962
SDPR	1553	1965
SDPR	1557	1965
SDPR	1557	1966
SDPR	1558	1966
SDPR	1558	1968
SDPR	1559	1968
SDPR	1559	1969
SDPR	1560	1969
SDPR	1560	1971
SDPR	1562	1971
SDPR	1562	1972
SDPR	1563	1972
SDPR	1563	1973
SDPR	1564	1973
SDPR	1564	1974
SDPR	1566	1974
SDPR	1566	1976
SDPR	1568	1976
SDPR	1568	1977
SDPR	1569	1977
SDPR	1569	1978
SDPR	1573	1978
SDPR	1573	1979
SDPR	1574	1979
SDPR	1574	1980
SDPR	1578	1980
SDPR	1578	1981
SDPR	1579	1981
SDPR	1579	1985
SDPR	1581	1985
SDPR	1581	1986
SDPR	1582	1986
SDPR	1582	1987
SDPR	1588	1987
SDPR	1588	1988
SDPR	1590	1988
SDPR	1590	1991
SDPR	1591	1991
SDPR	1591	1994
SDPR	1593	1994
SDPR	1593	1995
SDPR	1594	1995
SDPR	1594	1996
SDPR	1595	1996
SDPR	1595	1998
SDPR	1596	1998
SDPR	1596	1999
SDPR	1598	1999
SDPR	1598	2000
SDPR	1601	2000
SDPR	1601	2001
SDPR	1607	2001
SDPR	1607	2003
SDPR	1610	2003
SDPR	1610	2004
SDPR	1611	2004
SDPR	1611	2005
SDPR	1612	2005
SDPR	1612	2007
SDPR	1613	2007
SDPR	1613	2008
SDPR	1614	2008
SDPR	1614	2009
SDPR	1617	2009
SDPR	1617	2013
SDPR	1618	2013
SDPR	1618	2014
SDPR	1621	2014
SDPR	1621	2015
SDPR	1625	2015
SDPR	1625	2017
SDPR	1628	2017
SDPR	1628	2018
SDPR	1631	2018
SDPR	1631	2019
SDPR	1633	2019
SDPR	1633	2021
SDPR	1639	2021
SDPR	1639	2023
SDPR	1642	2023
SDPR	1642	2024
SDPR	1643	2024
SDPR	1643	2025
SDPR	1644	2025
SDPR	1644	2026
SDPR	1646	2026
SDPR	1646	2029
SDPR	1648	2029
SDPR	1648	2030
SDPR	1649	2030
SDPR	1649	2031
SDPR	1651	2031
SDPR	1651	2034
SDPR	1653	2034
SDPR	1653	2036
SDPR	1654	2036
SDPR	1654	2038
SDPR	1657	2038
SDPR	1657	2040
SDPR	1659	2040
SDPR	1659	2043
SDPR	1662	2043
SDPR	1662	2046
SDPR	1663	2046
SDPR	1663	2048
SDPR	1664	2048
SDPR	1664	2051
SDPR	1665	2051
SDPR	1665	2054
SDPR	1670	2054
SDPR	1670	2055
SDPR	1671	2055
SDPR	1671	2056
SDPR	1672	2056
SDPR	1672	2058
SDPR	1674	2058
SDPR	1674	2062
SDPR	1677	2062
SDPR	1677	2063
SDPR	1679	2063
SDPR	1679	2065
SDPR	1681	2065
SDPR	1681	2066
SDPR	1682	2066
SDPR	1682	2068
SDPR	1683	2068
SDPR	1683	2069
SDPR	1685	2069
SDPR	1685	2073
SDPR	1687	2073
SDPR	1687	2076
SDPR	1690	2076
SDPR	1690	2077
SDPR	1691	2077
SDPR	1691	2082
SDPR	1692	2082
SDPR	1692	2083
SDPR	1696	2083
SDPR	1696	2086
SDPR	1699	2086
SDPR	1699	2087
SDPR	1700	2087
SDPR	1700	2089
SDPR	1701	2089
SDPR	1701	2091
SDPR	1702	2091
SDPR	1702	2092
SDPR	1703	2092
SDPR	1703	2095
SDPR	1704	2095
SDPR	1704	2096
SDPR	1705	2096
SDPR	1705	2097
SDPR	1707	2097
SDPR	1707	2098
SDPR	1710	2098
SDPR	1710	2100
SDPR	1711	2100
SDPR	1711	2102
SDPR	1712	2102
SDPR	1712	2103
SDPR	1713	2103
SDPR	1713	2105
SDPR	1715	2105
SDPR	1715	2106
SDPR	1719	2106
SDPR	1719	2107
SDPR	1723	2107
SDPR	1723	2108
SDPR	1727	2108
SDPR	1727	2115
SDPR	1728	2115
SDPR	1728	2117
SDPR	1729	2117
SDPR	1729	2119
SDPR	1730	2119
SDPR	1730	2120
SDPR	1734	2120
SDPR	1734	2121
SDPR	1735	2121
SDPR	1735	2122
SDPR	1736	2122
SDPR	1736	2123
SDPR	1739	2123
SDPR	1739	2124
SDPR	1741	2124
SDPR	1741	2129
SDPR	1743	2129
SDPR	1743	2131
SDPR	1746	2131
SDPR	1746	2132
SDPR	1751	2132
SDPR	1751	2133
SDPR	1752	2133
SDPR	1752	2135
SDPR	1753	2135
SDPR	1753	2141
SDPR	1757	2141
SDPR	1757	2143
SDPR	1759	2143
SDPR	1759	2147
SDPR	1760	2147
SDPR	1760	2150
SDPR	1761	2150
SDPR	1761	2151
SDPR	1765	2151
SDPR	1765	2152
SDPR	1767	2152
SDPR	1767	2153
SDPR	1769	2153
SDPR	1769	2157
SDPR	1770	2157
SDPR	1770	2159
SDPR	1771	2159
SDPR	1771	2160
SDPR	1774	2160
SDPR	1774	2162
SDPR	1775	2162
SDPR	1775	2163
SDPR	1779	2163
SDPR	1779	2164
SDPR	1784	2164
SDPR	1784	2169
SDPR	1787	2169
SDPR	1787	2172
SDPR	1788	2172
SDPR	1788	2173
SDPR	1790	2173
SDPR	1790	2176
SDPR	1791	2176
SDPR	1791	2178
SDPR	1798	2178
SDPR	1798	2179
SDPR	1799	2179
SDPR	1799	2180
SDPR	1800	2180
SDPR	1800	2181
SDPR	1802	2181
SDPR	1802	2185
SDPR	1806	2185
SDPR	1806	2186
SDPR	1809	2186
SDPR	1809	2187
SDPR	1810	2187
SDPR	1810	2188
SDPR	1813	2188
SDPR	1813	2190
SDPR	1814	2190
SDPR	1814	2192
SDPR	1816	2192
SDPR	1816	2193
SDPR	1819	2193
SDPR	1819	2195
SDPR	1820	2195
SDPR	1820	2196
SDPR	1822	2196
SDPR	1822	2198
SDPR	1824	2198
SDPR	1824	2199
SDPR	1825	2199
SDPR	1825	2200
SDPR	1832	2200
SDPR	1832	2201
SDPR	1834	2201
SDPR	1834	2202
SDPR	1836	2202
SDPR	1836	2204
SDPR	1837	2204
SDPR	1837	2205
SDPR	1840	2205
SDPR	1840	2207
SDPR	1842	2207
SDPR	1842	2208
SDPR	1843	2208
SDPR	1843	2209
SDPR	1847	2209
SDPR	1847	2211
SDPR	1851	2211
SDPR	1851	2212
SDPR	1852	2212
SDPR	1852	2214
SDPR	1853	2214
SDPR	1853	2215
SDPR	1855	2215
SDPR	1855	2217
SDPR	1856	2217
SDPR	1856	2220
SDPR	1860	2220
SDPR	1860	2221
SDPR	1861	2221
SDPR	1861	2222
SDPR	1862	2222
SDPR	1862	2223
SDPR	1863	2223
SDPR	1863	2224
SDPR	1868	2224
SDPR	1868	2225
SDPR	1871	2225
SDPR	1871	2226
SDPR	1872	2226
SDPR	1872	2227
SDPR	1877	2227
SDPR	1877	2229
SDPR	1879	2229
SDPR	1879	2230
SDPR	1883	2230
SDPR	1883	2231
SDPR	1886	2231
SDPR	1886	2233
SDPR	1888	2233
SDPR	1888	2234
SDPR	1890	2234
SDPR	1890	2236
SDPR	1891	2236
SDPR	1891	2240
SDPR	1893	2240
SDPR	1893	2241
SDPR	1894	2241
SDPR	1894	2242
SDPR	1896	2242
SDPR	1896	2243
SDPR	1897	2243
SDPR	1897	2244
SDPR	1899	2244
SDPR	1899	2246
SDPR	1900	2246
SDPR	1900	2247
SDPR	1901	2247
SDPR	1901	2248
SDPR	1902	2248
SDPR	1902	2252
SDPR	1903	2252
SDPR	1903	2253
SDPR	1905	2253
SDPR	1905	2255
SDPR	1911	2255
SDPR	1911	2258
SDPR	1912	2258
SDPR	1912	2259
SDPR	1917	2259
SDPR	1917	2261
SDPR	1920	2261
SDPR	1920	2264
SDPR	1921	2264
SDPR	1921	2265
SDPR	1922	2265
SDPR	1922	2266
SDPR	1923	2266
SDPR	1923	2268
SDPR	1929	2268
SDPR	1929	2269
SDPR	1931	2269
SDPR	1931	2272
SDPR	1941	2272
SDPR	1941	2276
SDPR	1943	2276
SDPR	1943	2277
SDPR	1946	2277
SDPR	1946	2278
SDPR	1951	2278
SDPR	1951	2281
SDPR	1956	2281
SDPR	1956	2282
SDPR	1962	2282
SDPR	1962	2284
SDPR	1965	2284
SDPR	1965	2285
SDPR	1969	2285
SDPR	1969	2288
SDPR	1970	2288
SDPR	1970	2289
SDPR	1971	2289
SDPR	1971	2291
SDPR	1973	2291
SDPR	1973	2294
SDPR	1974	2294
SDPR	1974	2295
SDPR	1975	2295
SDPR	1975	2296
SDPR	1978	2296
SDPR	1978	2297
SDPR	1979	2297
SDPR	1979	2298
SDPR	1985	2298
SDPR	1985	2299
SDPR	1986	2299
SDPR	1986	2300
SDPR	1990	2300
SDPR	1990	2301
SDPR	1991	2301
SDPR	1991	2303
SDPR	1992	2303
SDPR	1992	2305
SDPR	1994	2305
SDPR	1994	2306
SDPR	1995	2306
SDPR	1995	2308
SDPR	2000	2308
SDPR	2000	2310
SDPR	2001	2310
SDPR	2001	2312
SDPR	2003	2312
SDPR	2003	2313
SDPR	2005	2313
SDPR	2005	2314
SDPR	2007	2314
SDPR	2007	2316
SDPR	2008	2316
SDPR	2008	2317
SDPR	2009	2317
SDPR	2009	2319
SDPR	2011	2319
SDPR	2011	2320
SDPR	2014	2320
SDPR	2014	2321
SDPR	2019	2321
SDPR	2019	2323
SDPR	2020	2323
SDPR	2020	2324
SDPR	2022	2324
SDPR	2022	2325
SDPR	2023	2325
SDPR	2023	2326
SDPR	2024	2326
SDPR	2024	2327
SDPR	2025	2327
SDPR	2025	2329
SDPR	2033	2329
SDPR	2033	2330
SDPR	2036	2330
SDPR	2036	2331
SDPR	2039	2331
SDPR	2039	2335
SDPR	2043	2335
SDPR	2043	2336
SDPR	2044	2336
SDPR	2044	2337
SDPR	2045	2337
SDPR	2045	2338
SDPR	2048	2338
SDPR	2048	2340
SDPR	2049	2340
SDPR	2049	2341
SDPR	2050	2341
SDPR	2050	2342
SDPR	2053	2342
SDPR	2053	2343
SDPR	2059	2343
SDPR	2059	2344
SDPR	2060	2344
SDPR	2060	2345
SDPR	2061	2345
SDPR	2061	2346
SDPR	2064	2346
SDPR	2064	2347
SDPR	2067	2347
SDPR	2067	2351
SDPR	2069	2351
SDPR	2069	2353
SDPR	2071	2353
SDPR	2071	2355
SDPR	2073	2355
SDPR	2073	2357
SDPR	2080	2357
SDPR	2080	2361
SDPR	2083	2361
SDPR	2083	2362
SDPR	2085	2362
SDPR	2085	2364
SDPR	2089	2364
SDPR	2089	2366
SDPR	2090	2366
SDPR	2090	2370
SDPR	2093	2370
SDPR	2093	2371
SDPR	2095	2371
SDPR	2095	2373
SDPR	2098	2373
SDPR	2098	2374
SDPR	2100	2374
SDPR	2100	2375
SDPR	2104	2375
SDPR	2104	2377
SDPR	2108	2377
SDPR	2108	2378
SDPR	2110	2378
SDPR	2110	2379
SDPR	2111	2379
SDPR	2111	2380
SDPR	2115	2380
SDPR	2115	2381
SDPR	2117	2381
SDPR	2117	2382
SDPR	2118	2382
SDPR	2118	2384
SDPR	2120	2384
SDPR	2120	2386
SDPR	2122	2386
SDPR	2122	2387
SDPR	2124	2387
SDPR	2124	2390
SDPR	2126	2390
SDPR	2126	2391
SDPR	2127	2391
SDPR	2127	2392
SDPR	2135	2392
SDPR	2135	2393
SDPR	2137	2393
SDPR	2137	2395
SDPR	2142	2395
SDPR	2142	2396
SDPR	2144	2396
SDPR	2144	2400
SDPR	2146	2400
SDPR	2146	2401
SDPR	2147	2401
SDPR	2147	2402
SDPR	2148	2402
SDPR	2148	2404
SDPR	2155	2404
SDPR	2155	2405
SDPR	2156	2405
SDPR	2156	2406
SDPR	2160	2406
SDPR	2160	2408
SDPR	2164	2408
SDPR	2164	2409
SDPR	2165	2409
SDPR	2165	2410
SDPR	2166	2410
SDPR	2166	2411
SDPR	2168	2411
SDPR	2168	2412
SDPR	2169	2412
SDPR	2169	2413
SDPR	2171	2413
SDPR	2171	2414
SDPR	2175	2414
SDPR	2175	2415
SDPR	2178	2415
SDPR	2178	2417
SDPR	2183	2417
SDPR	2183	2419
SDPR	2184	2419
SDPR	2184	2420
SDPR	2185	2420
SDPR	2185	2421
SDPR	2187	2421
SDPR	2187	2422
SDPR	2189	2422
SDPR	2189	2424
SDPR	2191	2424
SDPR	2191	2426
SDPR	2195	2426
SDPR	2195	2427
SDPR	2196	2427
SDPR	2196	2428
SDPR	2198	2428
SDPR	2198	2430
SDPR	2199	2430
SDPR	2199	2432
SDPR	2200	2432
SDPR	2200	2434
SDPR	2202	2434
SDPR	2202	2435
SDPR	2203	2435
SDPR	2203	2436
SDPR	2204	2436
SDPR	2204	2437
SDPR	2205	2437
SDPR	2205	2441
SDPR	2207	2441
SDPR	2207	2443
SDPR	2208	2443
SDPR	2208	2445
SDPR	2210	2445
SDPR	2210	2447
SDPR	2213	2447
SDPR	2213	2449
SDPR	2214	2449
SDPR	2214	2450
SDPR	2215	2450
SDPR	2215	2451
SDPR	2220	2451
SDPR	2220	2453
SDPR	2221	2453
SDPR	2221	2454
SDPR	2223	2454
SDPR	2223	2455
SDPR	2231	2455
SDPR	2231	2456
SDPR	2233	2456
SDPR	2233	2459
SDPR	2234	2459
SDPR	2234	2463
SDPR	2240	2463
SDPR	2240	2465
SDPR	2241	2465
SDPR	2241	2466
SDPR	2245	2466
SDPR	2245	2467
SDPR	2247	2467
SDPR	2247	2469
SDPR	2248	2469
SDPR	2248	2471
SDPR	2249	2471
SDPR	2249	2472
SDPR	2251	2472
SDPR	2251	2474
SDPR	2252	2474
SDPR	2252	2475
SDPR	2255	2475
SDPR	2255	2476
SDPR	2258	2476
SDPR	2258	2477
SDPR	2260	2477
SDPR	2260	2479
SDPR	2262	2479
SDPR	2262	2481
SDPR	2263	2481
SDPR	2263	2482
SDPR	2266	2482
SDPR	2266	2484
SDPR	2267	2484
SDPR	2267	2485
SDPR	2271	2485
SDPR	2271	2486
SDPR	2272	2486
SDPR	2272	2488
SDPR	2273	2488
SDPR	2273	2489
SDPR	2274	2489
SDPR	2274	2491
SDPR	2275	2491
SDPR	2275	2494
SDPR	2276	2494
SDPR	2276	2495
SDPR	2284	2495
SDPR	2284	2496
SDPR	2289	2496
SDPR	2289	2498
SDPR	2290	2498
SDPR	2290	2502
SDPR	2291	2502
SDPR	2291	2503
SDPR	2296	2503
SDPR	2296	2504
SDPR	2297	2504
SDPR	2297	2507
SDPR	2298	2507
SDPR	2298	2508
SDPR	2300	2508
SDPR	2300	2509
SDPR	2303	2509
SDPR	2303	2510
SDPR	2308	2510
SDPR	2308	2511
SDPR	2309	2511
SDPR	2309	2513
SDPR	2310	2513
SDPR	2310	2516
SDPR	2312	2516
SDPR	2312	2517
SDPR	2314	2517
SDPR	2314	2519
SDPR	2315	2519
SDPR	2315	2520
SDPR	2317	2520
SDPR	2317	2522
SDPR	2321	2522
SDPR	2321	2524
SDPR	2322	2524
SDPR	2322	2526
SDPR	2325	2526
SDPR	2325	2527
SDPR	2328	2527
SDPR	2328	2529
SDPR	2330	2529
SDPR	2330	2530
SDPR	2336	2530
SDPR	2336	2536
SDPR	2341	2536
SDPR	2341	2537
SDPR	2343	2537
SDPR	2343	2538
SDPR	2344	2538
SDPR	2344	2539
SDPR	2346	2539
SDPR	2346	2541
SDPR	2350	2541
SDPR	2350	2542
SDPR	2352	2542
SDPR	2352	2543
SDPR	2353	2543
SDPR	2353	2545
SDPR	2355	2545
SDPR	2355	2546
SDPR	2356	2546
SDPR	2356	2547
SDPR	2359	2547
SDPR	2359	2549
SDPR	2362	2549
SDPR	2362	2550
SDPR	2364	2550
SDPR	2364	2552
SDPR	2371	2552
SDPR	2371	2553
SDPR	2377	2553
SDPR	2377	2555
SDPR	2380	2555
SDPR	2380	2556
SDPR	2387	2556
SDPR	2387	2557
SDPR	2389	2557
SDPR	2389	2558
SDPR	2394	2558
SDPR	2394	2559
SDPR	2397	2559
SDPR	2397	2562
SDPR	2400	2562
SDPR	2400	2563
SDPR	2402	2563
SDPR	2402	2564
SDPR	2403	2564
SDPR	2403	2565
SDPR	2407	2565
SDPR	2407	2567
SDPR	2412	2567
SDPR	2412	2569
SDPR	2413	2569
SDPR	2413	2571
SDPR	2414	2571
SDPR	2414	2574
SDPR	2417	2574
SDPR	2417	2575
SDPR	2423	2575
SDPR	2423	2576
SDPR	2424	2576
SDPR	2424	2579
SDPR	2426	2579
SDPR	2426	2581
SDPR	2428	2581
SDPR	2428	2582
SDPR	2438	2582
SDPR	2438	2583
SDPR	2439	2583
SDPR	2439	2585
SDPR	2442	2585
SDPR	2442	2586
SDPR	2443	2586
SDPR	2443	2587
SDPR	2445	2587
SDPR	2445	2589
SDPR	2447	2589
SDPR	2447	2590
SDPR	2448	2590
SDPR	2448	2592
SDPR	2449	2592
SDPR	2449	2593
SDPR	2453	2593
SDPR	2453	2594
SDPR	2455	2594
SDPR	2455	2595
SDPR	2457	2595
SDPR	2457	2596
SDPR	2458	2596
SDPR	2458	2597
SDPR	2459	2597
SDPR	2459	2598
SDPR	2462	2598
SDPR	2462	2599
SDPR	2464	2599
SDPR	2464	2600
SDPR	2469	2600
SDPR	2469	2603
SDPR	2470	2603
SDPR	2470	2606
SDPR	2472	2606
SDPR	2472	2609
SDPR	2473	2609
SDPR	2473	2610
SDPR	2475	2610
SDPR	2475	2611
SDPR	2476	2611
SDPR	2476	2612
SDPR	2477	2612
SDPR	2477	2613
SDPR	2478	2613
SDPR	2478	2614
SDPR	2479	2614
SDPR	2479	2616
SDPR	2480	2616
SDPR	2480	2618
SDPR	2481	2618
SDPR	2481	2619
SDPR	2485	2619
SDPR	2485	2621
SDPR	2486	2621
SDPR	2486	2622
SDPR	2489	2622
SDPR	2489	2623
SDPR	2490	2623
SDPR	2490	2624
SDPR	2492	2624
SDPR	2492	2632
SDPR	2495	2632
SDPR	2495	2633
SDPR	2498	2633
SDPR	2498	2634
SDPR	2502	2634
SDPR	2502	2636
SDPR	2508	2636
SDPR	2508	2637
SDPR	2510	2637
SDPR	2510	2638
SDPR	2511	2638
SDPR	2511	2639
SDPR	2512	2639
SDPR	2512	2641
SDPR	2515	2641
SDPR	2515	2642
SDPR	2517	2642
SDPR	2517	2643
SDPR	2519	2643
SDPR	2519	2644
SDPR	2529	2644
SDPR	2529	2646
SDPR	2530	2646
SDPR	2530	2647
SDPR	2531	2647
SDPR	2531	2648
SDPR	2534	2648
SDPR	2534	2649
SDPR	2541	2649
SDPR	2541	2653
SDPR	2543	2653
SDPR	2543	2654
SDPR	2546	2654
SDPR	2546	2655
SDPR	2550	2655
SDPR	2550	2657
SDPR	2552	2657
SDPR	2552	2658
SDPR	2555	2658
SDPR	2555	2661
SDPR	2558	2661
SDPR	2558	2662
SDPR	2560	2662
SDPR	2560	2667
SDPR	2561	2667
SDPR	2561	2670
SDPR	2562	2670
SDPR	2562	2671
SDPR	2565	2671
SDPR	2565	2672
SDPR	2570	2672
SDPR	2570	2674
SDPR	2572	2674
SDPR	2572	2675
SDPR	2574	2675
SDPR	2574	2677
SDPR	2575	2677
SDPR	2575	2678
SDPR	2576	2678
SDPR	2576	2679
SDPR	2578	2679
SDPR	2578	2681
SDPR	2585	2681
SDPR	2585	2684
SDPR	2586	2684
SDPR	2586	2685
SDPR	2588	2685
SDPR	2588	2686
SDPR	2591	2686
SDPR	2591	2687
SDPR	2594	2687
SDPR	2594	2688
SDPR	2601	2688
SDPR	2601	2689
SDPR	2602	2689
SDPR	2602	2690
SDPR	2605	2690
SDPR	2605	2691
SDPR	2610	2691
SDPR	2610	2693
SDPR	2612	2693
SDPR	2612	2694
SDPR	2614	2694
SDPR	2614	2698
SDPR	2617	2698
SDPR	2617	2701
SDPR	2620	2701
SDPR	2620	2702
SDPR	2627	2702
SDPR	2627	2704
SDPR	2630	2704
SDPR	2630	2706
SDPR	2634	2706
SDPR	2634	2708
SDPR	2635	2708
SDPR	2635	2711
SDPR	2636	2711
SDPR	2636	2712
SDPR	2637	2712
SDPR	2637	2713
SDPR	2638	2713
SDPR	2638	2715
SDPR	2639	2715
SDPR	2639	2717
SDPR	2642	2717
SDPR	2642	2719
SDPR	2643	2719
SDPR	2643	2720
SDPR	2645	2720
SDPR	2645	2721
SDPR	2651	2721
SDPR	2651	2723
SDPR	2652	2723
SDPR	2652	2724
SDPR	2653	2724
SDPR	2653	2725
SDPR	2656	2725
SDPR	2656	2727
SDPR	2657	2727
SDPR	2657	2728
SDPR	2659	2728
SDPR	2659	2729
SDPR	2663	2729
SDPR	2663	2730
SDPR	2666	2730
SDPR	2666	2734
SDPR	2667	2734
SDPR	2667	2738
SDPR	2670	2738
SDPR	2670	2741
SDPR	2673	2741
SDPR	2673	2743
SDPR	2678	2743
SDPR	2678	2744
SDPR	2686	2744
SDPR	2686	2745
SDPR	2690	2745
SDPR	2690	2746
SDPR	2691	2746
SDPR	2691	2748
SDPR	2692	2748
SDPR	2692	2749
SDPR	2693	2749
SDPR	2693	2750
SDPR	2694	2750
SDPR	2694	2751
SDPR	2696	2751
SDPR	2696	2752
SDPR	2698	2752
SDPR	2698	2753
SDPR	2708	2753
SDPR	2708	2755
SDPR	2709	2755
SDPR	2709	2756
SDPR	2710	2756
SDPR	2710	2757
SDPR	2711	2757
SDPR	2711	2758
SDPR	2713	2758
SDPR	2713	2760
SDPR	2716	2760
SDPR	2716	2762
SDPR	2717	2762
SDPR	2717	2764
SDPR	2720	2764
SDPR	2720	2765
SDPR	2721	2765
SDPR	2721	2766
SDPR	2722	2766
SDPR	2722	2768
SDPR	2725	2768
SDPR	2725	2769
SDPR	2728	2769
SDPR	2728	2770
SDPR	2731	2770
SDPR	2731	2771
SDPR	2734	2771
SDPR	2734	2772
SDPR	2739	2772
SDPR	2739	2773
SDPR	2743	2773
SDPR	2743	2774
SDPR	2744	2774
SDPR	2744	2775
SDPR	2747	2775
SDPR	2747	2778
SDPR	2750	2778
SDPR	2750	2779
SDPR	2751	2779
SDPR	2751	2781
SDPR	2759	2781
SDPR	2759	2782
SDPR	2761	2782
SDPR	2761	2783
SDPR	2763	2783
SDPR	2763	2784
SDPR	2764	2784
SDPR	2764	2786
SDPR	2765	2786
SDPR	2765	2788
SDPR	2766	2788
SDPR	2766	2790
SDPR	2767	2790
SDPR	2767	2793
SDPR	2768	2793
SDPR	2768	2797
SDPR	2772	2797
SDPR	2772	2802
SDPR	2773	2802
SDPR	2773	2803
SDPR	2774	2803
SDPR	2774	2805
SDPR	2777	2805
SDPR	2777	2807
SDPR	2778	2807
SDPR	2778	2808
SDPR	2783	2808
SDPR	2783	2809
SDPR	2786	2809
SDPR	2786	2810
SDPR	2788	2810
SDPR	2788	2811
SDPR	2789	2811
SDPR	2789	2823
SDPR	2791	2823
SDPR	2791	2826
SDPR	2796	2826
SDPR	2796	2827
SDPR	2798	2827
SDPR	2798	2828
SDPR	2799	2828
SDPR	2799	2829
SDPR	2800	2829
SDPR	2800	2830
SDPR	2811	2830
SDPR	2811	2831
SDPR	2813	2831
SDPR	2813	2832
SDPR	2817	2832
SDPR	2817	2833
SDPR	2818	2833
SDPR	2818	2834
SDPR	2824	2834
SDPR	2824	2836
SDPR	2828	2836
SDPR	2828	2837
SDPR	2829	2837
SDPR	2829	2838
SDPR	2839	2838
SDPR	2839	2839
SDPR	2840	2839
SDPR	2840	2841
SDPR	2845	2841
SDPR	2845	2842
SDPR	2848	2842
SDPR	2848	2844
SDPR	2851	2844
SDPR	2851	2845
SDPR	2854	2845
SDPR	2854	2847
SDPR	2858	2847
SDPR	2858	2849
SDPR	2859	2849
SDPR	2859	2853
SDPR	2861	2853
SDPR	2861	2854
SDPR	2864	2854
SDPR	2864	2855
SDPR	2865	2855
SDPR	2865	2857
SDPR	2868	2857
SDPR	2868	2858
SDPR	2875	2858
SDPR	2875	2859
SDPR	2878	2859
SDPR	2878	2860
SDPR	2879	2860
SDPR	2879	2862
SDPR	2880	2862
SDPR	2880	2863
SDPR	2881	2863
SDPR	2881	2864
SDPR	2889	2864
SDPR	2889	2865
SDPR	2891	2865
SDPR	2891	2869
SDPR	2892	2869
SDPR	2892	2870
SDPR	2894	2870
SDPR	2894	2871
SDPR	2898	2871
SDPR	2898	2872
SDPR	2900	2872
SDPR	2900	2875
SDPR	2906	2875
SDPR	2906	2876
SDPR	2908	2876
SDPR	2908	2877
SDPR	2910	2877
SDPR	2910	2878
SDPR	2914	2878
SDPR	2914	2880
SDPR	2915	2880
SDPR	2915	2881
SDPR	2917	2881
SDPR	2917	2884
SDPR	2918	2884
SDPR	2918	2885
SDPR	2924	2885
SDPR	2924	2889
SDPR	2929	2889
SDPR	2929	2892
SDPR	2931	2892
SDPR	2931	2893
SDPR	2933	2893
SDPR	2933	2894
SDPR	2936	2894
SDPR	2936	2897
SDPR	2938	2897
SDPR	2938	2898
SDPR	2940	2898
SDPR	2940	2900
SDPR	2949	2900
SDPR	2949	2902
SDPR	2950	2902
SDPR	2950	2903
SDPR	2953	2903
SDPR	2953	2907
SDPR	2954	2907
SDPR	2954	2908
SDPR	2956	2908
SDPR	2956	2910
SDPR	2957	2910
SDPR	2957	2912
SDPR	2960	2912
SDPR	2960	2913
SDPR	2962	2913
SDPR	2962	2914
SDPR	2965	2914
SDPR	2965	2915
SDPR	2967	2915
SDPR	2967	2917
SDPR	2969	2917
SDPR	2969	2918
SDPR	2972	2918
SDPR	2972	2919
SDPR	2976	2919
SDPR	2976	2920
SDPR	2979	2920
SDPR	2979	2921
SDPR	2980	2921
SDPR	2980	2924
SDPR	2982	2924
SDPR	2982	2925
SDPR	2986	2925
SDPR	2986	2926
SDPR	2991	2926
SDPR	2991	2929
SDPR	2994	2929
SDPR	2994	2930
SDPR	2998	2930
SDPR	2998	2931
SDPR	3002	2931
SDPR	3002	2933
SDPR	3004	2933
SDPR	3004	2934
SDPR	3005	2934
SDPR	3005	2936
SDPR	3006	2936
SDPR	3006	2937
SDPR	3009	2937
SDPR	3009	2939
SDPR	3010	2939
SDPR	3010	2940
SDPR	3011	2940
SDPR	3011	2941
SDPR	3014	2941
SDPR	3014	2942
SDPR	3018	2942
SDPR	3018	2945
SDPR	3019	2945
SDPR	3019	2946
SDPR	3028	2946
SDPR	3028	2947
SDPR	3030	2947
SDPR	3030	2950
SDPR	3036	2950
SDPR	3036	2951
SDPR	3037	2951
SDPR	3037	2953
SDPR	3041	2953
SDPR	3041	2954
SDPR	3042	2954
SDPR	3042	2955
SDPR	3043	2955
SDPR	3043	2956
SDPR	3044	2956
SDPR	3044	2957
SDPR	3045	2957
SDPR	3045	2961
SDPR	3049	2961
SDPR	3049	2962
SDPR	3051	2962
SDPR	3051	2963
SDPR	3052	2963
SDPR	3052	2964
SDPR	3056	2964
SDPR	3056	2966
SDPR	3059	2966
SDPR	3059	2967
SDPR	3060	2967
SDPR	3060	2968
SDPR	3063	2968
SDPR	3063	2973
SDPR	3064	2973
SDPR	3064	2974
SDPR	3070	2974
SDPR	3070	2975
SDPR	3072	2975
SDPR	3072	2976
SDPR	3075	2976
SDPR	3075	2979
SDPR	3076	2979
SDPR	3076	2981
SDPR	3079	2981
SDPR	3079	2982
SDPR	3082	2982
SDPR	3082	2984
SDPR	3085	2984
SDPR	3085	2985
SDPR	3086	2985
SDPR	3086	2986
SDPR	3088	2986
SDPR	3088	2988
SDPR	3092	2988
SDPR	3092	2989
SDPR	3096	2989
SDPR	3096	2991
SDPR	3097	2991
SDPR	3097	2992
SDPR	3099	2992
SDPR	3099	2996
SDPR	3101	2996
SDPR	3101	2997
SDPR	3107	2997
SDPR	3107	2998
SDPR	3111	2998
SDPR	3111	2999
SDPR	3112	2999
SDPR	3112	3000
SDPR	3122	3000
SDPR	3122	3002
SDPR	3123	3002
SDPR	3123	3003
SDPR	3129	3003
SDPR	3129	3004
SDPR	3131	3004
SDPR	3131	3005
SDPR	3133	3005
SDPR	3133	3006
SDPR	3134	3006
SDPR	3134	3007
SDPR	3135	3007
SDPR	3135	3009
SDPR	3140	3009
SDPR	3140	3010
SDPR	3142	3010
SDPR	3142	3011
SDPR	3145	3011
SDPR	3145	3012
SDPR	3146	3012
SDPR	3146	3014
SDPR	3149	3014
SDPR	3149	3015
SDPR	3151	3015
SDPR	3151	3016
SDPR	3152	3016
SDPR	3152	3017
SDPR	3154	3017
SDPR	3154	3018
SDPR	3155	3018
SDPR	3155	3020
SDPR	3156	3020
SDPR	3156	3021
SDPR	3157	3021
SDPR	3157	3022
SDPR	3158	3022
SDPR	3158	3023
SDPR	3164	3023
SDPR	3164	3024
SDPR	3171	3024
SDPR	3171	3025
SDPR	3173	3025
SDPR	3173	3026
SDPR	3174	3026
SDPR	3174	3028
SDPR	3176	3028
SDPR	3176	3029
SDPR	3179	3029
SDPR	3179	3030
SDPR	3191	3030
SDPR	3191	3031
SDPR	3194	3031
SDPR	3194	3032
SDPR	3200	3032
SDPR	3200	3034
SDPR	3201	3034
SDPR	3201	3040
SDPR	3204	3040
SDPR	3204	3041
SDPR	3207	3041
SDPR	3207	3042
SDPR	3208	3042
SDPR	3208	3043
SDPR	3209	3043
SDPR	3209	3046
SDPR	3214	3046
SDPR	3214	3047
SDPR	3215	3047
SDPR	3215	3048
SDPR	3216	3048
SDPR	3216	3050
SDPR	3218	3050
SDPR	3218	3051
SDPR	3219	3051
SDPR	3219	3053
SDPR	3220	3053
SDPR	3220	3055
SDPR	3221	3055
SDPR	3221	3056
SDPR	3223	3056
SDPR	3223	3057
SDPR	3224	3057
SDPR	3224	3058
SDPR	3226	3058
SDPR	3226	3059
SDPR	3228	3059
SDPR	3228	3061
SDPR	3229	3061
SDPR	3229	3063
SDPR	3232	3063
SDPR	3232	3064
SDPR	3236	3064
SDPR	3236	3066
SDPR	3239	3066
SDPR	3239	3069
SDPR	3241	3069
SDPR	3241	3072
SDPR	3244	3072
SDPR	3244	3073
SDPR	3245	3073
SDPR	3245	3074
SDPR	3247	3074
SDPR	3247	3075
SDPR	3254	3075
SDPR	3254	3078
SDPR	3258	3078
SDPR	3258	3079
SDPR	3259	3079
SDPR	3259	3080
SDPR	3261	3080
SDPR	3261	3081
SDPR	3267	3081
SDPR	3267	3082
SDPR	3269	3082
SDPR	3269	3083
SDPR	3271	3083
SDPR	3271	3084
SDPR	3274	3084
SDPR	3274	3086
SDPR	3275	3086
SDPR	3275	3087
SDPR	3276	3087
SDPR	3276	3088
SDPR	3278	3088
SDPR	3278	3089
SDPR	3280	3089
SDPR	3280	3090
SDPR	3283	3090
SDPR	3283	3091
SDPR	3286	3091
SDPR	3286	3093
SDPR	3289	3093
SDPR	3289	3094
SDPR	3291	3094
SDPR	3291	3095
SDPR	3298	3095
SDPR	3298	3096
SDPR	3300	3096
SDPR	3300	3098
SDPR	3305	3098
SDPR	3305	3099
SDPR	3310	3099
SDPR	3310	3101
SDPR	3311	3101
SDPR	3311	3102
SDPR	3314	3102
SDPR	3314	3103
SDPR	3317	3103
SDPR	3317	3104
SDPR	3318	3104
SDPR	3318	3105
SDPR	3319	3105
SDPR	3319	3110
SDPR	3321	3110
SDPR	3321	3113
SDPR	3324	3113
SDPR	3324	3114
SDPR	3328	3114
SDPR	3328	3115
SDPR	3331	3115
SDPR	3331	3117
SDPR	3332	3117
SDPR	3332	3119
SDPR	3333	3119
SDPR	3333	3121
SDPR	3336	3121
SDPR	3336	3122
SDPR	3338	3122
SDPR	3338	3123
SDPR	3339	3123
SDPR	3339	3125
SDPR	3346	3125
SDPR	3346	3126
SDPR	3347	3126
SDPR	3347	3127
SDPR	3348	3127
SDPR	3348	3128
SDPR	3349	3128
SDPR	3349	3129
SDPR	3350	3129
SDPR	3350	3130
SDPR	3352	3130
SDPR	3352	3134
SDPR	3359	3134
SDPR	3359	3135
SDPR	3360	3135
SDPR	3360	3137
SDPR	3363	3137
SDPR	3363	3139
SDPR	3365	3139
SDPR	3365	3140
SDPR	3370	3140
SDPR	3370	3141
SDPR	3374	3141
SDPR	3374	3143
SDPR	3375	3143
SDPR	3375	3144
SDPR	3379	3144
SDPR	3379	3146
SDPR	3381	3146
SDPR	3381	3148
SDPR	3382	3148
SDPR	3382	3151
SDPR	3383	3151
SDPR	3383	3153
SDPR	3389	3153
SDPR	3389	3155
SDPR	3393	3155
SDPR	3393	3158
SDPR	3395	3158
SDPR	3395	3159
SDPR	3396	3159
SDPR	3396	3160
SDPR	3399	3160
SDPR	3399	3163
SDPR	3400	3163
SDPR	3400	3165
SDPR	3401	3165
SDPR	3401	3168
SDPR	3402	3168
SDPR	3402	3174
SDPR	3403	3174
SDPR	3403	3176
SDPR	3405	3176
SDPR	3405	3177
SDPR	3408	3177
SDPR	3408	3178
SDPR	3409	3178
SDPR	3409	3179
SDPR	3410	3179
SDPR	3410	3180
SDPR	3412	3180
SDPR	3412	3181
SDPR	3413	3181
SDPR	3413	3182
SDPR	3414	3182
SDPR	3414	3183
SDPR	3425	3183
SDPR	3425	3185
SDPR	3428	3185
SDPR	3428	3186
SDPR	3430	3186
SDPR	3430	3187
SDPR	3431	3187
SDPR	3431	3189
SDPR	3434	3189
SDPR	3434	3190
SDPR	3436	3190
SDPR	3436	3191
SDPR	3439	3191
SDPR	3439	3192
SDPR	3440	3192
SDPR	3440	3193
SDPR	3443	3193
SDPR	3443	3195
SDPR	3445	3195
SDPR	3445	3196
SDPR	3447	3196
SDPR	3447	3197
SDPR	3449	3197
SDPR	3449	3199
SDPR	3455	3199
SDPR	3455	3201
SDPR	3457	3201
SDPR	3457	3203
SDPR	3458	3203
SDPR	3458	3207
SDPR	3460	3207
SDPR	3460	3208
SDPR	3461	3208
SDPR	3461	3209
SDPR	3467	3209
SDPR	3467	3210
SDPR	3468	3210
SDPR	3468	3211
SDPR	3471	3211
SDPR	3471	3212
SDPR	3472	3212
SDPR	3472	3213
SDPR	3474	3213
SDPR	3474	3217
SDPR	3485	3217
SDPR	3485	3218
SDPR	3487	3218
SDPR	3487	3220
SDPR	3488	3220
SDPR	3488	3221
SDPR	3491	3221
SDPR	3491	3222
SDPR	3492	3222
SDPR	3492	3224
SDPR	3493	3224
SDPR	3493	3225
SDPR	3494	3225
SDPR	3494	3226
SDPR	3495	3226
SDPR	3495	3228
SDPR	3500	3228
SDPR	3500	3229
SDPR	3501	3229
SDPR	3501	3231
SDPR	3502	3231
SDPR	3502	3233
SDPR	3505	3233
SDPR	3505	3234
SDPR	3509	3234
SDPR	3509	3237
SDPR	3512	3237
SDPR	3512	3238
SDPR	3514	3238
SDPR	3514	3239
SDPR	3515	3239
SDPR	3515	3241
SDPR	3522	3241
SDPR	3522	3242
SDPR	3523	3242
SDPR	3523	3243
SDPR	3524	3243
SDPR	3524	3245
SDPR	3527	3245
SDPR	3527	3246
SDPR	3529	3246
SDPR	3529	3247
SDPR	3532	3247
SDPR	3532	3249
SDPR	3537	3249
SDPR	3537	3250
SDPR	3540	3250
SDPR	3540	3251
SDPR	3541	3251
SDPR	3541	3252
SDPR	3549	3252
SDPR	3549	3253
SDPR	3556	3253
SDPR	3556	3254
SDPR	3561	3254
SDPR	3561	3255
SDPR	3565	3255
SDPR	3565	3256
SDPR	3568	3256
SDPR	3568	3257
SDPR	3571	3257
SDPR	3571	3258
SDPR	3573	3258
SDPR	3573	3259
SDPR	3576	3259
SDPR	3576	3260
SDPR	3577	3260
SDPR	3577	3262
SDPR	3578	3262
SDPR	3578	3263
SDPR	3579	3263
SDPR	3579	3264
SDPR	3580	3264
SDPR	3580	3265
SDPR	3582	3265
SDPR	3582	3267
SDPR	3586	3267
SDPR	3586	3269
SDPR	3590	3269
SDPR	3590	3270
SDPR	3591	3270
SDPR	3591	3271
SDPR	3595	3271
SDPR	3595	3276
SDPR	3598	3276
SDPR	3598	3281
SDPR	3601	3281
SDPR	3601	3282
SDPR	3603	3282
SDPR	3603	3283
SDPR	3604	3283
SDPR	3604	3284
SDPR	3606	3284
SDPR	3606	3285
SDPR	3608	3285
SDPR	3608	3286
SDPR	3612	3286
SDPR	3612	3287
SDPR	3616	3287
SDPR	3616	3288
SDPR	3618	3288
SDPR	3618	3290
SDPR	3619	3290
SDPR	3619	3292
SDPR	3623	3292
SDPR	3623	3293
SDPR	3624	3293
SDPR	3624	3296
SDPR	3627	3296
SDPR	3627	3299
SDPR	3631	3299
SDPR	3631	3300
SDPR	3633	3300
SDPR	3633	3301
SDPR	3637	3301
SDPR	3637	3304
SDPR	3640	3304
SDPR	3640	3305
SDPR	3642	3305
SDPR	3642	3306
SDPR	3643	3306
SDPR	3643	3308
SDPR	3649	3308
SDPR	3649	3309
SDPR	3651	3309
SDPR	3651	3310
SDPR	3653	3310
SDPR	3653	3311
SDPR	3655	3311
SDPR	3655	3313
SDPR	3660	3313
SDPR	3660	3317
SDPR	3661	3317
SDPR	3661	3320
SDPR	3662	3320
SDPR	3662	3321
SDPR	3665	3321
SDPR	3665	3322
SDPR	3666	3322
SDPR	3666	3323
SDPR	3669	3323
SDPR	3669	3324
SDPR	3672	3324
SDPR	3672	3325
SDPR	3674	3325
SDPR	3674	3327
SDPR	3676	3327
SDPR	3676	3328
SDPR	3677	3328
SDPR	3677	3329
SDPR	3681	3329
SDPR	3681	3334
SDPR	3687	3334
SDPR	3687	3336
SDPR	3691	3336
SDPR	3691	3337
SDPR	3692	3337
SDPR	3692	3339
SDPR	3694	3339
SDPR	3694	3341
SDPR	3696	3341
SDPR	3696	3342
SDPR	3697	3342
SDPR	3697	3343
SDPR	3708	3343
SDPR	3708	3344
SDPR	3709	3344
SDPR	3709	3346
SDPR	3712	3346
SDPR	3712	3347
SDPR	3714	3347
SDPR	3714	3349
SDPR	3718	3349
SDPR	3718	3351
SDPR	3726	3351
SDPR	3726	3355
SDPR	3728	3355
SDPR	3728	3357
SDPR	3732	3357
SDPR	3732	3360
SDPR	3733	3360
SDPR	3733	3361
SDPR	3735	3361
SDPR	3735	3363
SDPR	3737	3363
SDPR	3737	3364
SDPR	3738	3364
SDPR	3738	3365
SDPR	3746	3365
SDPR	3746	3368
SDPR	3748	3368
SDPR	3748	3369
SDPR	3749	3369
SDPR	3749	3370
SDPR	3750	3370
SDPR	3750	3373
SDPR	3752	3373
SDPR	3752	3374
SDPR	3755	3374
SDPR	3755	3375
SDPR	3757	3375
SDPR	3757	3379
SDPR	3760	3379
SDPR	3760	3380
SDPR	3762	3380
SDPR	3762	3381
SDPR	3763	3381
SDPR	3763	3383
SDPR	3764	3383
SDPR	3764	3384
SDPR	3772	3384
SDPR	3772	3386
SDPR	3773	3386
SDPR	3773	3389
SDPR	3778	3389
SDPR	3778	3390
SDPR	3781	3390
SDPR	3781	3392
SDPR	3788	3392
SDPR	3788	3393
SDPR	3789	3393
SDPR	3789	3396
SDPR	3790	3396
SDPR	3790	3397
SDPR	3791	3397
SDPR	3791	3398
SDPR	3793	3398
SDPR	3793	3399
SDPR	3794	3399
SDPR	3794	3400
SDPR	3796	3400
SDPR	3796	3401
SDPR	3798	3401
SDPR	3798	3403
SDPR	3805	3403
SDPR	3805	3404
SDPR	3806	3404
SDPR	3806	3405
SDPR	3807	3405
SDPR	3807	3406
SDPR	3809	3406
SDPR	3809	3407
SDPR	3810	3407
SDPR	3810	3408
SDPR	3812	3408
SDPR	3812	3409
SDPR	3813	3409
SDPR	3813	3410
SDPR	3814	3410
SDPR	3814	3411
SDPR	3816	3411
SDPR	3816	3412
SDPR	3822	3412
SDPR	3822	3413
SDPR	3823	3413
SDPR	3823	3414
SDPR	3825	3414
SDPR	3825	3415
SDPR	3827	3415
SDPR	3827	3417
SDPR	3828	3417
SDPR	3828	3418
SDPR	3830	3418
SDPR	3830	3419
SDPR	3832	3419
SDPR	3832	3423
SDPR	3834	3423
SDPR	3834	3424
SDPR	3840	3424
SDPR	3840	3425
SDPR	3843	3425
SDPR	3843	3427
SDPR	3844	3427
SDPR	3844	3429
SDPR	3845	3429
SDPR	3845	3430
SDPR	3847	3430
SDPR	3847	3431
SDPR	3850	3431
SDPR	3850	3433
SDPR	3854	3433
SDPR	3854	3435
SDPR	3855	3435
SDPR	3855	3438
SDPR	3857	3438
SDPR	3857	3439
SDPR	3860	3439
SDPR	3860	3441
SDPR	3861	3441
SDPR	3861	3442
SDPR	3869	3442
SDPR	3869	3445
SDPR	3870	3445
SDPR	3870	3450
SDPR	3871	3450
SDPR	3871	3452
SDPR	3874	3452
SDPR	3874	3453
SDPR	3875	3453
SDPR	3875	3454
SDPR	3878	3454
SDPR	3878	3455
SDPR	3879	3455
SDPR	3879	3459
SDPR	3880	3459
SDPR	3880	3461
SDPR	3881	3461
SDPR	3881	3463
SDPR	3883	3463
SDPR	3883	3464
SDPR	3886	3464
SDPR	3886	3465
SDPR	3887	3465
SDPR	3887	3469
SDPR	3889	3469
SDPR	3889	3471
SDPR	3893	3471
SDPR	3893	3472
SDPR	3894	3472
SDPR	3894	3473
SDPR	3895	3473
SDPR	3895	3474
SDPR	3897	3474
SDPR	3897	3476
SDPR	3898	3476
SDPR	3898	3477
SDPR	3900	3477
SDPR	3900	3478
SDPR	3901	3478
SDPR	3901	3481
SDPR	3902	3481
SDPR	3902	3482
SDPR	3903	3482
SDPR	3903	3484
SDPR	3909	3484
SDPR	3909	3486
SDPR	3910	3486
SDPR	3910	3487
SDPR	3911	3487
SDPR	3911	3489
SDPR	3912	3489
SDPR	3912	3490
SDPR	3913	3490
SDPR	3913	3491
SDPR	3916	3491
SDPR	3916	3492
SDPR	3919	3492
SDPR	3919	3493
SDPR	3920	3493
SDPR	3920	3494
SDPR	3921	3494
SDPR	3921	3497
SDPR	3924	3497
SDPR	3924	3498
SDPR	3928	3498
SDPR	3928	3499
SDPR	3929	3499
SDPR	3929	3502
SDPR	3934	3502
SDPR	3934	3503
SDPR	3936	3503
SDPR	3936	3504
SDPR	3947	3504
SDPR	3947	3505
SDPR	3951	3505
SDPR	3951	3507
SDPR	3953	3507
SDPR	3953	3510
SDPR	3954	3510
SDPR	3954	3511
SDPR	3955	3511
SDPR	3955	3512
SDPR	3958	3512
SDPR	3958	3513
SDPR	3961	3513
SDPR	3961	3514
SDPR	3962	3514
SDPR	3962	3515
SDPR	3968	3515
SDPR	3968	3516
SDPR	3974	3516
SDPR	3974	3517
SDPR	3976	3517
SDPR	3976	3518
SDPR	3978	3518
SDPR	3978	3521
SDPR	3983	3521
SDPR	3983	3522
SDPR	3986	3522
SDPR	3986	3524
SDPR	3987	3524
SDPR	3987	3525
SDPR	3993	3525
SDPR	3993	3526
SDPR	3995	3526
SDPR	3995	3527
SDPR	4000	3527
SDPR	4000	3528
SDPR	4004	3528
SDPR	4004	3529
SDPR	4005	3529
SDPR	4005	3530
SDPR	4006	3530
SDPR	4006	3531
SDPR	4008	3531
SDPR	4008	3532
SDPR	4011	3532
SDPR	4011	3533
SDPR	4013	3533
SDPR	4013	3534
SDPR	4017	3534
SDPR	4017	3535
SDPR	4021	3535
SDPR	4021	3538
SDPR	4025	3538
SDPR	4025	3540
SDPR	4027	3540
SDPR	4027	3541
SDPR	4028	3541
SDPR	4028	3543
SDPR	4030	3543
SDPR	4030	3544
SDPR	4031	3544
SDPR	4031	3546
SDPR	4032	3546
SDPR	4032	3547
SDPR	4034	3547
SDPR	4034	3548
SDPR	4035	3548
SDPR	4035	3549
SDPR	4040	3549
SDPR	4040	3550
SDPR	4041	3550
SDPR	4041	3551
SDPR	4043	3551
SDPR	4043	3553
SDPR	4045	3553
SDPR	4045	3556
SDPR	4049	3556
SDPR	4049	3557
SDPR	4053	3557
SDPR	4053	3559
SDPR	4054	3559
SDPR	4054	3560
SDPR	4055	3560
SDPR	4055	3561
SDPR	4056	3561
SDPR	4056	3564
SDPR	4057	3564
SDPR	4057	3565
SDPR	4058	3565
SDPR	4058	3566
SDPR	4059	3566
SDPR	4059	3567
SDPR	4065	3567
SDPR	4065	3571
SDPR	4076	3571
SDPR	4076	3572
SDPR	4077	3572
SDPR	4077	3573
SDPR	4078	3573
SDPR	4078	3574
SDPR	4079	3574
SDPR	4079	3576
SDPR	4083	3576
SDPR	4083	3577
SDPR	4088	3577
SDPR	4088	3578
SDPR	4091	3578
SDPR	4091	3579
SDPR	4093	3579
SDPR	4093	3580
SDPR	4095	3580
SDPR	4095	3581
SDPR	4101	3581
SDPR	4101	3582
SDPR	4102	3582
SDPR	4102	3583
SDPR	4105	3583
SDPR	4105	3584
SDPR	4107	3584
SDPR	4107	3585
SDPR	4112	3585
SDPR	4112	3586
SDPR	4114	3586
SDPR	4114	3587
SDPR	4116	3587
SDPR	4116	3589
SDPR	4121	3589
SDPR	4121	3591
SDPR	4123	3591
SDPR	4123	3594
SDPR	4126	3594
SDPR	4126	3596
SDPR	4137	3596
SDPR	4137	3597
