method	false_positives	true_positives
epiBrainLLM	0	0
epiBrainLLM	0	1
epiBrainLLM	0	9
epiBrainLLM	1	9
epiBrainLLM	1	19
epiBrainLLM	2	19
epiBrainLLM	2	21
epiBrainLLM	3	21
epiBrainLLM	3	37
epiBrainLLM	4	37
epiBrainLLM	4	52
epiBrainLLM	5	52
epiBrainLLM	5	73
epiBrainLLM	6	73
epiBrainLLM	6	80
epiBrainLLM	7	80
epiBrainLLM	7	89
epiBrainLLM	8	89
epiBrainLLM	8	90
epiBrainLLM	9	90
epiBrainLLM	9	94
epiBrainLLM	10	94
epiBrainLLM	10	101
epiBrainLLM	11	101
epiBrainLLM	11	102
epiBrainLLM	12	102
epiBrainLLM	12	123
epiBrainLLM	13	123
epiBrainLLM	13	129
epiBrainLLM	15	129
epiBrainLLM	15	140
epiBrainLLM	17	140
epiBrainLLM	17	141
epiBrainLLM	18	141
epiBrainLLM	18	158
epiBrainLLM	19	158
epiBrainLLM	19	161
epiBrainLLM	20	161
epiBrainLLM	20	164
epiBrainLLM	21	164
epiBrainLLM	21	171
epiBrainLLM	22	171
epiBrainLLM	22	176
epiBrainLLM	24	176
epiBrainLLM	24	177
epiBrainLLM	25	177
epiBrainLLM	25	178
epiBrainLLM	26	178
epiBrainLLM	26	192
epiBrainLLM	27	192
epiBrainLLM	27	198
epiBrainLLM	28	198
epiBrainLLM	28	202
epiBrainLLM	29	202
epiBrainLLM	29	205
epiBrainLLM	30	205
epiBrainLLM	30	209
epiBrainLLM	31	209
epiBrainLLM	31	213
epiBrainLLM	32	213
epiBrainLLM	32	215
epiBrainLLM	33	215
epiBrainLLM	33	217
epiBrainLLM	34	217
epiBrainLLM	34	218
epiBrainLLM	35	218
epiBrainLLM	35	223
epiBrainLLM	36	223
epiBrainLLM	36	240
epiBrainLLM	37	240
epiBrainLLM	37	242
epiBrainLLM	38	242
epiBrainLLM	38	245
epiBrainLLM	41	245
epiBrainLLM	41	246
epiBrainLLM	42	246
epiBrainLLM	42	248
epiBrainLLM	43	248
epiBrainLLM	43	251
epiBrainLLM	48	251
epiBrainLLM	48	254
epiBrainLLM	49	254
epiBrainLLM	49	259
epiBrainLLM	50	259
epiBrainLLM	50	261
epiBrainLLM	52	261
epiBrainLLM	52	266
epiBrainLLM	53	266
epiBrainLLM	53	280
epiBrainLLM	54	280
epiBrainLLM	54	286
epiBrainLLM	55	286
epiBrainLLM	55	287
epiBrainLLM	58	287
epiBrainLLM	58	295
epiBrainLLM	59	295
epiBrainLLM	59	299
epiBrainLLM	60	299
epiBrainLLM	60	300
epiBrainLLM	61	300
epiBrainLLM	61	309
epiBrainLLM	62	309
epiBrainLLM	62	312
epiBrainLLM	63	312
epiBrainLLM	63	315
epiBrainLLM	64	315
epiBrainLLM	64	317
epiBrainLLM	65	317
epiBrainLLM	65	325
epiBrainLLM	66	325
epiBrainLLM	66	328
epiBrainLLM	67	328
epiBrainLLM	67	332
epiBrainLLM	68	332
epiBrainLLM	68	334
epiBrainLLM	69	334
epiBrainLLM	69	344
epiBrainLLM	70	344
epiBrainLLM	70	352
epiBrainLLM	71	352
epiBrainLLM	71	362
epiBrainLLM	72	362
epiBrainLLM	72	367
epiBrainLLM	73	367
epiBrainLLM	73	368
epiBrainLLM	75	368
epiBrainLLM	75	372
epiBrainLLM	76	372
epiBrainLLM	76	374
epiBrainLLM	78	374
epiBrainLLM	78	379
epiBrainLLM	79	379
epiBrainLLM	79	383
epiBrainLLM	80	383
epiBrainLLM	80	390
epiBrainLLM	81	390
epiBrainLLM	81	393
epiBrainLLM	82	393
epiBrainLLM	82	394
epiBrainLLM	84	394
epiBrainLLM	84	405
epiBrainLLM	87	405
epiBrainLLM	87	413
epiBrainLLM	89	413
epiBrainLLM	89	422
epiBrainLLM	90	422
epiBrainLLM	90	427
epiBrainLLM	91	427
epiBrainLLM	91	435
epiBrainLLM	92	435
epiBrainLLM	92	436
epiBrainLLM	93	436
epiBrainLLM	93	438
epiBrainLLM	94	438
epiBrainLLM	94	440
epiBrainLLM	95	440
epiBrainLLM	95	442
epiBrainLLM	96	442
epiBrainLLM	96	445
epiBrainLLM	97	445
epiBrainLLM	97	448
epiBrainLLM	100	448
epiBrainLLM	100	452
epiBrainLLM	101	452
epiBrainLLM	101	471
epiBrainLLM	102	471
epiBrainLLM	102	474
epiBrainLLM	103	474
epiBrainLLM	103	478
epiBrainLLM	104	478
epiBrainLLM	104	485
epiBrainLLM	105	485
epiBrainLLM	105	488
epiBrainLLM	106	488
epiBrainLLM	106	491
epiBrainLLM	109	491
epiBrainLLM	109	494
epiBrainLLM	110	494
epiBrainLLM	110	495
epiBrainLLM	111	495
epiBrainLLM	111	497
epiBrainLLM	113	497
epiBrainLLM	113	499
epiBrainLLM	114	499
epiBrainLLM	114	501
epiBrainLLM	115	501
epiBrainLLM	115	502
epiBrainLLM	116	502
epiBrainLLM	116	503
epiBrainLLM	117	503
epiBrainLLM	117	506
epiBrainLLM	119	506
epiBrainLLM	119	508
epiBrainLLM	120	508
epiBrainLLM	120	515
epiBrainLLM	122	515
epiBrainLLM	122	517
epiBrainLLM	123	517
epiBrainLLM	123	521
epiBrainLLM	124	521
epiBrainLLM	124	523
epiBrainLLM	125	523
epiBrainLLM	125	525
epiBrainLLM	126	525
epiBrainLLM	126	528
epiBrainLLM	127	528
epiBrainLLM	127	538
epiBrainLLM	128	538
epiBrainLLM	128	540
epiBrainLLM	129	540
epiBrainLLM	129	541
epiBrainLLM	131	541
epiBrainLLM	131	547
epiBrainLLM	132	547
epiBrainLLM	132	552
epiBrainLLM	133	552
epiBrainLLM	133	553
epiBrainLLM	135	553
epiBrainLLM	135	555
epiBrainLLM	136	555
epiBrainLLM	136	556
epiBrainLLM	139	556
epiBrainLLM	139	559
epiBrainLLM	140	559
epiBrainLLM	140	562
epiBrainLLM	141	562
epiBrainLLM	141	563
epiBrainLLM	142	563
epiBrainLLM	142	569
epiBrainLLM	143	569
epiBrainLLM	143	570
epiBrainLLM	145	570
epiBrainLLM	145	575
epiBrainLLM	146	575
epiBrainLLM	146	582
epiBrainLLM	147	582
epiBrainLLM	147	584
epiBrainLLM	148	584
epiBrainLLM	148	587
epiBrainLLM	149	587
epiBrainLLM	149	592
epiBrainLLM	150	592
epiBrainLLM	150	602
epiBrainLLM	151	602
epiBrainLLM	151	606
epiBrainLLM	153	606
epiBrainLLM	153	616
epiBrainLLM	154	616
epiBrainLLM	154	617
epiBrainLLM	157	617
epiBrainLLM	157	622
epiBrainLLM	158	622
epiBrainLLM	158	624
epiBrainLLM	159	624
epiBrainLLM	159	626
epiBrainLLM	160	626
epiBrainLLM	160	629
epiBrainLLM	161	629
epiBrainLLM	161	630
epiBrainLLM	162	630
epiBrainLLM	162	632
epiBrainLLM	164	632
epiBrainLLM	164	633
epiBrainLLM	165	633
epiBrainLLM	165	634
epiBrainLLM	166	634
epiBrainLLM	166	636
epiBrainLLM	168	636
epiBrainLLM	168	647
epiBrainLLM	170	647
epiBrainLLM	170	648
epiBrainLLM	171	648
epiBrainLLM	171	653
epiBrainLLM	173	653
epiBrainLLM	173	657
epiBrainLLM	174	657
epiBrainLLM	174	658
epiBrainLLM	175	658
epiBrainLLM	175	660
epiBrainLLM	177	660
epiBrainLLM	177	663
epiBrainLLM	179	663
epiBrainLLM	179	664
epiBrainLLM	180	664
epiBrainLLM	180	670
epiBrainLLM	181	670
epiBrainLLM	181	672
epiBrainLLM	182	672
epiBrainLLM	182	675
epiBrainLLM	185	675
epiBrainLLM	185	678
epiBrainLLM	186	678
epiBrainLLM	186	685
epiBrainLLM	187	685
epiBrainLLM	187	691
epiBrainLLM	188	691
epiBrainLLM	188	692
epiBrainLLM	189	692
epiBrainLLM	189	696
epiBrainLLM	190	696
epiBrainLLM	190	709
epiBrainLLM	191	709
epiBrainLLM	191	715
epiBrainLLM	192	715
epiBrainLLM	192	719
epiBrainLLM	193	719
epiBrainLLM	193	721
epiBrainLLM	194	721
epiBrainLLM	194	723
epiBrainLLM	195	723
epiBrainLLM	195	724
epiBrainLLM	196	724
epiBrainLLM	196	733
epiBrainLLM	197	733
epiBrainLLM	197	747
epiBrainLLM	200	747
epiBrainLLM	200	753
epiBrainLLM	202	753
epiBrainLLM	202	754
epiBrainLLM	203	754
epiBrainLLM	203	755
epiBrainLLM	204	755
epiBrainLLM	204	760
epiBrainLLM	205	760
epiBrainLLM	205	763
epiBrainLLM	206	763
epiBrainLLM	206	765
epiBrainLLM	208	765
epiBrainLLM	208	771
epiBrainLLM	209	771
epiBrainLLM	209	777
epiBrainLLM	210	777
epiBrainLLM	210	783
epiBrainLLM	211	783
epiBrainLLM	211	786
epiBrainLLM	212	786
epiBrainLLM	212	792
epiBrainLLM	213	792
epiBrainLLM	213	806
epiBrainLLM	214	806
epiBrainLLM	214	810
epiBrainLLM	216	810
epiBrainLLM	216	812
epiBrainLLM	217	812
epiBrainLLM	217	828
epiBrainLLM	218	828
epiBrainLLM	218	833
epiBrainLLM	219	833
epiBrainLLM	219	839
epiBrainLLM	220	839
epiBrainLLM	220	851
epiBrainLLM	221	851
epiBrainLLM	221	855
epiBrainLLM	222	855
epiBrainLLM	222	856
epiBrainLLM	223	856
epiBrainLLM	223	858
epiBrainLLM	224	858
epiBrainLLM	224	859
epiBrainLLM	225	859
epiBrainLLM	225	861
epiBrainLLM	226	861
epiBrainLLM	226	864
epiBrainLLM	228	864
epiBrainLLM	228	865
epiBrainLLM	229	865
epiBrainLLM	229	869
epiBrainLLM	233	869
epiBrainLLM	233	871
epiBrainLLM	235	871
epiBrainLLM	235	872
epiBrainLLM	236	872
epiBrainLLM	236	875
epiBrainLLM	237	875
epiBrainLLM	237	877
epiBrainLLM	239	877
epiBrainLLM	239	879
epiBrainLLM	241	879
epiBrainLLM	241	885
epiBrainLLM	242	885
epiBrainLLM	242	887
epiBrainLLM	243	887
epiBrainLLM	243	891
epiBrainLLM	245	891
epiBrainLLM	245	893
epiBrainLLM	246	893
epiBrainLLM	246	903
epiBrainLLM	247	903
epiBrainLLM	247	906
epiBrainLLM	248	906
epiBrainLLM	248	910
epiBrainLLM	249	910
epiBrainLLM	249	922
epiBrainLLM	250	922
epiBrainLLM	250	924
epiBrainLLM	251	924
epiBrainLLM	251	928
epiBrainLLM	253	928
epiBrainLLM	253	933
epiBrainLLM	255	933
epiBrainLLM	255	934
epiBrainLLM	258	934
epiBrainLLM	258	935
epiBrainLLM	259	935
epiBrainLLM	259	937
epiBrainLLM	261	937
epiBrainLLM	261	947
epiBrainLLM	264	947
epiBrainLLM	264	948
epiBrainLLM	265	948
epiBrainLLM	265	951
epiBrainLLM	266	951
epiBrainLLM	266	956
epiBrainLLM	267	956
epiBrainLLM	267	958
epiBrainLLM	268	958
epiBrainLLM	268	964
epiBrainLLM	269	964
epiBrainLLM	269	966
epiBrainLLM	270	966
epiBrainLLM	270	968
epiBrainLLM	271	968
epiBrainLLM	271	973
epiBrainLLM	272	973
epiBrainLLM	272	974
epiBrainLLM	274	974
epiBrainLLM	274	981
epiBrainLLM	275	981
epiBrainLLM	275	982
epiBrainLLM	276	982
epiBrainLLM	276	984
epiBrainLLM	277	984
epiBrainLLM	277	985
epiBrainLLM	278	985
epiBrainLLM	278	986
epiBrainLLM	279	986
epiBrainLLM	279	999
epiBrainLLM	280	999
epiBrainLLM	280	1001
epiBrainLLM	281	1001
epiBrainLLM	281	1002
epiBrainLLM	282	1002
epiBrainLLM	282	1008
epiBrainLLM	283	1008
epiBrainLLM	283	1009
epiBrainLLM	284	1009
epiBrainLLM	284	1015
epiBrainLLM	285	1015
epiBrainLLM	285	1018
epiBrainLLM	286	1018
epiBrainLLM	286	1023
epiBrainLLM	287	1023
epiBrainLLM	287	1025
epiBrainLLM	288	1025
epiBrainLLM	288	1028
epiBrainLLM	289	1028
epiBrainLLM	289	1029
epiBrainLLM	291	1029
epiBrainLLM	291	1032
epiBrainLLM	293	1032
epiBrainLLM	293	1040
epiBrainLLM	295	1040
epiBrainLLM	295	1043
epiBrainLLM	296	1043
epiBrainLLM	296	1046
epiBrainLLM	297	1046
epiBrainLLM	297	1047
epiBrainLLM	298	1047
epiBrainLLM	298	1054
epiBrainLLM	300	1054
epiBrainLLM	300	1058
epiBrainLLM	302	1058
epiBrainLLM	302	1061
epiBrainLLM	303	1061
epiBrainLLM	303	1064
epiBrainLLM	304	1064
epiBrainLLM	304	1069
epiBrainLLM	306	1069
epiBrainLLM	306	1071
epiBrainLLM	307	1071
epiBrainLLM	307	1072
epiBrainLLM	308	1072
epiBrainLLM	308	1076
epiBrainLLM	309	1076
epiBrainLLM	309	1078
epiBrainLLM	310	1078
epiBrainLLM	310	1079
epiBrainLLM	311	1079
epiBrainLLM	311	1083
epiBrainLLM	312	1083
epiBrainLLM	312	1084
epiBrainLLM	313	1084
epiBrainLLM	313	1091
epiBrainLLM	317	1091
epiBrainLLM	317	1093
epiBrainLLM	318	1093
epiBrainLLM	318	1102
epiBrainLLM	320	1102
epiBrainLLM	320	1104
epiBrainLLM	321	1104
epiBrainLLM	321	1105
epiBrainLLM	324	1105
epiBrainLLM	324	1107
epiBrainLLM	325	1107
epiBrainLLM	325	1113
epiBrainLLM	326	1113
epiBrainLLM	326	1114
epiBrainLLM	327	1114
epiBrainLLM	327	1117
epiBrainLLM	328	1117
epiBrainLLM	328	1118
epiBrainLLM	329	1118
epiBrainLLM	329	1119
epiBrainLLM	330	1119
epiBrainLLM	330	1122
epiBrainLLM	333	1122
epiBrainLLM	333	1126
epiBrainLLM	336	1126
epiBrainLLM	336	1129
epiBrainLLM	337	1129
epiBrainLLM	337	1137
epiBrainLLM	338	1137
epiBrainLLM	338	1138
epiBrainLLM	340	1138
epiBrainLLM	340	1140
epiBrainLLM	343	1140
epiBrainLLM	343	1149
epiBrainLLM	344	1149
epiBrainLLM	344	1157
epiBrainLLM	346	1157
epiBrainLLM	346	1158
epiBrainLLM	347	1158
epiBrainLLM	347	1164
epiBrainLLM	349	1164
epiBrainLLM	349	1167
epiBrainLLM	350	1167
epiBrainLLM	350	1168
epiBrainLLM	351	1168
epiBrainLLM	351	1169
epiBrainLLM	352	1169
epiBrainLLM	352	1176
epiBrainLLM	353	1176
epiBrainLLM	353	1179
epiBrainLLM	354	1179
epiBrainLLM	354	1180
epiBrainLLM	356	1180
epiBrainLLM	356	1182
epiBrainLLM	357	1182
epiBrainLLM	357	1184
epiBrainLLM	358	1184
epiBrainLLM	358	1185
epiBrainLLM	359	1185
epiBrainLLM	359	1186
epiBrainLLM	360	1186
epiBrainLLM	360	1190
epiBrainLLM	361	1190
epiBrainLLM	361	1193
epiBrainLLM	362	1193
epiBrainLLM	362	1195
epiBrainLLM	363	1195
epiBrainLLM	363	1196
epiBrainLLM	364	1196
epiBrainLLM	364	1197
epiBrainLLM	365	1197
epiBrainLLM	365	1201
epiBrainLLM	366	1201
epiBrainLLM	366	1207
epiBrainLLM	368	1207
epiBrainLLM	368	1209
epiBrainLLM	369	1209
epiBrainLLM	369	1217
epiBrainLLM	370	1217
epiBrainLLM	370	1221
epiBrainLLM	372	1221
epiBrainLLM	372	1224
epiBrainLLM	374	1224
epiBrainLLM	374	1225
epiBrainLLM	376	1225
epiBrainLLM	376	1226
epiBrainLLM	377	1226
epiBrainLLM	377	1228
epiBrainLLM	379	1228
epiBrainLLM	379	1236
epiBrainLLM	381	1236
epiBrainLLM	381	1244
epiBrainLLM	382	1244
epiBrainLLM	382	1246
epiBrainLLM	387	1246
epiBrainLLM	387	1247
epiBrainLLM	388	1247
epiBrainLLM	388	1251
epiBrainLLM	390	1251
epiBrainLLM	390	1257
epiBrainLLM	392	1257
epiBrainLLM	392	1258
epiBrainLLM	396	1258
epiBrainLLM	396	1262
epiBrainLLM	397	1262
epiBrainLLM	397	1270
epiBrainLLM	398	1270
epiBrainLLM	398	1273
epiBrainLLM	400	1273
epiBrainLLM	400	1276
epiBrainLLM	401	1276
epiBrainLLM	401	1277
epiBrainLLM	402	1277
epiBrainLLM	402	1278
epiBrainLLM	403	1278
epiBrainLLM	403	1283
epiBrainLLM	404	1283
epiBrainLLM	404	1285
epiBrainLLM	405	1285
epiBrainLLM	405	1287
epiBrainLLM	406	1287
epiBrainLLM	406	1289
epiBrainLLM	407	1289
epiBrainLLM	407	1293
epiBrainLLM	408	1293
epiBrainLLM	408	1296
epiBrainLLM	409	1296
epiBrainLLM	409	1297
epiBrainLLM	410	1297
epiBrainLLM	410	1318
epiBrainLLM	411	1318
epiBrainLLM	411	1326
epiBrainLLM	412	1326
epiBrainLLM	412	1328
epiBrainLLM	413	1328
epiBrainLLM	413	1329
epiBrainLLM	414	1329
epiBrainLLM	414	1331
epiBrainLLM	415	1331
epiBrainLLM	415	1337
epiBrainLLM	416	1337
epiBrainLLM	416	1338
epiBrainLLM	418	1338
epiBrainLLM	418	1339
epiBrainLLM	419	1339
epiBrainLLM	419	1346
epiBrainLLM	420	1346
epiBrainLLM	420	1350
epiBrainLLM	421	1350
epiBrainLLM	421	1351
epiBrainLLM	423	1351
epiBrainLLM	423	1352
epiBrainLLM	425	1352
epiBrainLLM	425	1353
epiBrainLLM	426	1353
epiBrainLLM	426	1354
epiBrainLLM	428	1354
epiBrainLLM	428	1357
epiBrainLLM	429	1357
epiBrainLLM	429	1359
epiBrainLLM	430	1359
epiBrainLLM	430	1364
epiBrainLLM	434	1364
epiBrainLLM	434	1367
epiBrainLLM	436	1367
epiBrainLLM	436	1371
epiBrainLLM	438	1371
epiBrainLLM	438	1372
epiBrainLLM	439	1372
epiBrainLLM	439	1373
epiBrainLLM	440	1373
epiBrainLLM	440	1375
epiBrainLLM	441	1375
epiBrainLLM	441	1376
epiBrainLLM	442	1376
epiBrainLLM	442	1377
epiBrainLLM	444	1377
epiBrainLLM	444	1384
epiBrainLLM	445	1384
epiBrainLLM	445	1387
epiBrainLLM	447	1387
epiBrainLLM	447	1399
epiBrainLLM	448	1399
epiBrainLLM	448	1408
epiBrainLLM	450	1408
epiBrainLLM	450	1409
epiBrainLLM	452	1409
epiBrainLLM	452	1414
epiBrainLLM	454	1414
epiBrainLLM	454	1416
epiBrainLLM	455	1416
epiBrainLLM	455	1420
epiBrainLLM	457	1420
epiBrainLLM	457	1421
epiBrainLLM	460	1421
epiBrainLLM	460	1423
epiBrainLLM	461	1423
epiBrainLLM	461	1424
epiBrainLLM	462	1424
epiBrainLLM	462	1427
epiBrainLLM	463	1427
epiBrainLLM	463	1428
epiBrainLLM	465	1428
epiBrainLLM	465	1430
epiBrainLLM	466	1430
epiBrainLLM	466	1432
epiBrainLLM	467	1432
epiBrainLLM	467	1435
epiBrainLLM	468	1435
epiBrainLLM	468	1437
epiBrainLLM	469	1437
epiBrainLLM	469	1439
epiBrainLLM	470	1439
epiBrainLLM	470	1442
epiBrainLLM	471	1442
epiBrainLLM	471	1443
epiBrainLLM	472	1443
epiBrainLLM	472	1444
epiBrainLLM	473	1444
epiBrainLLM	473	1446
epiBrainLLM	475	1446
epiBrainLLM	475	1448
epiBrainLLM	476	1448
epiBrainLLM	476	1450
epiBrainLLM	477	1450
epiBrainLLM	477	1453
epiBrainLLM	478	1453
epiBrainLLM	478	1454
epiBrainLLM	479	1454
epiBrainLLM	479	1455
epiBrainLLM	480	1455
epiBrainLLM	480	1456
epiBrainLLM	481	1456
epiBrainLLM	481	1460
epiBrainLLM	482	1460
epiBrainLLM	482	1465
epiBrainLLM	484	1465
epiBrainLLM	484	1468
epiBrainLLM	485	1468
epiBrainLLM	485	1472
epiBrainLLM	486	1472
epiBrainLLM	486	1483
epiBrainLLM	490	1483
epiBrainLLM	490	1488
epiBrainLLM	492	1488
epiBrainLLM	492	1496
epiBrainLLM	493	1496
epiBrainLLM	493	1498
epiBrainLLM	494	1498
epiBrainLLM	494	1505
epiBrainLLM	496	1505
epiBrainLLM	496	1510
epiBrainLLM	498	1510
epiBrainLLM	498	1511
epiBrainLLM	499	1511
epiBrainLLM	499	1515
epiBrainLLM	500	1515
epiBrainLLM	500	1519
epiBrainLLM	501	1519
epiBrainLLM	501	1523
epiBrainLLM	502	1523
epiBrainLLM	502	1524
epiBrainLLM	503	1524
epiBrainLLM	503	1529
epiBrainLLM	505	1529
epiBrainLLM	505	1533
epiBrainLLM	506	1533
epiBrainLLM	506	1534
epiBrainLLM	507	1534
epiBrainLLM	507	1536
epiBrainLLM	510	1536
epiBrainLLM	510	1537
epiBrainLLM	514	1537
epiBrainLLM	514	1539
epiBrainLLM	515	1539
epiBrainLLM	515	1541
epiBrainLLM	516	1541
epiBrainLLM	516	1542
epiBrainLLM	519	1542
epiBrainLLM	519	1543
epiBrainLLM	521	1543
epiBrainLLM	521	1548
epiBrainLLM	522	1548
epiBrainLLM	522	1553
epiBrainLLM	525	1553
epiBrainLLM	525	1557
epiBrainLLM	527	1557
epiBrainLLM	527	1558
epiBrainLLM	528	1558
epiBrainLLM	528	1559
epiBrainLLM	529	1559
epiBrainLLM	529	1563
epiBrainLLM	531	1563
epiBrainLLM	531	1570
epiBrainLLM	533	1570
epiBrainLLM	533	1576
epiBrainLLM	535	1576
epiBrainLLM	535	1578
epiBrainLLM	537	1578
epiBrainLLM	537	1580
epiBrainLLM	538	1580
epiBrainLLM	538	1582
epiBrainLLM	539	1582
epiBrainLLM	539	1583
epiBrainLLM	540	1583
epiBrainLLM	540	1585
epiBrainLLM	541	1585
epiBrainLLM	541	1587
epiBrainLLM	545	1587
epiBrainLLM	545	1588
epiBrainLLM	546	1588
epiBrainLLM	546	1594
epiBrainLLM	547	1594
epiBrainLLM	547	1608
epiBrainLLM	548	1608
epiBrainLLM	548	1611
epiBrainLLM	552	1611
epiBrainLLM	552	1613
epiBrainLLM	554	1613
epiBrainLLM	554	1614
epiBrainLLM	555	1614
epiBrainLLM	555	1616
epiBrainLLM	556	1616
epiBrainLLM	556	1617
epiBrainLLM	558	1617
epiBrainLLM	558	1618
epiBrainLLM	559	1618
epiBrainLLM	559	1620
epiBrainLLM	560	1620
epiBrainLLM	560	1623
epiBrainLLM	562	1623
epiBrainLLM	562	1624
epiBrainLLM	564	1624
epiBrainLLM	564	1629
epiBrainLLM	565	1629
epiBrainLLM	565	1630
epiBrainLLM	567	1630
epiBrainLLM	567	1634
epiBrainLLM	568	1634
epiBrainLLM	568	1638
epiBrainLLM	569	1638
epiBrainLLM	569	1647
epiBrainLLM	571	1647
epiBrainLLM	571	1667
epiBrainLLM	574	1667
epiBrainLLM	574	1672
epiBrainLLM	575	1672
epiBrainLLM	575	1676
epiBrainLLM	577	1676
epiBrainLLM	577	1678
epiBrainLLM	578	1678
epiBrainLLM	578	1679
epiBrainLLM	579	1679
epiBrainLLM	579	1681
epiBrainLLM	582	1681
epiBrainLLM	582	1686
epiBrainLLM	583	1686
epiBrainLLM	583	1688
epiBrainLLM	586	1688
epiBrainLLM	586	1694
epiBrainLLM	587	1694
epiBrainLLM	587	1695
epiBrainLLM	588	1695
epiBrainLLM	588	1696
epiBrainLLM	589	1696
epiBrainLLM	589	1699
epiBrainLLM	590	1699
epiBrainLLM	590	1706
epiBrainLLM	591	1706
epiBrainLLM	591	1714
epiBrainLLM	593	1714
epiBrainLLM	593	1726
epiBrainLLM	594	1726
epiBrainLLM	594	1729
epiBrainLLM	597	1729
epiBrainLLM	597	1737
epiBrainLLM	598	1737
epiBrainLLM	598	1738
epiBrainLLM	599	1738
epiBrainLLM	599	1739
epiBrainLLM	600	1739
epiBrainLLM	600	1741
epiBrainLLM	601	1741
epiBrainLLM	601	1743
epiBrainLLM	602	1743
epiBrainLLM	602	1745
epiBrainLLM	603	1745
epiBrainLLM	603	1747
epiBrainLLM	605	1747
epiBrainLLM	605	1749
epiBrainLLM	606	1749
epiBrainLLM	606	1751
epiBrainLLM	607	1751
epiBrainLLM	607	1753
epiBrainLLM	608	1753
epiBrainLLM	608	1760
epiBrainLLM	609	1760
epiBrainLLM	609	1763
epiBrainLLM	610	1763
epiBrainLLM	610	1767
epiBrainLLM	611	1767
epiBrainLLM	611	1768
epiBrainLLM	614	1768
epiBrainLLM	614	1770
epiBrainLLM	616	1770
epiBrainLLM	616	1774
epiBrainLLM	617	1774
epiBrainLLM	617	1779
epiBrainLLM	618	1779
epiBrainLLM	618	1781
epiBrainLLM	620	1781
epiBrainLLM	620	1784
epiBrainLLM	621	1784
epiBrainLLM	621	1786
epiBrainLLM	622	1786
epiBrainLLM	622	1790
epiBrainLLM	623	1790
epiBrainLLM	623	1791
epiBrainLLM	625	1791
epiBrainLLM	625	1796
epiBrainLLM	626	1796
epiBrainLLM	626	1799
epiBrainLLM	629	1799
epiBrainLLM	629	1803
epiBrainLLM	631	1803
epiBrainLLM	631	1810
epiBrainLLM	632	1810
epiBrainLLM	632	1815
epiBrainLLM	635	1815
epiBrainLLM	635	1823
epiBrainLLM	636	1823
epiBrainLLM	636	1825
epiBrainLLM	637	1825
epiBrainLLM	637	1830
epiBrainLLM	638	1830
epiBrainLLM	638	1832
epiBrainLLM	640	1832
epiBrainLLM	640	1836
epiBrainLLM	642	1836
epiBrainLLM	642	1838
epiBrainLLM	643	1838
epiBrainLLM	643	1840
epiBrainLLM	644	1840
epiBrainLLM	644	1841
epiBrainLLM	645	1841
epiBrainLLM	645	1842
epiBrainLLM	646	1842
epiBrainLLM	646	1845
epiBrainLLM	648	1845
epiBrainLLM	648	1848
epiBrainLLM	649	1848
epiBrainLLM	649	1849
epiBrainLLM	651	1849
epiBrainLLM	651	1851
epiBrainLLM	652	1851
epiBrainLLM	652	1853
epiBrainLLM	654	1853
epiBrainLLM	654	1856
epiBrainLLM	657	1856
epiBrainLLM	657	1861
epiBrainLLM	658	1861
epiBrainLLM	658	1864
epiBrainLLM	659	1864
epiBrainLLM	659	1871
epiBrainLLM	660	1871
epiBrainLLM	660	1874
epiBrainLLM	661	1874
epiBrainLLM	661	1875
epiBrainLLM	663	1875
epiBrainLLM	663	1880
epiBrainLLM	665	1880
epiBrainLLM	665	1883
epiBrainLLM	666	1883
epiBrainLLM	666	1893
epiBrainLLM	667	1893
epiBrainLLM	667	1896
epiBrainLLM	668	1896
epiBrainLLM	668	1901
epiBrainLLM	669	1901
epiBrainLLM	669	1905
epiBrainLLM	673	1905
epiBrainLLM	673	1906
epiBrainLLM	674	1906
epiBrainLLM	674	1908
epiBrainLLM	675	1908
epiBrainLLM	675	1909
epiBrainLLM	676	1909
epiBrainLLM	676	1910
epiBrainLLM	677	1910
epiBrainLLM	677	1912
epiBrainLLM	678	1912
epiBrainLLM	678	1919
epiBrainLLM	679	1919
epiBrainLLM	679	1921
epiBrainLLM	680	1921
epiBrainLLM	680	1928
epiBrainLLM	682	1928
epiBrainLLM	682	1930
epiBrainLLM	683	1930
epiBrainLLM	683	1933
epiBrainLLM	684	1933
epiBrainLLM	684	1937
epiBrainLLM	686	1937
epiBrainLLM	686	1939
epiBrainLLM	692	1939
epiBrainLLM	692	1942
epiBrainLLM	693	1942
epiBrainLLM	693	1945
epiBrainLLM	694	1945
epiBrainLLM	694	1946
epiBrainLLM	695	1946
epiBrainLLM	695	1947
epiBrainLLM	696	1947
epiBrainLLM	696	1948
epiBrainLLM	698	1948
epiBrainLLM	698	1950
epiBrainLLM	700	1950
epiBrainLLM	700	1951
epiBrainLLM	704	1951
epiBrainLLM	704	1952
epiBrainLLM	705	1952
epiBrainLLM	705	1953
epiBrainLLM	707	1953
epiBrainLLM	707	1954
epiBrainLLM	708	1954
epiBrainLLM	708	1956
epiBrainLLM	709	1956
epiBrainLLM	709	1958
epiBrainLLM	711	1958
epiBrainLLM	711	1960
epiBrainLLM	713	1960
epiBrainLLM	713	1963
epiBrainLLM	714	1963
epiBrainLLM	714	1965
epiBrainLLM	717	1965
epiBrainLLM	717	1967
epiBrainLLM	718	1967
epiBrainLLM	718	1969
epiBrainLLM	719	1969
epiBrainLLM	719	1975
epiBrainLLM	720	1975
epiBrainLLM	720	1984
epiBrainLLM	722	1984
epiBrainLLM	722	1985
epiBrainLLM	723	1985
epiBrainLLM	723	1986
epiBrainLLM	724	1986
epiBrainLLM	724	1988
epiBrainLLM	725	1988
epiBrainLLM	725	1994
epiBrainLLM	726	1994
epiBrainLLM	726	1998
epiBrainLLM	729	1998
epiBrainLLM	729	1999
epiBrainLLM	731	1999
epiBrainLLM	731	2000
epiBrainLLM	735	2000
epiBrainLLM	735	2001
epiBrainLLM	736	2001
epiBrainLLM	736	2002
epiBrainLLM	738	2002
epiBrainLLM	738	2003
epiBrainLLM	739	2003
epiBrainLLM	739	2005
epiBrainLLM	740	2005
epiBrainLLM	740	2006
epiBrainLLM	741	2006
epiBrainLLM	741	2007
epiBrainLLM	742	2007
epiBrainLLM	742	2010
epiBrainLLM	743	2010
epiBrainLLM	743	2014
epiBrainLLM	745	2014
epiBrainLLM	745	2020
epiBrainLLM	747	2020
epiBrainLLM	747	2021
epiBrainLLM	748	2021
epiBrainLLM	748	2024
epiBrainLLM	749	2024
epiBrainLLM	749	2028
epiBrainLLM	751	2028
epiBrainLLM	751	2031
epiBrainLLM	753	2031
epiBrainLLM	753	2040
epiBrainLLM	755	2040
epiBrainLLM	755	2043
epiBrainLLM	757	2043
epiBrainLLM	757	2044
epiBrainLLM	758	2044
epiBrainLLM	758	2046
epiBrainLLM	759	2046
epiBrainLLM	759	2047
epiBrainLLM	760	2047
epiBrainLLM	760	2051
epiBrainLLM	763	2051
epiBrainLLM	763	2054
epiBrainLLM	765	2054
epiBrainLLM	765	2056
epiBrainLLM	767	2056
epiBrainLLM	767	2062
epiBrainLLM	768	2062
epiBrainLLM	768	2069
epiBrainLLM	769	2069
epiBrainLLM	769	2070
epiBrainLLM	772	2070
epiBrainLLM	772	2073
epiBrainLLM	774	2073
epiBrainLLM	774	2088
epiBrainLLM	775	2088
epiBrainLLM	775	2090
epiBrainLLM	776	2090
epiBrainLLM	776	2098
epiBrainLLM	777	2098
epiBrainLLM	777	2101
epiBrainLLM	779	2101
epiBrainLLM	779	2111
epiBrainLLM	781	2111
epiBrainLLM	781	2113
epiBrainLLM	782	2113
epiBrainLLM	782	2121
epiBrainLLM	784	2121
epiBrainLLM	784	2122
epiBrainLLM	785	2122
epiBrainLLM	785	2125
epiBrainLLM	786	2125
epiBrainLLM	786	2128
epiBrainLLM	788	2128
epiBrainLLM	788	2131
epiBrainLLM	793	2131
epiBrainLLM	793	2133
epiBrainLLM	794	2133
epiBrainLLM	794	2137
epiBrainLLM	795	2137
epiBrainLLM	795	2138
epiBrainLLM	796	2138
epiBrainLLM	796	2139
epiBrainLLM	797	2139
epiBrainLLM	797	2145
epiBrainLLM	798	2145
epiBrainLLM	798	2146
epiBrainLLM	799	2146
epiBrainLLM	799	2148
epiBrainLLM	800	2148
epiBrainLLM	800	2149
epiBrainLLM	802	2149
epiBrainLLM	802	2155
epiBrainLLM	803	2155
epiBrainLLM	803	2161
epiBrainLLM	806	2161
epiBrainLLM	806	2163
epiBrainLLM	807	2163
epiBrainLLM	807	2164
epiBrainLLM	810	2164
epiBrainLLM	810	2165
epiBrainLLM	813	2165
epiBrainLLM	813	2168
epiBrainLLM	817	2168
epiBrainLLM	817	2171
epiBrainLLM	818	2171
epiBrainLLM	818	2180
epiBrainLLM	822	2180
epiBrainLLM	822	2183
epiBrainLLM	823	2183
epiBrainLLM	823	2186
epiBrainLLM	824	2186
epiBrainLLM	824	2188
epiBrainLLM	825	2188
epiBrainLLM	825	2190
epiBrainLLM	826	2190
epiBrainLLM	826	2193
epiBrainLLM	827	2193
epiBrainLLM	827	2194
epiBrainLLM	828	2194
epiBrainLLM	828	2200
epiBrainLLM	830	2200
epiBrainLLM	830	2203
epiBrainLLM	831	2203
epiBrainLLM	831	2204
epiBrainLLM	833	2204
epiBrainLLM	833	2207
epiBrainLLM	834	2207
epiBrainLLM	834	2208
epiBrainLLM	835	2208
epiBrainLLM	835	2209
epiBrainLLM	838	2209
epiBrainLLM	838	2210
epiBrainLLM	839	2210
epiBrainLLM	839	2214
epiBrainLLM	843	2214
epiBrainLLM	843	2215
epiBrainLLM	844	2215
epiBrainLLM	844	2220
epiBrainLLM	845	2220
epiBrainLLM	845	2223
epiBrainLLM	846	2223
epiBrainLLM	846	2227
epiBrainLLM	848	2227
epiBrainLLM	848	2232
epiBrainLLM	849	2232
epiBrainLLM	849	2233
epiBrainLLM	850	2233
epiBrainLLM	850	2235
epiBrainLLM	851	2235
epiBrainLLM	851	2237
epiBrainLLM	852	2237
epiBrainLLM	852	2239
epiBrainLLM	853	2239
epiBrainLLM	853	2245
epiBrainLLM	855	2245
epiBrainLLM	855	2246
epiBrainLLM	858	2246
epiBrainLLM	858	2250
epiBrainLLM	859	2250
epiBrainLLM	859	2252
epiBrainLLM	860	2252
epiBrainLLM	860	2253
epiBrainLLM	861	2253
epiBrainLLM	861	2257
epiBrainLLM	863	2257
epiBrainLLM	863	2262
epiBrainLLM	867	2262
epiBrainLLM	867	2264
epiBrainLLM	868	2264
epiBrainLLM	868	2268
epiBrainLLM	871	2268
epiBrainLLM	871	2270
epiBrainLLM	873	2270
epiBrainLLM	873	2272
epiBrainLLM	874	2272
epiBrainLLM	874	2275
epiBrainLLM	875	2275
epiBrainLLM	875	2276
epiBrainLLM	877	2276
epiBrainLLM	877	2278
epiBrainLLM	880	2278
epiBrainLLM	880	2282
epiBrainLLM	881	2282
epiBrainLLM	881	2284
epiBrainLLM	882	2284
epiBrainLLM	882	2285
epiBrainLLM	883	2285
epiBrainLLM	883	2287
epiBrainLLM	885	2287
epiBrainLLM	885	2290
epiBrainLLM	888	2290
epiBrainLLM	888	2298
epiBrainLLM	891	2298
epiBrainLLM	891	2300
epiBrainLLM	892	2300
epiBrainLLM	892	2302
epiBrainLLM	893	2302
epiBrainLLM	893	2303
epiBrainLLM	894	2303
epiBrainLLM	894	2312
epiBrainLLM	895	2312
epiBrainLLM	895	2314
epiBrainLLM	897	2314
epiBrainLLM	897	2318
epiBrainLLM	899	2318
epiBrainLLM	899	2321
epiBrainLLM	900	2321
epiBrainLLM	900	2330
epiBrainLLM	901	2330
epiBrainLLM	901	2331
epiBrainLLM	902	2331
epiBrainLLM	902	2334
epiBrainLLM	903	2334
epiBrainLLM	903	2335
epiBrainLLM	905	2335
epiBrainLLM	905	2336
epiBrainLLM	906	2336
epiBrainLLM	906	2339
epiBrainLLM	910	2339
epiBrainLLM	910	2340
epiBrainLLM	911	2340
epiBrainLLM	911	2342
epiBrainLLM	918	2342
epiBrainLLM	918	2347
epiBrainLLM	919	2347
epiBrainLLM	919	2348
epiBrainLLM	921	2348
epiBrainLLM	921	2351
epiBrainLLM	925	2351
epiBrainLLM	925	2353
epiBrainLLM	927	2353
epiBrainLLM	927	2356
epiBrainLLM	930	2356
epiBrainLLM	930	2357
epiBrainLLM	931	2357
epiBrainLLM	931	2361
epiBrainLLM	933	2361
epiBrainLLM	933	2363
epiBrainLLM	935	2363
epiBrainLLM	935	2366
epiBrainLLM	936	2366
epiBrainLLM	936	2367
epiBrainLLM	938	2367
epiBrainLLM	938	2369
epiBrainLLM	939	2369
epiBrainLLM	939	2375
epiBrainLLM	940	2375
epiBrainLLM	940	2376
epiBrainLLM	941	2376
epiBrainLLM	941	2377
epiBrainLLM	942	2377
epiBrainLLM	942	2378
epiBrainLLM	943	2378
epiBrainLLM	943	2379
epiBrainLLM	944	2379
epiBrainLLM	944	2381
epiBrainLLM	945	2381
epiBrainLLM	945	2382
epiBrainLLM	948	2382
epiBrainLLM	948	2383
epiBrainLLM	949	2383
epiBrainLLM	949	2385
epiBrainLLM	951	2385
epiBrainLLM	951	2387
epiBrainLLM	955	2387
epiBrainLLM	955	2388
epiBrainLLM	956	2388
epiBrainLLM	956	2393
epiBrainLLM	957	2393
epiBrainLLM	957	2395
epiBrainLLM	959	2395
epiBrainLLM	959	2398
epiBrainLLM	960	2398
epiBrainLLM	960	2403
epiBrainLLM	961	2403
epiBrainLLM	961	2413
epiBrainLLM	962	2413
epiBrainLLM	962	2416
epiBrainLLM	965	2416
epiBrainLLM	965	2417
epiBrainLLM	967	2417
epiBrainLLM	967	2422
epiBrainLLM	968	2422
epiBrainLLM	968	2424
epiBrainLLM	969	2424
epiBrainLLM	969	2425
epiBrainLLM	970	2425
epiBrainLLM	970	2429
epiBrainLLM	972	2429
epiBrainLLM	972	2430
epiBrainLLM	973	2430
epiBrainLLM	973	2431
epiBrainLLM	976	2431
epiBrainLLM	976	2433
epiBrainLLM	977	2433
epiBrainLLM	977	2436
epiBrainLLM	979	2436
epiBrainLLM	979	2437
epiBrainLLM	982	2437
epiBrainLLM	982	2438
epiBrainLLM	983	2438
epiBrainLLM	983	2445
epiBrainLLM	984	2445
epiBrainLLM	984	2446
epiBrainLLM	985	2446
epiBrainLLM	985	2447
epiBrainLLM	986	2447
epiBrainLLM	986	2452
epiBrainLLM	987	2452
epiBrainLLM	987	2453
epiBrainLLM	988	2453
epiBrainLLM	988	2454
epiBrainLLM	990	2454
epiBrainLLM	990	2455
epiBrainLLM	995	2455
epiBrainLLM	995	2456
epiBrainLLM	998	2456
epiBrainLLM	998	2457
epiBrainLLM	1000	2457
epiBrainLLM	1000	2458
epiBrainLLM	1001	2458
epiBrainLLM	1001	2460
epiBrainLLM	1002	2460
epiBrainLLM	1002	2462
epiBrainLLM	1008	2462
epiBrainLLM	1008	2463
epiBrainLLM	1010	2463
epiBrainLLM	1010	2464
epiBrainLLM	1013	2464
epiBrainLLM	1013	2465
epiBrainLLM	1014	2465
epiBrainLLM	1014	2466
epiBrainLLM	1015	2466
epiBrainLLM	1015	2470
epiBrainLLM	1019	2470
epiBrainLLM	1019	2472
epiBrainLLM	1020	2472
epiBrainLLM	1020	2475
epiBrainLLM	1021	2475
epiBrainLLM	1021	2476
epiBrainLLM	1023	2476
epiBrainLLM	1023	2477
epiBrainLLM	1025	2477
epiBrainLLM	1025	2479
epiBrainLLM	1029	2479
epiBrainLLM	1029	2482
epiBrainLLM	1033	2482
epiBrainLLM	1033	2485
epiBrainLLM	1034	2485
epiBrainLLM	1034	2487
epiBrainLLM	1035	2487
epiBrainLLM	1035	2492
epiBrainLLM	1036	2492
epiBrainLLM	1036	2494
epiBrainLLM	1038	2494
epiBrainLLM	1038	2497
epiBrainLLM	1039	2497
epiBrainLLM	1039	2503
epiBrainLLM	1040	2503
epiBrainLLM	1040	2506
epiBrainLLM	1041	2506
epiBrainLLM	1041	2507
epiBrainLLM	1043	2507
epiBrainLLM	1043	2508
epiBrainLLM	1045	2508
epiBrainLLM	1045	2509
epiBrainLLM	1055	2509
epiBrainLLM	1055	2510
epiBrainLLM	1058	2510
epiBrainLLM	1058	2511
epiBrainLLM	1064	2511
epiBrainLLM	1064	2513
epiBrainLLM	1070	2513
epiBrainLLM	1070	2514
epiBrainLLM	1071	2514
epiBrainLLM	1071	2515
epiBrainLLM	1076	2515
epiBrainLLM	1076	2517
epiBrainLLM	1077	2517
epiBrainLLM	1077	2518
epiBrainLLM	1078	2518
epiBrainLLM	1078	2519
epiBrainLLM	1079	2519
epiBrainLLM	1079	2520
epiBrainLLM	1080	2520
epiBrainLLM	1080	2522
epiBrainLLM	1084	2522
epiBrainLLM	1084	2523
epiBrainLLM	1085	2523
epiBrainLLM	1085	2524
epiBrainLLM	1086	2524
epiBrainLLM	1086	2528
epiBrainLLM	1089	2528
epiBrainLLM	1089	2530
epiBrainLLM	1090	2530
epiBrainLLM	1090	2531
epiBrainLLM	1091	2531
epiBrainLLM	1091	2532
epiBrainLLM	1093	2532
epiBrainLLM	1093	2534
epiBrainLLM	1097	2534
epiBrainLLM	1097	2535
epiBrainLLM	1099	2535
epiBrainLLM	1099	2538
epiBrainLLM	1103	2538
epiBrainLLM	1103	2539
epiBrainLLM	1109	2539
epiBrainLLM	1109	2540
epiBrainLLM	1110	2540
epiBrainLLM	1110	2542
epiBrainLLM	1115	2542
epiBrainLLM	1115	2543
epiBrainLLM	1118	2543
epiBrainLLM	1118	2546
epiBrainLLM	1119	2546
epiBrainLLM	1119	2548
epiBrainLLM	1120	2548
epiBrainLLM	1120	2551
epiBrainLLM	1121	2551
epiBrainLLM	1121	2552
epiBrainLLM	1123	2552
epiBrainLLM	1123	2553
epiBrainLLM	1133	2553
epiBrainLLM	1133	2556
epiBrainLLM	1135	2556
epiBrainLLM	1135	2557
epiBrainLLM	1136	2557
epiBrainLLM	1136	2558
epiBrainLLM	1137	2558
epiBrainLLM	1137	2559
epiBrainLLM	1140	2559
epiBrainLLM	1140	2560
epiBrainLLM	1146	2560
epiBrainLLM	1146	2563
epiBrainLLM	1148	2563
epiBrainLLM	1148	2564
epiBrainLLM	1149	2564
epiBrainLLM	1149	2565
epiBrainLLM	1150	2565
epiBrainLLM	1150	2567
epiBrainLLM	1151	2567
epiBrainLLM	1151	2569
epiBrainLLM	1152	2569
epiBrainLLM	1152	2570
epiBrainLLM	1154	2570
epiBrainLLM	1154	2572
epiBrainLLM	1155	2572
epiBrainLLM	1155	2574
epiBrainLLM	1156	2574
epiBrainLLM	1156	2575
epiBrainLLM	1158	2575
epiBrainLLM	1158	2576
epiBrainLLM	1160	2576
epiBrainLLM	1160	2577
epiBrainLLM	1163	2577
epiBrainLLM	1163	2578
epiBrainLLM	1165	2578
epiBrainLLM	1165	2579
epiBrainLLM	1168	2579
epiBrainLLM	1168	2580
epiBrainLLM	1171	2580
epiBrainLLM	1171	2582
epiBrainLLM	1177	2582
epiBrainLLM	1177	2584
epiBrainLLM	1178	2584
epiBrainLLM	1178	2585
epiBrainLLM	1183	2585
epiBrainLLM	1183	2586
epiBrainLLM	1186	2586
epiBrainLLM	1186	2588
epiBrainLLM	1187	2588
epiBrainLLM	1187	2590
epiBrainLLM	1188	2590
epiBrainLLM	1188	2591
epiBrainLLM	1189	2591
epiBrainLLM	1189	2595
epiBrainLLM	1190	2595
epiBrainLLM	1190	2596
epiBrainLLM	1191	2596
epiBrainLLM	1191	2597
epiBrainLLM	1192	2597
epiBrainLLM	1192	2598
epiBrainLLM	1194	2598
epiBrainLLM	1194	2600
epiBrainLLM	1195	2600
epiBrainLLM	1195	2601
epiBrainLLM	1196	2601
epiBrainLLM	1196	2603
epiBrainLLM	1198	2603
epiBrainLLM	1198	2605
epiBrainLLM	1199	2605
epiBrainLLM	1199	2607
epiBrainLLM	1203	2607
epiBrainLLM	1203	2608
epiBrainLLM	1205	2608
epiBrainLLM	1205	2609
epiBrainLLM	1211	2609
epiBrainLLM	1211	2611
epiBrainLLM	1212	2611
epiBrainLLM	1212	2613
epiBrainLLM	1213	2613
epiBrainLLM	1213	2614
epiBrainLLM	1214	2614
epiBrainLLM	1214	2615
epiBrainLLM	1215	2615
epiBrainLLM	1215	2616
epiBrainLLM	1217	2616
epiBrainLLM	1217	2617
epiBrainLLM	1220	2617
epiBrainLLM	1220	2619
epiBrainLLM	1222	2619
epiBrainLLM	1222	2620
epiBrainLLM	1223	2620
epiBrainLLM	1223	2622
epiBrainLLM	1228	2622
epiBrainLLM	1228	2624
epiBrainLLM	1229	2624
epiBrainLLM	1229	2626
epiBrainLLM	1231	2626
epiBrainLLM	1231	2630
epiBrainLLM	1233	2630
epiBrainLLM	1233	2631
epiBrainLLM	1234	2631
epiBrainLLM	1234	2632
epiBrainLLM	1235	2632
epiBrainLLM	1235	2634
epiBrainLLM	1239	2634
epiBrainLLM	1239	2635
epiBrainLLM	1243	2635
epiBrainLLM	1243	2639
epiBrainLLM	1245	2639
epiBrainLLM	1245	2641
epiBrainLLM	1246	2641
epiBrainLLM	1246	2643
epiBrainLLM	1248	2643
epiBrainLLM	1248	2644
epiBrainLLM	1250	2644
epiBrainLLM	1250	2646
epiBrainLLM	1252	2646
epiBrainLLM	1252	2649
epiBrainLLM	1259	2649
epiBrainLLM	1259	2650
epiBrainLLM	1260	2650
epiBrainLLM	1260	2651
epiBrainLLM	1262	2651
epiBrainLLM	1262	2654
epiBrainLLM	1267	2654
epiBrainLLM	1267	2655
epiBrainLLM	1271	2655
epiBrainLLM	1271	2656
epiBrainLLM	1273	2656
epiBrainLLM	1273	2657
epiBrainLLM	1277	2657
epiBrainLLM	1277	2661
epiBrainLLM	1279	2661
epiBrainLLM	1279	2666
epiBrainLLM	1281	2666
epiBrainLLM	1281	2667
epiBrainLLM	1282	2667
epiBrainLLM	1282	2669
epiBrainLLM	1283	2669
epiBrainLLM	1283	2670
epiBrainLLM	1284	2670
epiBrainLLM	1284	2672
epiBrainLLM	1286	2672
epiBrainLLM	1286	2673
epiBrainLLM	1288	2673
epiBrainLLM	1288	2674
epiBrainLLM	1290	2674
epiBrainLLM	1290	2676
epiBrainLLM	1291	2676
epiBrainLLM	1291	2678
epiBrainLLM	1293	2678
epiBrainLLM	1293	2681
epiBrainLLM	1294	2681
epiBrainLLM	1294	2682
epiBrainLLM	1301	2682
epiBrainLLM	1301	2683
epiBrainLLM	1302	2683
epiBrainLLM	1302	2684
epiBrainLLM	1303	2684
epiBrainLLM	1303	2685
epiBrainLLM	1306	2685
epiBrainLLM	1306	2686
epiBrainLLM	1310	2686
epiBrainLLM	1310	2689
epiBrainLLM	1311	2689
epiBrainLLM	1311	2690
epiBrainLLM	1317	2690
epiBrainLLM	1317	2691
epiBrainLLM	1319	2691
epiBrainLLM	1319	2693
epiBrainLLM	1321	2693
epiBrainLLM	1321	2694
epiBrainLLM	1323	2694
epiBrainLLM	1323	2696
epiBrainLLM	1328	2696
epiBrainLLM	1328	2698
epiBrainLLM	1331	2698
epiBrainLLM	1331	2699
epiBrainLLM	1333	2699
epiBrainLLM	1333	2700
epiBrainLLM	1335	2700
epiBrainLLM	1335	2702
epiBrainLLM	1336	2702
epiBrainLLM	1336	2703
epiBrainLLM	1337	2703
epiBrainLLM	1337	2705
epiBrainLLM	1339	2705
epiBrainLLM	1339	2709
epiBrainLLM	1342	2709
epiBrainLLM	1342	2710
epiBrainLLM	1345	2710
epiBrainLLM	1345	2711
epiBrainLLM	1349	2711
epiBrainLLM	1349	2714
epiBrainLLM	1350	2714
epiBrainLLM	1350	2716
epiBrainLLM	1351	2716
epiBrainLLM	1351	2717
epiBrainLLM	1352	2717
epiBrainLLM	1352	2718
epiBrainLLM	1355	2718
epiBrainLLM	1355	2721
epiBrainLLM	1362	2721
epiBrainLLM	1362	2723
epiBrainLLM	1366	2723
epiBrainLLM	1366	2724
epiBrainLLM	1371	2724
epiBrainLLM	1371	2729
epiBrainLLM	1372	2729
epiBrainLLM	1372	2731
epiBrainLLM	1373	2731
epiBrainLLM	1373	2732
epiBrainLLM	1374	2732
epiBrainLLM	1374	2734
epiBrainLLM	1376	2734
epiBrainLLM	1376	2735
epiBrainLLM	1377	2735
epiBrainLLM	1377	2736
epiBrainLLM	1378	2736
epiBrainLLM	1378	2737
epiBrainLLM	1383	2737
epiBrainLLM	1383	2738
epiBrainLLM	1388	2738
epiBrainLLM	1388	2742
epiBrainLLM	1393	2742
epiBrainLLM	1393	2743
epiBrainLLM	1395	2743
epiBrainLLM	1395	2745
epiBrainLLM	1397	2745
epiBrainLLM	1397	2746
epiBrainLLM	1400	2746
epiBrainLLM	1400	2747
epiBrainLLM	1406	2747
epiBrainLLM	1406	2748
epiBrainLLM	1408	2748
epiBrainLLM	1408	2749
epiBrainLLM	1410	2749
epiBrainLLM	1410	2750
epiBrainLLM	1416	2750
epiBrainLLM	1416	2751
epiBrainLLM	1420	2751
epiBrainLLM	1420	2754
epiBrainLLM	1425	2754
epiBrainLLM	1425	2756
epiBrainLLM	1426	2756
epiBrainLLM	1426	2758
epiBrainLLM	1428	2758
epiBrainLLM	1428	2759
epiBrainLLM	1433	2759
epiBrainLLM	1433	2761
epiBrainLLM	1435	2761
epiBrainLLM	1435	2762
epiBrainLLM	1437	2762
epiBrainLLM	1437	2763
epiBrainLLM	1438	2763
epiBrainLLM	1438	2764
epiBrainLLM	1439	2764
epiBrainLLM	1439	2765
epiBrainLLM	1440	2765
epiBrainLLM	1440	2768
epiBrainLLM	1442	2768
epiBrainLLM	1442	2770
epiBrainLLM	1443	2770
epiBrainLLM	1443	2773
epiBrainLLM	1450	2773
epiBrainLLM	1450	2774
epiBrainLLM	1451	2774
epiBrainLLM	1451	2778
epiBrainLLM	1455	2778
epiBrainLLM	1455	2779
epiBrainLLM	1457	2779
epiBrainLLM	1457	2782
epiBrainLLM	1459	2782
epiBrainLLM	1459	2786
epiBrainLLM	1464	2786
epiBrainLLM	1464	2788
epiBrainLLM	1467	2788
epiBrainLLM	1467	2790
epiBrainLLM	1469	2790
epiBrainLLM	1469	2792
epiBrainLLM	1473	2792
epiBrainLLM	1473	2793
epiBrainLLM	1475	2793
epiBrainLLM	1475	2794
epiBrainLLM	1480	2794
epiBrainLLM	1480	2795
epiBrainLLM	1482	2795
epiBrainLLM	1482	2796
epiBrainLLM	1483	2796
epiBrainLLM	1483	2798
epiBrainLLM	1485	2798
epiBrainLLM	1485	2799
epiBrainLLM	1487	2799
epiBrainLLM	1487	2800
epiBrainLLM	1490	2800
epiBrainLLM	1490	2802
epiBrainLLM	1491	2802
epiBrainLLM	1491	2805
epiBrainLLM	1493	2805
epiBrainLLM	1493	2808
epiBrainLLM	1495	2808
epiBrainLLM	1495	2809
epiBrainLLM	1498	2809
epiBrainLLM	1498	2811
epiBrainLLM	1500	2811
epiBrainLLM	1500	2812
epiBrainLLM	1502	2812
epiBrainLLM	1502	2813
epiBrainLLM	1508	2813
epiBrainLLM	1508	2814
epiBrainLLM	1509	2814
epiBrainLLM	1509	2815
epiBrainLLM	1510	2815
epiBrainLLM	1510	2816
epiBrainLLM	1511	2816
epiBrainLLM	1511	2817
epiBrainLLM	1513	2817
epiBrainLLM	1513	2818
epiBrainLLM	1514	2818
epiBrainLLM	1514	2819
epiBrainLLM	1518	2819
epiBrainLLM	1518	2820
epiBrainLLM	1519	2820
epiBrainLLM	1519	2821
epiBrainLLM	1522	2821
epiBrainLLM	1522	2822
epiBrainLLM	1523	2822
epiBrainLLM	1523	2823
epiBrainLLM	1527	2823
epiBrainLLM	1527	2824
epiBrainLLM	1529	2824
epiBrainLLM	1529	2825
epiBrainLLM	1531	2825
epiBrainLLM	1531	2831
epiBrainLLM	1532	2831
epiBrainLLM	1532	2833
epiBrainLLM	1535	2833
epiBrainLLM	1535	2834
epiBrainLLM	1537	2834
epiBrainLLM	1537	2836
epiBrainLLM	1539	2836
epiBrainLLM	1539	2837
epiBrainLLM	1541	2837
epiBrainLLM	1541	2838
epiBrainLLM	1548	2838
epiBrainLLM	1548	2841
epiBrainLLM	1551	2841
epiBrainLLM	1551	2842
epiBrainLLM	1552	2842
epiBrainLLM	1552	2844
epiBrainLLM	1558	2844
epiBrainLLM	1558	2845
epiBrainLLM	1565	2845
epiBrainLLM	1565	2847
epiBrainLLM	1566	2847
epiBrainLLM	1566	2848
epiBrainLLM	1568	2848
epiBrainLLM	1568	2851
epiBrainLLM	1575	2851
epiBrainLLM	1575	2853
epiBrainLLM	1579	2853
epiBrainLLM	1579	2854
epiBrainLLM	1580	2854
epiBrainLLM	1580	2856
epiBrainLLM	1582	2856
epiBrainLLM	1582	2857
epiBrainLLM	1584	2857
epiBrainLLM	1584	2858
epiBrainLLM	1585	2858
epiBrainLLM	1585	2859
epiBrainLLM	1587	2859
epiBrainLLM	1587	2860
epiBrainLLM	1590	2860
epiBrainLLM	1590	2862
epiBrainLLM	1591	2862
epiBrainLLM	1591	2864
epiBrainLLM	1598	2864
epiBrainLLM	1598	2865
epiBrainLLM	1599	2865
epiBrainLLM	1599	2872
epiBrainLLM	1602	2872
epiBrainLLM	1602	2875
epiBrainLLM	1603	2875
epiBrainLLM	1603	2877
epiBrainLLM	1605	2877
epiBrainLLM	1605	2878
epiBrainLLM	1611	2878
epiBrainLLM	1611	2881
epiBrainLLM	1616	2881
epiBrainLLM	1616	2882
epiBrainLLM	1619	2882
epiBrainLLM	1619	2885
epiBrainLLM	1620	2885
epiBrainLLM	1620	2888
epiBrainLLM	1622	2888
epiBrainLLM	1622	2889
epiBrainLLM	1624	2889
epiBrainLLM	1624	2891
epiBrainLLM	1627	2891
epiBrainLLM	1627	2893
epiBrainLLM	1629	2893
epiBrainLLM	1629	2894
epiBrainLLM	1631	2894
epiBrainLLM	1631	2895
epiBrainLLM	1632	2895
epiBrainLLM	1632	2898
epiBrainLLM	1634	2898
epiBrainLLM	1634	2900
epiBrainLLM	1636	2900
epiBrainLLM	1636	2902
epiBrainLLM	1640	2902
epiBrainLLM	1640	2903
epiBrainLLM	1641	2903
epiBrainLLM	1641	2905
epiBrainLLM	1644	2905
epiBrainLLM	1644	2906
epiBrainLLM	1645	2906
epiBrainLLM	1645	2907
epiBrainLLM	1646	2907
epiBrainLLM	1646	2908
epiBrainLLM	1650	2908
epiBrainLLM	1650	2909
epiBrainLLM	1651	2909
epiBrainLLM	1651	2910
epiBrainLLM	1656	2910
epiBrainLLM	1656	2911
epiBrainLLM	1659	2911
epiBrainLLM	1659	2912
epiBrainLLM	1661	2912
epiBrainLLM	1661	2913
epiBrainLLM	1662	2913
epiBrainLLM	1662	2914
epiBrainLLM	1664	2914
epiBrainLLM	1664	2915
epiBrainLLM	1666	2915
epiBrainLLM	1666	2916
epiBrainLLM	1672	2916
epiBrainLLM	1672	2918
epiBrainLLM	1677	2918
epiBrainLLM	1677	2919
epiBrainLLM	1682	2919
epiBrainLLM	1682	2920
epiBrainLLM	1683	2920
epiBrainLLM	1683	2921
epiBrainLLM	1693	2921
epiBrainLLM	1693	2922
epiBrainLLM	1699	2922
epiBrainLLM	1699	2923
epiBrainLLM	1701	2923
epiBrainLLM	1701	2925
epiBrainLLM	1702	2925
epiBrainLLM	1702	2926
epiBrainLLM	1704	2926
epiBrainLLM	1704	2930
epiBrainLLM	1705	2930
epiBrainLLM	1705	2931
epiBrainLLM	1711	2931
epiBrainLLM	1711	2932
epiBrainLLM	1713	2932
epiBrainLLM	1713	2933
epiBrainLLM	1714	2933
epiBrainLLM	1714	2935
epiBrainLLM	1719	2935
epiBrainLLM	1719	2937
epiBrainLLM	1720	2937
epiBrainLLM	1720	2938
epiBrainLLM	1724	2938
epiBrainLLM	1724	2939
epiBrainLLM	1727	2939
epiBrainLLM	1727	2941
epiBrainLLM	1731	2941
epiBrainLLM	1731	2942
epiBrainLLM	1732	2942
epiBrainLLM	1732	2944
epiBrainLLM	1733	2944
epiBrainLLM	1733	2945
epiBrainLLM	1734	2945
epiBrainLLM	1734	2947
epiBrainLLM	1735	2947
epiBrainLLM	1735	2948
epiBrainLLM	1736	2948
epiBrainLLM	1736	2949
epiBrainLLM	1737	2949
epiBrainLLM	1737	2951
epiBrainLLM	1740	2951
epiBrainLLM	1740	2952
epiBrainLLM	1742	2952
epiBrainLLM	1742	2953
epiBrainLLM	1744	2953
epiBrainLLM	1744	2955
epiBrainLLM	1745	2955
epiBrainLLM	1745	2956
epiBrainLLM	1746	2956
epiBrainLLM	1746	2964
epiBrainLLM	1747	2964
epiBrainLLM	1747	2966
epiBrainLLM	1753	2966
epiBrainLLM	1753	2967
epiBrainLLM	1754	2967
epiBrainLLM	1754	2969
epiBrainLLM	1763	2969
epiBrainLLM	1763	2970
epiBrainLLM	1764	2970
epiBrainLLM	1764	2973
epiBrainLLM	1767	2973
epiBrainLLM	1767	2974
epiBrainLLM	1772	2974
epiBrainLLM	1772	2975
epiBrainLLM	1775	2975
epiBrainLLM	1775	2977
epiBrainLLM	1776	2977
epiBrainLLM	1776	2978
epiBrainLLM	1778	2978
epiBrainLLM	1778	2979
epiBrainLLM	1787	2979
epiBrainLLM	1787	2980
epiBrainLLM	1789	2980
epiBrainLLM	1789	2981
epiBrainLLM	1794	2981
epiBrainLLM	1794	2983
epiBrainLLM	1795	2983
epiBrainLLM	1795	2984
epiBrainLLM	1796	2984
epiBrainLLM	1796	2985
epiBrainLLM	1798	2985
epiBrainLLM	1798	2987
epiBrainLLM	1800	2987
epiBrainLLM	1800	2990
epiBrainLLM	1802	2990
epiBrainLLM	1802	2993
epiBrainLLM	1804	2993
epiBrainLLM	1804	2994
epiBrainLLM	1808	2994
epiBrainLLM	1808	2996
epiBrainLLM	1810	2996
epiBrainLLM	1810	2997
epiBrainLLM	1817	2997
epiBrainLLM	1817	2998
epiBrainLLM	1818	2998
epiBrainLLM	1818	2999
epiBrainLLM	1820	2999
epiBrainLLM	1820	3001
epiBrainLLM	1827	3001
epiBrainLLM	1827	3003
epiBrainLLM	1828	3003
epiBrainLLM	1828	3004
epiBrainLLM	1830	3004
epiBrainLLM	1830	3006
epiBrainLLM	1833	3006
epiBrainLLM	1833	3007
epiBrainLLM	1835	3007
epiBrainLLM	1835	3008
epiBrainLLM	1842	3008
epiBrainLLM	1842	3010
epiBrainLLM	1847	3010
epiBrainLLM	1847	3011
epiBrainLLM	1850	3011
epiBrainLLM	1850	3016
epiBrainLLM	1860	3016
epiBrainLLM	1860	3017
epiBrainLLM	1866	3017
epiBrainLLM	1866	3018
epiBrainLLM	1868	3018
epiBrainLLM	1868	3019
epiBrainLLM	1869	3019
epiBrainLLM	1869	3023
epiBrainLLM	1873	3023
epiBrainLLM	1873	3026
epiBrainLLM	1875	3026
epiBrainLLM	1875	3027
epiBrainLLM	1877	3027
epiBrainLLM	1877	3028
epiBrainLLM	1879	3028
epiBrainLLM	1879	3029
epiBrainLLM	1881	3029
epiBrainLLM	1881	3032
epiBrainLLM	1882	3032
epiBrainLLM	1882	3033
epiBrainLLM	1883	3033
epiBrainLLM	1883	3034
epiBrainLLM	1884	3034
epiBrainLLM	1884	3035
epiBrainLLM	1888	3035
epiBrainLLM	1888	3036
epiBrainLLM	1890	3036
epiBrainLLM	1890	3038
epiBrainLLM	1891	3038
epiBrainLLM	1891	3042
epiBrainLLM	1895	3042
epiBrainLLM	1895	3043
epiBrainLLM	1898	3043
epiBrainLLM	1898	3044
epiBrainLLM	1899	3044
epiBrainLLM	1899	3045
epiBrainLLM	1903	3045
epiBrainLLM	1903	3046
epiBrainLLM	1904	3046
epiBrainLLM	1904	3049
epiBrainLLM	1906	3049
epiBrainLLM	1906	3051
epiBrainLLM	1911	3051
epiBrainLLM	1911	3052
epiBrainLLM	1912	3052
epiBrainLLM	1912	3053
epiBrainLLM	1913	3053
epiBrainLLM	1913	3058
epiBrainLLM	1914	3058
epiBrainLLM	1914	3060
epiBrainLLM	1915	3060
epiBrainLLM	1915	3062
epiBrainLLM	1926	3062
epiBrainLLM	1926	3063
epiBrainLLM	1927	3063
epiBrainLLM	1927	3064
epiBrainLLM	1928	3064
epiBrainLLM	1928	3065
epiBrainLLM	1929	3065
epiBrainLLM	1929	3066
epiBrainLLM	1931	3066
epiBrainLLM	1931	3067
epiBrainLLM	1937	3067
epiBrainLLM	1937	3068
epiBrainLLM	1943	3068
epiBrainLLM	1943	3072
epiBrainLLM	1944	3072
epiBrainLLM	1944	3073
epiBrainLLM	1948	3073
epiBrainLLM	1948	3074
epiBrainLLM	1952	3074
epiBrainLLM	1952	3075
epiBrainLLM	1953	3075
epiBrainLLM	1953	3076
epiBrainLLM	1958	3076
epiBrainLLM	1958	3077
epiBrainLLM	1959	3077
epiBrainLLM	1959	3079
epiBrainLLM	1961	3079
epiBrainLLM	1961	3084
epiBrainLLM	1963	3084
epiBrainLLM	1963	3085
epiBrainLLM	1968	3085
epiBrainLLM	1968	3087
epiBrainLLM	1969	3087
epiBrainLLM	1969	3089
epiBrainLLM	1974	3089
epiBrainLLM	1974	3091
epiBrainLLM	1976	3091
epiBrainLLM	1976	3092
epiBrainLLM	1979	3092
epiBrainLLM	1979	3093
epiBrainLLM	1981	3093
epiBrainLLM	1981	3094
epiBrainLLM	1983	3094
epiBrainLLM	1983	3096
epiBrainLLM	1985	3096
epiBrainLLM	1985	3097
epiBrainLLM	1993	3097
epiBrainLLM	1993	3099
epiBrainLLM	1996	3099
epiBrainLLM	1996	3100
epiBrainLLM	2002	3100
epiBrainLLM	2002	3102
epiBrainLLM	2005	3102
epiBrainLLM	2005	3103
epiBrainLLM	2006	3103
epiBrainLLM	2006	3104
epiBrainLLM	2010	3104
epiBrainLLM	2010	3105
epiBrainLLM	2011	3105
epiBrainLLM	2011	3106
epiBrainLLM	2012	3106
epiBrainLLM	2012	3107
epiBrainLLM	2013	3107
epiBrainLLM	2013	3108
epiBrainLLM	2017	3108
epiBrainLLM	2017	3109
epiBrainLLM	2024	3109
epiBrainLLM	2024	3110
epiBrainLLM	2026	3110
epiBrainLLM	2026	3111
epiBrainLLM	2028	3111
epiBrainLLM	2028	3112
epiBrainLLM	2029	3112
epiBrainLLM	2029	3113
epiBrainLLM	2030	3113
epiBrainLLM	2030	3114
epiBrainLLM	2031	3114
epiBrainLLM	2031	3115
epiBrainLLM	2035	3115
epiBrainLLM	2035	3116
epiBrainLLM	2036	3116
epiBrainLLM	2036	3119
epiBrainLLM	2040	3119
epiBrainLLM	2040	3121
epiBrainLLM	2046	3121
epiBrainLLM	2046	3122
epiBrainLLM	2048	3122
epiBrainLLM	2048	3125
epiBrainLLM	2052	3125
epiBrainLLM	2052	3126
epiBrainLLM	2054	3126
epiBrainLLM	2054	3127
epiBrainLLM	2058	3127
epiBrainLLM	2058	3128
epiBrainLLM	2060	3128
epiBrainLLM	2060	3129
epiBrainLLM	2061	3129
epiBrainLLM	2061	3132
epiBrainLLM	2065	3132
epiBrainLLM	2065	3135
epiBrainLLM	2066	3135
epiBrainLLM	2066	3136
epiBrainLLM	2067	3136
epiBrainLLM	2067	3137
epiBrainLLM	2073	3137
epiBrainLLM	2073	3139
epiBrainLLM	2074	3139
epiBrainLLM	2074	3140
epiBrainLLM	2076	3140
epiBrainLLM	2076	3141
epiBrainLLM	2077	3141
epiBrainLLM	2077	3142
epiBrainLLM	2079	3142
epiBrainLLM	2079	3143
epiBrainLLM	2080	3143
epiBrainLLM	2080	3144
epiBrainLLM	2081	3144
epiBrainLLM	2081	3145
epiBrainLLM	2086	3145
epiBrainLLM	2086	3146
epiBrainLLM	2090	3146
epiBrainLLM	2090	3147
epiBrainLLM	2092	3147
epiBrainLLM	2092	3148
epiBrainLLM	2094	3148
epiBrainLLM	2094	3149
epiBrainLLM	2096	3149
epiBrainLLM	2096	3150
epiBrainLLM	2100	3150
epiBrainLLM	2100	3151
epiBrainLLM	2107	3151
epiBrainLLM	2107	3153
epiBrainLLM	2111	3153
epiBrainLLM	2111	3156
epiBrainLLM	2112	3156
epiBrainLLM	2112	3157
epiBrainLLM	2113	3157
epiBrainLLM	2113	3158
epiBrainLLM	2117	3158
epiBrainLLM	2117	3160
epiBrainLLM	2120	3160
epiBrainLLM	2120	3161
epiBrainLLM	2128	3161
epiBrainLLM	2128	3163
epiBrainLLM	2129	3163
epiBrainLLM	2129	3165
epiBrainLLM	2132	3165
epiBrainLLM	2132	3166
epiBrainLLM	2134	3166
epiBrainLLM	2134	3167
epiBrainLLM	2138	3167
epiBrainLLM	2138	3168
epiBrainLLM	2144	3168
epiBrainLLM	2144	3169
epiBrainLLM	2147	3169
epiBrainLLM	2147	3171
epiBrainLLM	2148	3171
epiBrainLLM	2148	3172
epiBrainLLM	2150	3172
epiBrainLLM	2150	3173
epiBrainLLM	2153	3173
epiBrainLLM	2153	3174
epiBrainLLM	2154	3174
epiBrainLLM	2154	3176
epiBrainLLM	2155	3176
epiBrainLLM	2155	3178
epiBrainLLM	2163	3178
epiBrainLLM	2163	3179
epiBrainLLM	2165	3179
epiBrainLLM	2165	3181
epiBrainLLM	2170	3181
epiBrainLLM	2170	3182
epiBrainLLM	2171	3182
epiBrainLLM	2171	3184
epiBrainLLM	2172	3184
epiBrainLLM	2172	3185
epiBrainLLM	2174	3185
epiBrainLLM	2174	3186
epiBrainLLM	2176	3186
epiBrainLLM	2176	3188
epiBrainLLM	2177	3188
epiBrainLLM	2177	3189
epiBrainLLM	2179	3189
epiBrainLLM	2179	3191
epiBrainLLM	2180	3191
epiBrainLLM	2180	3193
epiBrainLLM	2184	3193
epiBrainLLM	2184	3195
epiBrainLLM	2186	3195
epiBrainLLM	2186	3196
epiBrainLLM	2190	3196
epiBrainLLM	2190	3197
epiBrainLLM	2191	3197
epiBrainLLM	2191	3198
epiBrainLLM	2195	3198
epiBrainLLM	2195	3199
epiBrainLLM	2196	3199
epiBrainLLM	2196	3201
epiBrainLLM	2200	3201
epiBrainLLM	2200	3202
epiBrainLLM	2201	3202
epiBrainLLM	2201	3203
epiBrainLLM	2203	3203
epiBrainLLM	2203	3204
epiBrainLLM	2204	3204
epiBrainLLM	2204	3205
epiBrainLLM	2205	3205
epiBrainLLM	2205	3208
epiBrainLLM	2206	3208
epiBrainLLM	2206	3210
epiBrainLLM	2207	3210
epiBrainLLM	2207	3211
epiBrainLLM	2211	3211
epiBrainLLM	2211	3213
epiBrainLLM	2212	3213
epiBrainLLM	2212	3214
epiBrainLLM	2213	3214
epiBrainLLM	2213	3216
epiBrainLLM	2214	3216
epiBrainLLM	2214	3217
epiBrainLLM	2217	3217
epiBrainLLM	2217	3223
epiBrainLLM	2219	3223
epiBrainLLM	2219	3224
epiBrainLLM	2224	3224
epiBrainLLM	2224	3225
epiBrainLLM	2225	3225
epiBrainLLM	2225	3226
epiBrainLLM	2230	3226
epiBrainLLM	2230	3227
epiBrainLLM	2231	3227
epiBrainLLM	2231	3229
epiBrainLLM	2232	3229
epiBrainLLM	2232	3231
epiBrainLLM	2237	3231
epiBrainLLM	2237	3232
epiBrainLLM	2238	3232
epiBrainLLM	2238	3233
epiBrainLLM	2239	3233
epiBrainLLM	2239	3235
epiBrainLLM	2257	3235
epiBrainLLM	2257	3238
epiBrainLLM	2266	3238
epiBrainLLM	2266	3239
epiBrainLLM	2277	3239
epiBrainLLM	2277	3240
epiBrainLLM	2278	3240
epiBrainLLM	2278	3241
epiBrainLLM	2279	3241
epiBrainLLM	2279	3242
epiBrainLLM	2280	3242
epiBrainLLM	2280	3243
epiBrainLLM	2285	3243
epiBrainLLM	2285	3245
epiBrainLLM	2288	3245
epiBrainLLM	2288	3246
epiBrainLLM	2290	3246
epiBrainLLM	2290	3247
epiBrainLLM	2291	3247
epiBrainLLM	2291	3249
epiBrainLLM	2298	3249
epiBrainLLM	2298	3252
epiBrainLLM	2299	3252
epiBrainLLM	2299	3253
epiBrainLLM	2302	3253
epiBrainLLM	2302	3255
epiBrainLLM	2303	3255
epiBrainLLM	2303	3257
epiBrainLLM	2307	3257
epiBrainLLM	2307	3258
epiBrainLLM	2309	3258
epiBrainLLM	2309	3260
epiBrainLLM	2318	3260
epiBrainLLM	2318	3261
epiBrainLLM	2322	3261
epiBrainLLM	2322	3262
epiBrainLLM	2323	3262
epiBrainLLM	2323	3263
epiBrainLLM	2329	3263
epiBrainLLM	2329	3265
epiBrainLLM	2332	3265
epiBrainLLM	2332	3266
epiBrainLLM	2333	3266
epiBrainLLM	2333	3267
epiBrainLLM	2334	3267
epiBrainLLM	2334	3269
epiBrainLLM	2335	3269
epiBrainLLM	2335	3270
epiBrainLLM	2339	3270
epiBrainLLM	2339	3272
epiBrainLLM	2340	3272
epiBrainLLM	2340	3276
epiBrainLLM	2342	3276
epiBrainLLM	2342	3277
epiBrainLLM	2343	3277
epiBrainLLM	2343	3279
epiBrainLLM	2345	3279
epiBrainLLM	2345	3280
epiBrainLLM	2347	3280
epiBrainLLM	2347	3281
epiBrainLLM	2349	3281
epiBrainLLM	2349	3282
epiBrainLLM	2351	3282
epiBrainLLM	2351	3284
epiBrainLLM	2354	3284
epiBrainLLM	2354	3285
epiBrainLLM	2356	3285
epiBrainLLM	2356	3286
epiBrainLLM	2361	3286
epiBrainLLM	2361	3287
epiBrainLLM	2363	3287
epiBrainLLM	2363	3290
epiBrainLLM	2365	3290
epiBrainLLM	2365	3291
epiBrainLLM	2378	3291
epiBrainLLM	2378	3293
epiBrainLLM	2380	3293
epiBrainLLM	2380	3294
epiBrainLLM	2384	3294
epiBrainLLM	2384	3296
epiBrainLLM	2386	3296
epiBrainLLM	2386	3297
epiBrainLLM	2390	3297
epiBrainLLM	2390	3298
epiBrainLLM	2394	3298
epiBrainLLM	2394	3300
epiBrainLLM	2397	3300
epiBrainLLM	2397	3301
epiBrainLLM	2398	3301
epiBrainLLM	2398	3302
epiBrainLLM	2399	3302
epiBrainLLM	2399	3303
epiBrainLLM	2403	3303
epiBrainLLM	2403	3304
epiBrainLLM	2405	3304
epiBrainLLM	2405	3305
epiBrainLLM	2407	3305
epiBrainLLM	2407	3307
epiBrainLLM	2411	3307
epiBrainLLM	2411	3308
epiBrainLLM	2412	3308
epiBrainLLM	2412	3309
epiBrainLLM	2413	3309
epiBrainLLM	2413	3310
epiBrainLLM	2420	3310
epiBrainLLM	2420	3315
epiBrainLLM	2424	3315
epiBrainLLM	2424	3317
epiBrainLLM	2438	3317
epiBrainLLM	2438	3318
epiBrainLLM	2445	3318
epiBrainLLM	2445	3320
epiBrainLLM	2450	3320
epiBrainLLM	2450	3321
epiBrainLLM	2451	3321
epiBrainLLM	2451	3322
epiBrainLLM	2456	3322
epiBrainLLM	2456	3326
epiBrainLLM	2458	3326
epiBrainLLM	2458	3327
epiBrainLLM	2461	3327
epiBrainLLM	2461	3328
epiBrainLLM	2463	3328
epiBrainLLM	2463	3330
epiBrainLLM	2466	3330
epiBrainLLM	2466	3333
epiBrainLLM	2467	3333
epiBrainLLM	2467	3334
epiBrainLLM	2468	3334
epiBrainLLM	2468	3335
epiBrainLLM	2470	3335
epiBrainLLM	2470	3337
epiBrainLLM	2471	3337
epiBrainLLM	2471	3338
epiBrainLLM	2473	3338
epiBrainLLM	2473	3340
epiBrainLLM	2482	3340
epiBrainLLM	2482	3341
epiBrainLLM	2483	3341
epiBrainLLM	2483	3344
epiBrainLLM	2485	3344
epiBrainLLM	2485	3345
epiBrainLLM	2488	3345
epiBrainLLM	2488	3346
epiBrainLLM	2490	3346
epiBrainLLM	2490	3347
epiBrainLLM	2496	3347
epiBrainLLM	2496	3348
epiBrainLLM	2498	3348
epiBrainLLM	2498	3349
epiBrainLLM	2499	3349
epiBrainLLM	2499	3352
epiBrainLLM	2504	3352
epiBrainLLM	2504	3354
epiBrainLLM	2506	3354
epiBrainLLM	2506	3355
epiBrainLLM	2510	3355
epiBrainLLM	2510	3356
epiBrainLLM	2519	3356
epiBrainLLM	2519	3357
epiBrainLLM	2520	3357
epiBrainLLM	2520	3358
epiBrainLLM	2528	3358
epiBrainLLM	2528	3360
epiBrainLLM	2529	3360
epiBrainLLM	2529	3361
epiBrainLLM	2530	3361
epiBrainLLM	2530	3365
epiBrainLLM	2533	3365
epiBrainLLM	2533	3366
epiBrainLLM	2537	3366
epiBrainLLM	2537	3368
epiBrainLLM	2541	3368
epiBrainLLM	2541	3369
epiBrainLLM	2543	3369
epiBrainLLM	2543	3371
epiBrainLLM	2546	3371
epiBrainLLM	2546	3373
epiBrainLLM	2548	3373
epiBrainLLM	2548	3374
epiBrainLLM	2554	3374
epiBrainLLM	2554	3377
epiBrainLLM	2555	3377
epiBrainLLM	2555	3378
epiBrainLLM	2556	3378
epiBrainLLM	2556	3380
epiBrainLLM	2557	3380
epiBrainLLM	2557	3381
epiBrainLLM	2558	3381
epiBrainLLM	2558	3382
epiBrainLLM	2559	3382
epiBrainLLM	2559	3383
epiBrainLLM	2563	3383
epiBrainLLM	2563	3385
epiBrainLLM	2564	3385
epiBrainLLM	2564	3386
epiBrainLLM	2568	3386
epiBrainLLM	2568	3387
epiBrainLLM	2571	3387
epiBrainLLM	2571	3389
epiBrainLLM	2579	3389
epiBrainLLM	2579	3390
epiBrainLLM	2582	3390
epiBrainLLM	2582	3391
epiBrainLLM	2585	3391
epiBrainLLM	2585	3392
epiBrainLLM	2588	3392
epiBrainLLM	2588	3393
epiBrainLLM	2593	3393
epiBrainLLM	2593	3394
epiBrainLLM	2596	3394
epiBrainLLM	2596	3395
epiBrainLLM	2601	3395
epiBrainLLM	2601	3397
epiBrainLLM	2605	3397
epiBrainLLM	2605	3398
epiBrainLLM	2606	3398
epiBrainLLM	2606	3399
epiBrainLLM	2607	3399
epiBrainLLM	2607	3400
epiBrainLLM	2608	3400
epiBrainLLM	2608	3401
epiBrainLLM	2610	3401
epiBrainLLM	2610	3403
epiBrainLLM	2611	3403
epiBrainLLM	2611	3404
epiBrainLLM	2613	3404
epiBrainLLM	2613	3405
epiBrainLLM	2614	3405
epiBrainLLM	2614	3406
epiBrainLLM	2616	3406
epiBrainLLM	2616	3407
epiBrainLLM	2617	3407
epiBrainLLM	2617	3408
epiBrainLLM	2618	3408
epiBrainLLM	2618	3410
epiBrainLLM	2619	3410
epiBrainLLM	2619	3411
epiBrainLLM	2621	3411
epiBrainLLM	2621	3416
epiBrainLLM	2626	3416
epiBrainLLM	2626	3421
epiBrainLLM	2628	3421
epiBrainLLM	2628	3422
epiBrainLLM	2637	3422
epiBrainLLM	2637	3424
epiBrainLLM	2640	3424
epiBrainLLM	2640	3427
epiBrainLLM	2642	3427
epiBrainLLM	2642	3428
epiBrainLLM	2646	3428
epiBrainLLM	2646	3429
epiBrainLLM	2650	3429
epiBrainLLM	2650	3431
epiBrainLLM	2651	3431
epiBrainLLM	2651	3432
epiBrainLLM	2652	3432
epiBrainLLM	2652	3433
epiBrainLLM	2653	3433
epiBrainLLM	2653	3434
epiBrainLLM	2654	3434
epiBrainLLM	2654	3435
epiBrainLLM	2656	3435
epiBrainLLM	2656	3436
epiBrainLLM	2657	3436
epiBrainLLM	2657	3437
epiBrainLLM	2664	3437
epiBrainLLM	2664	3440
epiBrainLLM	2669	3440
epiBrainLLM	2669	3447
epiBrainLLM	2673	3447
epiBrainLLM	2673	3448
epiBrainLLM	2676	3448
epiBrainLLM	2676	3449
epiBrainLLM	2679	3449
epiBrainLLM	2679	3450
epiBrainLLM	2684	3450
epiBrainLLM	2684	3451
epiBrainLLM	2686	3451
epiBrainLLM	2686	3452
epiBrainLLM	2691	3452
epiBrainLLM	2691	3453
epiBrainLLM	2694	3453
epiBrainLLM	2694	3454
epiBrainLLM	2699	3454
epiBrainLLM	2699	3455
epiBrainLLM	2703	3455
epiBrainLLM	2703	3456
epiBrainLLM	2704	3456
epiBrainLLM	2704	3457
epiBrainLLM	2707	3457
epiBrainLLM	2707	3460
epiBrainLLM	2708	3460
epiBrainLLM	2708	3462
epiBrainLLM	2716	3462
epiBrainLLM	2716	3463
epiBrainLLM	2719	3463
epiBrainLLM	2719	3464
epiBrainLLM	2721	3464
epiBrainLLM	2721	3465
epiBrainLLM	2725	3465
epiBrainLLM	2725	3467
epiBrainLLM	2727	3467
epiBrainLLM	2727	3468
epiBrainLLM	2729	3468
epiBrainLLM	2729	3470
epiBrainLLM	2738	3470
epiBrainLLM	2738	3472
epiBrainLLM	2739	3472
epiBrainLLM	2739	3474
epiBrainLLM	2740	3474
epiBrainLLM	2740	3475
epiBrainLLM	2741	3475
epiBrainLLM	2741	3476
epiBrainLLM	2746	3476
epiBrainLLM	2746	3478
epiBrainLLM	2748	3478
epiBrainLLM	2748	3479
epiBrainLLM	2752	3479
epiBrainLLM	2752	3481
epiBrainLLM	2753	3481
epiBrainLLM	2753	3482
epiBrainLLM	2754	3482
epiBrainLLM	2754	3483
epiBrainLLM	2757	3483
epiBrainLLM	2757	3484
epiBrainLLM	2758	3484
epiBrainLLM	2758	3485
epiBrainLLM	2760	3485
epiBrainLLM	2760	3486
epiBrainLLM	2771	3486
epiBrainLLM	2771	3487
epiBrainLLM	2772	3487
epiBrainLLM	2772	3488
epiBrainLLM	2773	3488
epiBrainLLM	2773	3489
epiBrainLLM	2775	3489
epiBrainLLM	2775	3491
epiBrainLLM	2776	3491
epiBrainLLM	2776	3494
epiBrainLLM	2780	3494
epiBrainLLM	2780	3495
epiBrainLLM	2793	3495
epiBrainLLM	2793	3497
epiBrainLLM	2798	3497
epiBrainLLM	2798	3498
epiBrainLLM	2801	3498
epiBrainLLM	2801	3500
epiBrainLLM	2805	3500
epiBrainLLM	2805	3502
epiBrainLLM	2808	3502
epiBrainLLM	2808	3504
epiBrainLLM	2810	3504
epiBrainLLM	2810	3506
epiBrainLLM	2812	3506
epiBrainLLM	2812	3508
epiBrainLLM	2813	3508
epiBrainLLM	2813	3509
epiBrainLLM	2817	3509
epiBrainLLM	2817	3510
epiBrainLLM	2818	3510
epiBrainLLM	2818	3511
epiBrainLLM	2819	3511
epiBrainLLM	2819	3512
epiBrainLLM	2820	3512
epiBrainLLM	2820	3513
epiBrainLLM	2826	3513
epiBrainLLM	2826	3514
epiBrainLLM	2828	3514
epiBrainLLM	2828	3515
epiBrainLLM	2830	3515
epiBrainLLM	2830	3516
epiBrainLLM	2832	3516
epiBrainLLM	2832	3519
epiBrainLLM	2836	3519
epiBrainLLM	2836	3520
epiBrainLLM	2840	3520
epiBrainLLM	2840	3523
epiBrainLLM	2848	3523
epiBrainLLM	2848	3524
epiBrainLLM	2853	3524
epiBrainLLM	2853	3525
epiBrainLLM	2854	3525
epiBrainLLM	2854	3527
epiBrainLLM	2856	3527
epiBrainLLM	2856	3529
epiBrainLLM	2857	3529
epiBrainLLM	2857	3530
epiBrainLLM	2860	3530
epiBrainLLM	2860	3531
epiBrainLLM	2862	3531
epiBrainLLM	2862	3535
epiBrainLLM	2863	3535
epiBrainLLM	2863	3537
epiBrainLLM	2864	3537
epiBrainLLM	2864	3538
epiBrainLLM	2867	3538
epiBrainLLM	2867	3539
epiBrainLLM	2871	3539
epiBrainLLM	2871	3541
epiBrainLLM	2874	3541
epiBrainLLM	2874	3543
epiBrainLLM	2875	3543
epiBrainLLM	2875	3544
epiBrainLLM	2877	3544
epiBrainLLM	2877	3545
epiBrainLLM	2878	3545
epiBrainLLM	2878	3550
epiBrainLLM	2883	3550
epiBrainLLM	2883	3552
epiBrainLLM	2884	3552
epiBrainLLM	2884	3553
epiBrainLLM	2886	3553
epiBrainLLM	2886	3554
epiBrainLLM	2887	3554
epiBrainLLM	2887	3555
epiBrainLLM	2895	3555
epiBrainLLM	2895	3556
epiBrainLLM	2899	3556
epiBrainLLM	2899	3557
epiBrainLLM	2900	3557
epiBrainLLM	2900	3560
epiBrainLLM	2902	3560
epiBrainLLM	2902	3561
epiBrainLLM	2903	3561
epiBrainLLM	2903	3562
epiBrainLLM	2904	3562
epiBrainLLM	2904	3564
epiBrainLLM	2906	3564
epiBrainLLM	2906	3566
epiBrainLLM	2908	3566
epiBrainLLM	2908	3567
epiBrainLLM	2912	3567
epiBrainLLM	2912	3568
epiBrainLLM	2913	3568
epiBrainLLM	2913	3570
epiBrainLLM	2915	3570
epiBrainLLM	2915	3572
epiBrainLLM	2916	3572
epiBrainLLM	2916	3573
epiBrainLLM	2917	3573
epiBrainLLM	2917	3574
epiBrainLLM	2918	3574
epiBrainLLM	2918	3575
epiBrainLLM	2921	3575
epiBrainLLM	2921	3576
epiBrainLLM	2922	3576
epiBrainLLM	2922	3577
epiBrainLLM	2924	3577
epiBrainLLM	2924	3578
epiBrainLLM	2929	3578
epiBrainLLM	2929	3579
epiBrainLLM	2930	3579
epiBrainLLM	2930	3580
epiBrainLLM	2932	3580
epiBrainLLM	2932	3581
epiBrainLLM	2934	3581
epiBrainLLM	2934	3582
epiBrainLLM	2935	3582
epiBrainLLM	2935	3583
epiBrainLLM	2938	3583
epiBrainLLM	2938	3584
epiBrainLLM	2944	3584
epiBrainLLM	2944	3585
epiBrainLLM	2951	3585
epiBrainLLM	2951	3586
epiBrainLLM	2952	3586
epiBrainLLM	2952	3588
epiBrainLLM	2953	3588
epiBrainLLM	2953	3589
epiBrainLLM	2962	3589
epiBrainLLM	2962	3591
epiBrainLLM	2964	3591
epiBrainLLM	2964	3592
epiBrainLLM	2965	3592
epiBrainLLM	2965	3593
epiBrainLLM	2968	3593
epiBrainLLM	2968	3594
epiBrainLLM	2969	3594
epiBrainLLM	2969	3596
epiBrainLLM	2972	3596
epiBrainLLM	2972	3597
epiBrainLLM	2977	3597
epiBrainLLM	2977	3598
epiBrainLLM	2979	3598
epiBrainLLM	2979	3600
epiBrainLLM	2981	3600
epiBrainLLM	2981	3601
epiBrainLLM	2984	3601
epiBrainLLM	2984	3603
epiBrainLLM	2986	3603
epiBrainLLM	2986	3605
epiBrainLLM	2987	3605
epiBrainLLM	2987	3606
epiBrainLLM	2988	3606
epiBrainLLM	2988	3607
epiBrainLLM	2990	3607
epiBrainLLM	2990	3608
epiBrainLLM	2994	3608
epiBrainLLM	2994	3609
epiBrainLLM	2999	3609
epiBrainLLM	2999	3610
epiBrainLLM	3001	3610
epiBrainLLM	3001	3611
epiBrainLLM	3006	3611
epiBrainLLM	3006	3612
epiBrainLLM	3008	3612
epiBrainLLM	3008	3613
epiBrainLLM	3010	3613
epiBrainLLM	3010	3616
epiBrainLLM	3013	3616
epiBrainLLM	3013	3619
epiBrainLLM	3017	3619
epiBrainLLM	3017	3622
epiBrainLLM	3018	3622
epiBrainLLM	3018	3623
epiBrainLLM	3020	3623
epiBrainLLM	3020	3624
epiBrainLLM	3027	3624
epiBrainLLM	3027	3625
epiBrainLLM	3031	3625
epiBrainLLM	3031	3628
epiBrainLLM	3035	3628
epiBrainLLM	3035	3630
epiBrainLLM	3038	3630
epiBrainLLM	3038	3631
epiBrainLLM	3039	3631
epiBrainLLM	3039	3633
epiBrainLLM	3040	3633
epiBrainLLM	3040	3634
epiBrainLLM	3041	3634
epiBrainLLM	3041	3635
epiBrainLLM	3042	3635
epiBrainLLM	3042	3637
epiBrainLLM	3043	3637
epiBrainLLM	3043	3638
epiBrainLLM	3053	3638
epiBrainLLM	3053	3641
epiBrainLLM	3058	3641
epiBrainLLM	3058	3642
epiBrainLLM	3070	3642
epiBrainLLM	3070	3643
epiBrainLLM	3072	3643
epiBrainLLM	3072	3646
epiBrainLLM	3076	3646
epiBrainLLM	3076	3647
epiBrainLLM	3077	3647
epiBrainLLM	3077	3648
epiBrainLLM	3082	3648
epiBrainLLM	3082	3649
epiBrainLLM	3085	3649
epiBrainLLM	3085	3650
epiBrainLLM	3086	3650
epiBrainLLM	3086	3652
epiBrainLLM	3087	3652
epiBrainLLM	3087	3655
epiBrainLLM	3090	3655
epiBrainLLM	3090	3656
epiBrainLLM	3092	3656
epiBrainLLM	3092	3658
epiBrainLLM	3094	3658
epiBrainLLM	3094	3659
epiBrainLLM	3095	3659
epiBrainLLM	3095	3660
epiBrainLLM	3096	3660
epiBrainLLM	3096	3661
epiBrainLLM	3097	3661
epiBrainLLM	3097	3662
epiBrainLLM	3102	3662
epiBrainLLM	3102	3663
epiBrainLLM	3103	3663
epiBrainLLM	3103	3664
epiBrainLLM	3106	3664
epiBrainLLM	3106	3665
epiBrainLLM	3110	3665
epiBrainLLM	3110	3666
epiBrainLLM	3116	3666
epiBrainLLM	3116	3667
epiBrainLLM	3117	3667
epiBrainLLM	3117	3668
epiBrainLLM	3119	3668
epiBrainLLM	3119	3669
epiBrainLLM	3133	3669
epiBrainLLM	3133	3670
epiBrainLLM	3140	3670
epiBrainLLM	3140	3672
epiBrainLLM	3142	3672
epiBrainLLM	3142	3674
epiBrainLLM	3149	3674
epiBrainLLM	3149	3675
epiBrainLLM	3150	3675
epiBrainLLM	3150	3676
epiBrainLLM	3152	3676
epiBrainLLM	3152	3678
epiBrainLLM	3153	3678
epiBrainLLM	3153	3681
epiBrainLLM	3155	3681
epiBrainLLM	3155	3683
epiBrainLLM	3156	3683
epiBrainLLM	3156	3684
epiBrainLLM	3161	3684
epiBrainLLM	3161	3685
epiBrainLLM	3168	3685
epiBrainLLM	3168	3686
epiBrainLLM	3178	3686
epiBrainLLM	3178	3687
epiBrainLLM	3180	3687
epiBrainLLM	3180	3688
epiBrainLLM	3185	3688
epiBrainLLM	3185	3689
epiBrainLLM	3190	3689
epiBrainLLM	3190	3691
epiBrainLLM	3191	3691
epiBrainLLM	3191	3692
epiBrainLLM	3194	3692
epiBrainLLM	3194	3693
epiBrainLLM	3198	3693
epiBrainLLM	3198	3694
epiBrainLLM	3203	3694
epiBrainLLM	3203	3695
epiBrainLLM	3205	3695
epiBrainLLM	3205	3696
epiBrainLLM	3207	3696
epiBrainLLM	3207	3697
epiBrainLLM	3208	3697
epiBrainLLM	3208	3698
epiBrainLLM	3210	3698
epiBrainLLM	3210	3699
epiBrainLLM	3212	3699
epiBrainLLM	3212	3700
epiBrainLLM	3213	3700
epiBrainLLM	3213	3701
epiBrainLLM	3216	3701
epiBrainLLM	3216	3704
epiBrainLLM	3232	3704
epiBrainLLM	3232	3705
epiBrainLLM	3235	3705
epiBrainLLM	3235	3706
epiBrainLLM	3236	3706
epiBrainLLM	3236	3708
epiBrainLLM	3237	3708
epiBrainLLM	3237	3709
epiBrainLLM	3240	3709
epiBrainLLM	3240	3710
epiBrainLLM	3241	3710
epiBrainLLM	3241	3711
epiBrainLLM	3243	3711
epiBrainLLM	3243	3713
epiBrainLLM	3245	3713
epiBrainLLM	3245	3715
epiBrainLLM	3247	3715
epiBrainLLM	3247	3717
epiBrainLLM	3248	3717
epiBrainLLM	3248	3718
epiBrainLLM	3254	3718
epiBrainLLM	3254	3719
epiBrainLLM	3267	3719
epiBrainLLM	3267	3721
epiBrainLLM	3273	3721
epiBrainLLM	3273	3723
epiBrainLLM	3277	3723
epiBrainLLM	3277	3726
epiBrainLLM	3278	3726
epiBrainLLM	3278	3728
epiBrainLLM	3279	3728
epiBrainLLM	3279	3729
epiBrainLLM	3286	3729
epiBrainLLM	3286	3733
epiBrainLLM	3287	3733
epiBrainLLM	3287	3734
epiBrainLLM	3289	3734
epiBrainLLM	3289	3735
epiBrainLLM	3291	3735
epiBrainLLM	3291	3736
epiBrainLLM	3292	3736
epiBrainLLM	3292	3737
epiBrainLLM	3295	3737
epiBrainLLM	3295	3738
epiBrainLLM	3297	3738
epiBrainLLM	3297	3739
epiBrainLLM	3299	3739
epiBrainLLM	3299	3740
epiBrainLLM	3301	3740
epiBrainLLM	3301	3742
epiBrainLLM	3304	3742
epiBrainLLM	3304	3744
epiBrainLLM	3305	3744
epiBrainLLM	3305	3745
epiBrainLLM	3307	3745
epiBrainLLM	3307	3747
epiBrainLLM	3308	3747
epiBrainLLM	3308	3748
epiBrainLLM	3309	3748
epiBrainLLM	3309	3749
epiBrainLLM	3312	3749
epiBrainLLM	3312	3751
epiBrainLLM	3315	3751
epiBrainLLM	3315	3752
epiBrainLLM	3316	3752
epiBrainLLM	3316	3757
epiBrainLLM	3317	3757
epiBrainLLM	3317	3759
epiBrainLLM	3318	3759
epiBrainLLM	3318	3761
epiBrainLLM	3319	3761
epiBrainLLM	3319	3762
epiBrainLLM	3321	3762
epiBrainLLM	3321	3763
epiBrainLLM	3322	3763
epiBrainLLM	3322	3765
epiBrainLLM	3323	3765
epiBrainLLM	3323	3766
epiBrainLLM	3325	3766
epiBrainLLM	3325	3767
epiBrainLLM	3328	3767
epiBrainLLM	3328	3768
epiBrainLLM	3331	3768
epiBrainLLM	3331	3769
epiBrainLLM	3334	3769
epiBrainLLM	3334	3770
epiBrainLLM	3335	3770
epiBrainLLM	3335	3772
epiBrainLLM	3338	3772
epiBrainLLM	3338	3773
epiBrainLLM	3339	3773
epiBrainLLM	3339	3774
epiBrainLLM	3343	3774
epiBrainLLM	3343	3777
epiBrainLLM	3344	3777
epiBrainLLM	3344	3779
epiBrainLLM	3345	3779
epiBrainLLM	3345	3780
epiBrainLLM	3347	3780
epiBrainLLM	3347	3781
epiBrainLLM	3348	3781
epiBrainLLM	3348	3782
epiBrainLLM	3351	3782
epiBrainLLM	3351	3783
epiBrainLLM	3353	3783
epiBrainLLM	3353	3784
epiBrainLLM	3354	3784
epiBrainLLM	3354	3785
epiBrainLLM	3358	3785
epiBrainLLM	3358	3789
epiBrainLLM	3360	3789
epiBrainLLM	3360	3790
epiBrainLLM	3361	3790
epiBrainLLM	3361	3793
epiBrainLLM	3373	3793
epiBrainLLM	3373	3794
epiBrainLLM	3374	3794
epiBrainLLM	3374	3795
epiBrainLLM	3375	3795
epiBrainLLM	3375	3796
epiBrainLLM	3381	3796
epiBrainLLM	3381	3798
epiBrainLLM	3384	3798
epiBrainLLM	3384	3799
epiBrainLLM	3388	3799
epiBrainLLM	3388	3800
epiBrainLLM	3402	3800
epiBrainLLM	3402	3801
epiBrainLLM	3404	3801
epiBrainLLM	3404	3802
epiBrainLLM	3405	3802
epiBrainLLM	3405	3803
epiBrainLLM	3420	3803
epiBrainLLM	3420	3804
epiBrainLLM	3423	3804
epiBrainLLM	3423	3805
epiBrainLLM	3426	3805
epiBrainLLM	3426	3806
epiBrainLLM	3427	3806
epiBrainLLM	3427	3808
epiBrainLLM	3430	3808
epiBrainLLM	3430	3809
epiBrainLLM	3433	3809
epiBrainLLM	3433	3811
epiBrainLLM	3434	3811
epiBrainLLM	3434	3814
epiBrainLLM	3438	3814
epiBrainLLM	3438	3815
epiBrainLLM	3445	3815
epiBrainLLM	3445	3816
epiBrainLLM	3452	3816
epiBrainLLM	3452	3817
epiBrainLLM	3460	3817
epiBrainLLM	3460	3818
epiBrainLLM	3463	3818
epiBrainLLM	3463	3819
epiBrainLLM	3464	3819
epiBrainLLM	3464	3820
epiBrainLLM	3466	3820
epiBrainLLM	3466	3821
epiBrainLLM	3470	3821
epiBrainLLM	3470	3822
epiBrainLLM	3475	3822
epiBrainLLM	3475	3823
epiBrainLLM	3476	3823
epiBrainLLM	3476	3824
epiBrainLLM	3478	3824
epiBrainLLM	3478	3828
epiBrainLLM	3485	3828
epiBrainLLM	3485	3829
epiBrainLLM	3486	3829
epiBrainLLM	3486	3832
epiBrainLLM	3489	3832
epiBrainLLM	3489	3833
epiBrainLLM	3491	3833
epiBrainLLM	3491	3834
epiBrainLLM	3492	3834
epiBrainLLM	3492	3835
epiBrainLLM	3495	3835
epiBrainLLM	3495	3837
epiBrainLLM	3498	3837
epiBrainLLM	3498	3839
epiBrainLLM	3499	3839
epiBrainLLM	3499	3841
epiBrainLLM	3503	3841
epiBrainLLM	3503	3843
epiBrainLLM	3512	3843
epiBrainLLM	3512	3844
epiBrainLLM	3514	3844
epiBrainLLM	3514	3845
epiBrainLLM	3517	3845
epiBrainLLM	3517	3846
epiBrainLLM	3518	3846
epiBrainLLM	3518	3847
epiBrainLLM	3519	3847
epiBrainLLM	3519	3849
epiBrainLLM	3521	3849
epiBrainLLM	3521	3850
epiBrainLLM	3522	3850
epiBrainLLM	3522	3851
epiBrainLLM	3525	3851
epiBrainLLM	3525	3854
epiBrainLLM	3527	3854
epiBrainLLM	3527	3855
epiBrainLLM	3529	3855
epiBrainLLM	3529	3857
epiBrainLLM	3531	3857
epiBrainLLM	3531	3858
epiBrainLLM	3532	3858
epiBrainLLM	3532	3862
epiBrainLLM	3535	3862
epiBrainLLM	3535	3863
epiBrainLLM	3541	3863
epiBrainLLM	3541	3864
epiBrainLLM	3546	3864
epiBrainLLM	3546	3865
epiBrainLLM	3551	3865
epiBrainLLM	3551	3866
epiBrainLLM	3552	3866
epiBrainLLM	3552	3867
epiBrainLLM	3556	3867
epiBrainLLM	3556	3869
epiBrainLLM	3560	3869
epiBrainLLM	3560	3871
epiBrainLLM	3564	3871
epiBrainLLM	3564	3872
epiBrainLLM	3565	3872
epiBrainLLM	3565	3873
epiBrainLLM	3570	3873
epiBrainLLM	3570	3874
epiBrainLLM	3575	3874
epiBrainLLM	3575	3875
epiBrainLLM	3576	3875
epiBrainLLM	3576	3876
epiBrainLLM	3577	3876
epiBrainLLM	3577	3877
epiBrainLLM	3579	3877
epiBrainLLM	3579	3880
epiBrainLLM	3580	3880
epiBrainLLM	3580	3882
epiBrainLLM	3585	3882
epiBrainLLM	3585	3883
epiBrainLLM	3589	3883
epiBrainLLM	3589	3884
epiBrainLLM	3594	3884
epiBrainLLM	3594	3885
epiBrainLLM	3596	3885
epiBrainLLM	3596	3887
epiBrainLLM	3597	3887
epiBrainLLM	3597	3888
epiBrainLLM	3598	3888
epiBrainLLM	3598	3889
epiBrainLLM	3607	3889
epiBrainLLM	3607	3890
epiBrainLLM	3608	3890
epiBrainLLM	3608	3892
epiBrainLLM	3610	3892
epiBrainLLM	3610	3894
epiBrainLLM	3615	3894
epiBrainLLM	3615	3896
epiBrainLLM	3617	3896
epiBrainLLM	3617	3897
epiBrainLLM	3618	3897
epiBrainLLM	3618	3898
epiBrainLLM	3620	3898
epiBrainLLM	3620	3899
epiBrainLLM	3622	3899
epiBrainLLM	3622	3900
epiBrainLLM	3623	3900
epiBrainLLM	3623	3901
epiBrainLLM	3625	3901
epiBrainLLM	3625	3902
epiBrainLLM	3628	3902
epiBrainLLM	3628	3903
epiBrainLLM	3629	3903
epiBrainLLM	3629	3904
epiBrainLLM	3632	3904
epiBrainLLM	3632	3907
epiBrainLLM	3634	3907
epiBrainLLM	3634	3908
epiBrainLLM	3641	3908
epiBrainLLM	3641	3909
epiBrainLLM	3645	3909
epiBrainLLM	3645	3913
epiBrainLLM	3647	3913
epiBrainLLM	3647	3915
epiBrainLLM	3650	3915
epiBrainLLM	3650	3916
epiBrainLLM	3651	3916
epiBrainLLM	3651	3917
epiBrainLLM	3652	3917
epiBrainLLM	3652	3918
epiBrainLLM	3653	3918
epiBrainLLM	3653	3919
epiBrainLLM	3654	3919
epiBrainLLM	3654	3922
epiBrainLLM	3656	3922
epiBrainLLM	3656	3923
epiBrainLLM	3659	3923
epiBrainLLM	3659	3924
epiBrainLLM	3665	3924
epiBrainLLM	3665	3925
epiBrainLLM	3668	3925
epiBrainLLM	3668	3926
epiBrainLLM	3671	3926
epiBrainLLM	3671	3928
epiBrainLLM	3678	3928
epiBrainLLM	3678	3931
epiBrainLLM	3679	3931
epiBrainLLM	3679	3932
epiBrainLLM	3680	3932
epiBrainLLM	3680	3934
epiBrainLLM	3683	3934
epiBrainLLM	3683	3935
epiBrainLLM	3686	3935
epiBrainLLM	3686	3936
epiBrainLLM	3687	3936
epiBrainLLM	3687	3938
epiBrainLLM	3690	3938
epiBrainLLM	3690	3939
epiBrainLLM	3693	3939
epiBrainLLM	3693	3940
epiBrainLLM	3696	3940
epiBrainLLM	3696	3943
epiBrainLLM	3701	3943
epiBrainLLM	3701	3944
epiBrainLLM	3702	3944
epiBrainLLM	3702	3947
epiBrainLLM	3708	3947
epiBrainLLM	3708	3948
epiBrainLLM	3709	3948
epiBrainLLM	3709	3949
epiBrainLLM	3712	3949
epiBrainLLM	3712	3950
epiBrainLLM	3715	3950
epiBrainLLM	3715	3951
epiBrainLLM	3720	3951
epiBrainLLM	3720	3954
epiBrainLLM	3726	3954
epiBrainLLM	3726	3956
epiBrainLLM	3729	3956
epiBrainLLM	3729	3958
epiBrainLLM	3732	3958
epiBrainLLM	3732	3959
epiBrainLLM	3735	3959
epiBrainLLM	3735	3960
epiBrainLLM	3736	3960
epiBrainLLM	3736	3962
epiBrainLLM	3739	3962
epiBrainLLM	3739	3963
epiBrainLLM	3743	3963
epiBrainLLM	3743	3964
epiBrainLLM	3745	3964
epiBrainLLM	3745	3967
epiBrainLLM	3748	3967
epiBrainLLM	3748	3968
epiBrainLLM	3751	3968
epiBrainLLM	3751	3969
epiBrainLLM	3753	3969
epiBrainLLM	3753	3970
epiBrainLLM	3760	3970
epiBrainLLM	3760	3971
epiBrainLLM	3762	3971
epiBrainLLM	3762	3975
epiBrainLLM	3763	3975
epiBrainLLM	3763	3977
epiBrainLLM	3765	3977
epiBrainLLM	3765	3978
epiBrainLLM	3766	3978
epiBrainLLM	3766	3979
epiBrainLLM	3768	3979
epiBrainLLM	3768	3981
epiBrainLLM	3772	3981
epiBrainLLM	3772	3982
epiBrainLLM	3773	3982
epiBrainLLM	3773	3983
epiBrainLLM	3774	3983
epiBrainLLM	3774	3984
epiBrainLLM	3777	3984
epiBrainLLM	3777	3985
epiBrainLLM	3778	3985
epiBrainLLM	3778	3986
epiBrainLLM	3779	3986
epiBrainLLM	3779	3988
epiBrainLLM	3781	3988
epiBrainLLM	3781	3990
epiBrainLLM	3784	3990
epiBrainLLM	3784	3991
epiBrainLLM	3787	3991
epiBrainLLM	3787	3992
epiBrainLLM	3789	3992
epiBrainLLM	3789	3995
epiBrainLLM	3794	3995
epiBrainLLM	3794	3996
epiBrainLLM	3797	3996
epiBrainLLM	3797	3997
epiBrainLLM	3804	3997
epiBrainLLM	3804	3998
epiBrainLLM	3805	3998
epiBrainLLM	3805	4000
epiBrainLLM	3806	4000
epiBrainLLM	3806	4001
epiBrainLLM	3814	4001
epiBrainLLM	3814	4002
epiBrainLLM	3815	4002
epiBrainLLM	3815	4003
epiBrainLLM	3824	4003
epiBrainLLM	3824	4004
epiBrainLLM	3825	4004
epiBrainLLM	3825	4005
epiBrainLLM	3829	4005
epiBrainLLM	3829	4007
epiBrainLLM	3833	4007
epiBrainLLM	3833	4009
epiBrainLLM	3834	4009
epiBrainLLM	3834	4012
epiBrainLLM	3835	4012
epiBrainLLM	3835	4013
epiBrainLLM	3837	4013
epiBrainLLM	3837	4014
epiBrainLLM	3843	4014
epiBrainLLM	3843	4016
epiBrainLLM	3845	4016
epiBrainLLM	3845	4017
epiBrainLLM	3846	4017
epiBrainLLM	3846	4018
epiBrainLLM	3850	4018
epiBrainLLM	3850	4020
epiBrainLLM	3851	4020
epiBrainLLM	3851	4021
epiBrainLLM	3856	4021
epiBrainLLM	3856	4022
epiBrainLLM	3857	4022
epiBrainLLM	3857	4023
epiBrainLLM	3860	4023
epiBrainLLM	3860	4024
epiBrainLLM	3861	4024
epiBrainLLM	3861	4025
epiBrainLLM	3863	4025
epiBrainLLM	3863	4026
epiBrainLLM	3865	4026
epiBrainLLM	3865	4027
epiBrainLLM	3875	4027
epiBrainLLM	3875	4029
epiBrainLLM	3876	4029
epiBrainLLM	3876	4030
epiBrainLLM	3878	4030
epiBrainLLM	3878	4031
epiBrainLLM	3879	4031
epiBrainLLM	3879	4032
epiBrainLLM	3882	4032
epiBrainLLM	3882	4035
epiBrainLLM	3884	4035
epiBrainLLM	3884	4037
epiBrainLLM	3888	4037
epiBrainLLM	3888	4038
epiBrainLLM	3891	4038
epiBrainLLM	3891	4039
epiBrainLLM	3892	4039
epiBrainLLM	3892	4040
epiBrainLLM	3896	4040
epiBrainLLM	3896	4042
epiBrainLLM	3897	4042
epiBrainLLM	3897	4043
epiBrainLLM	3907	4043
epiBrainLLM	3907	4044
epiBrainLLM	3908	4044
epiBrainLLM	3908	4045
epiBrainLLM	3912	4045
epiBrainLLM	3912	4046
epiBrainLLM	3914	4046
epiBrainLLM	3914	4048
epiBrainLLM	3923	4048
epiBrainLLM	3923	4049
epiBrainLLM	3926	4049
epiBrainLLM	3926	4050
epiBrainLLM	3928	4050
epiBrainLLM	3928	4052
epiBrainLLM	3929	4052
epiBrainLLM	3929	4053
epiBrainLLM	3931	4053
epiBrainLLM	3931	4055
epiBrainLLM	3933	4055
epiBrainLLM	3933	4057
epiBrainLLM	3936	4057
epiBrainLLM	3936	4058
epiBrainLLM	3946	4058
epiBrainLLM	3946	4060
epiBrainLLM	3947	4060
epiBrainLLM	3947	4062
epiBrainLLM	3954	4062
epiBrainLLM	3954	4063
epiBrainLLM	3957	4063
epiBrainLLM	3957	4064
epiBrainLLM	3961	4064
epiBrainLLM	3961	4066
epiBrainLLM	3962	4066
epiBrainLLM	3962	4067
epiBrainLLM	3963	4067
epiBrainLLM	3963	4069
epiBrainLLM	3964	4069
epiBrainLLM	3964	4070
epiBrainLLM	3968	4070
epiBrainLLM	3968	4071
epiBrainLLM	3970	4071
epiBrainLLM	3970	4073
epiBrainLLM	3973	4073
epiBrainLLM	3973	4074
epiBrainLLM	3974	4074
epiBrainLLM	3974	4075
epiBrainLLM	3980	4075
epiBrainLLM	3980	4076
epiBrainLLM	3991	4076
epiBrainLLM	3991	4077
epiBrainLLM	3994	4077
epiBrainLLM	3994	4080
epiBrainLLM	3996	4080
epiBrainLLM	3996	4081
epiBrainLLM	3997	4081
epiBrainLLM	3997	4082
epiBrainLLM	4005	4082
epiBrainLLM	4005	4083
epiBrainLLM	4010	4083
epiBrainLLM	4010	4085
epiBrainLLM	4012	4085
epiBrainLLM	4012	4086
epiBrainLLM	4015	4086
epiBrainLLM	4015	4089
epiBrainLLM	4017	4089
epiBrainLLM	4017	4090
epiBrainLLM	4031	4090
epiBrainLLM	4031	4091
epiBrainLLM	4033	4091
epiBrainLLM	4033	4092
epiBrainLLM	4036	4092
epiBrainLLM	4036	4093
epiBrainLLM	4037	4093
epiBrainLLM	4037	4096
epiBrainLLM	4041	4096
epiBrainLLM	4041	4097
epiBrainLLM	4042	4097
epiBrainLLM	4042	4098
epiBrainLLM	4043	4098
epiBrainLLM	4043	4101
epiBrainLLM	4050	4101
epiBrainLLM	4050	4103
epiBrainLLM	4052	4103
epiBrainLLM	4052	4104
epiBrainLLM	4054	4104
epiBrainLLM	4054	4105
epiBrainLLM	4055	4105
epiBrainLLM	4055	4106
epiBrainLLM	4082	4106
epiBrainLLM	4082	4107
epiBrainLLM	4084	4107
epiBrainLLM	4084	4108
epiBrainLLM	4086	4108
epiBrainLLM	4086	4109
epiBrainLLM	4090	4109
epiBrainLLM	4090	4110
epiBrainLLM	4091	4110
epiBrainLLM	4091	4111
epiBrainLLM	4095	4111
epiBrainLLM	4095	4112
epiBrainLLM	4104	4112
epiBrainLLM	4104	4113
epiBrainLLM	4105	4113
epiBrainLLM	4105	4117
epiBrainLLM	4107	4117
epiBrainLLM	4107	4120
epiBrainLLM	4114	4120
epiBrainLLM	4114	4121
epiBrainLLM	4120	4121
epiBrainLLM	4120	4122
epiBrainLLM	4122	4122
epiBrainLLM	4122	4124
epiBrainLLM	4124	4124
raw SNP	0	0
raw SNP	0	1
raw SNP	0	3
raw SNP	1	3
raw SNP	1	15
raw SNP	3	15
raw SNP	3	20
raw SNP	4	20
raw SNP	4	23
raw SNP	5	23
raw SNP	5	32
raw SNP	6	32
raw SNP	6	40
raw SNP	7	40
raw SNP	7	42
raw SNP	8	42
raw SNP	8	45
raw SNP	9	45
raw SNP	9	46
raw SNP	10	46
raw SNP	10	48
raw SNP	11	48
raw SNP	11	53
raw SNP	12	53
raw SNP	12	57
raw SNP	13	57
raw SNP	13	58
raw SNP	14	58
raw SNP	14	83
raw SNP	15	83
raw SNP	15	87
raw SNP	17	87
raw SNP	17	107
raw SNP	18	107
raw SNP	18	122
raw SNP	19	122
raw SNP	19	130
raw SNP	20	130
raw SNP	20	133
raw SNP	21	133
raw SNP	21	135
raw SNP	22	135
raw SNP	22	138
raw SNP	23	138
raw SNP	23	139
raw SNP	25	139
raw SNP	25	140
raw SNP	26	140
raw SNP	26	148
raw SNP	27	148
raw SNP	27	154
raw SNP	28	154
raw SNP	28	155
raw SNP	29	155
raw SNP	29	168
raw SNP	31	168
raw SNP	31	176
raw SNP	32	176
raw SNP	32	186
raw SNP	33	186
raw SNP	33	189
raw SNP	34	189
raw SNP	34	192
raw SNP	35	192
raw SNP	35	220
raw SNP	36	220
raw SNP	36	221
raw SNP	37	221
raw SNP	37	223
raw SNP	38	223
raw SNP	38	225
raw SNP	39	225
raw SNP	39	237
raw SNP	40	237
raw SNP	40	246
raw SNP	41	246
raw SNP	41	250
raw SNP	43	250
raw SNP	43	255
raw SNP	44	255
raw SNP	44	258
raw SNP	45	258
raw SNP	45	265
raw SNP	46	265
raw SNP	46	287
raw SNP	47	287
raw SNP	47	292
raw SNP	48	292
raw SNP	48	293
raw SNP	49	293
raw SNP	49	296
raw SNP	50	296
raw SNP	50	299
raw SNP	51	299
raw SNP	51	301
raw SNP	53	301
raw SNP	53	308
raw SNP	54	308
raw SNP	54	316
raw SNP	55	316
raw SNP	55	317
raw SNP	57	317
raw SNP	57	326
raw SNP	58	326
raw SNP	58	336
raw SNP	59	336
raw SNP	59	342
raw SNP	60	342
raw SNP	60	346
raw SNP	61	346
raw SNP	61	354
raw SNP	62	354
raw SNP	62	368
raw SNP	63	368
raw SNP	63	370
raw SNP	64	370
raw SNP	64	377
raw SNP	65	377
raw SNP	65	378
raw SNP	66	378
raw SNP	66	385
raw SNP	67	385
raw SNP	67	396
raw SNP	68	396
raw SNP	68	398
raw SNP	69	398
raw SNP	69	402
raw SNP	70	402
raw SNP	70	406
raw SNP	71	406
raw SNP	71	412
raw SNP	72	412
raw SNP	72	419
raw SNP	73	419
raw SNP	73	420
raw SNP	74	420
raw SNP	74	423
raw SNP	75	423
raw SNP	75	435
raw SNP	77	435
raw SNP	77	437
raw SNP	78	437
raw SNP	78	440
raw SNP	79	440
raw SNP	79	443
raw SNP	80	443
raw SNP	80	457
raw SNP	81	457
raw SNP	81	464
raw SNP	82	464
raw SNP	82	465
raw SNP	83	465
raw SNP	83	467
raw SNP	85	467
raw SNP	85	470
raw SNP	86	470
raw SNP	86	481
raw SNP	87	481
raw SNP	87	486
raw SNP	88	486
raw SNP	88	487
raw SNP	89	487
raw SNP	89	491
raw SNP	90	491
raw SNP	90	494
raw SNP	91	494
raw SNP	91	499
raw SNP	92	499
raw SNP	92	503
raw SNP	94	503
raw SNP	94	506
raw SNP	95	506
raw SNP	95	508
raw SNP	96	508
raw SNP	96	512
raw SNP	98	512
raw SNP	98	515
raw SNP	100	515
raw SNP	100	516
raw SNP	101	516
raw SNP	101	519
raw SNP	102	519
raw SNP	102	527
raw SNP	103	527
raw SNP	103	547
raw SNP	104	547
raw SNP	104	549
raw SNP	105	549
raw SNP	105	554
raw SNP	106	554
raw SNP	106	555
raw SNP	107	555
raw SNP	107	560
raw SNP	108	560
raw SNP	108	563
raw SNP	110	563
raw SNP	110	568
raw SNP	111	568
raw SNP	111	571
raw SNP	112	571
raw SNP	112	575
raw SNP	113	575
raw SNP	113	585
raw SNP	115	585
raw SNP	115	586
raw SNP	117	586
raw SNP	117	591
raw SNP	118	591
raw SNP	118	596
raw SNP	119	596
raw SNP	119	606
raw SNP	121	606
raw SNP	121	609
raw SNP	122	609
raw SNP	122	614
raw SNP	123	614
raw SNP	123	617
raw SNP	125	617
raw SNP	125	618
raw SNP	126	618
raw SNP	126	620
raw SNP	127	620
raw SNP	127	622
raw SNP	128	622
raw SNP	128	626
raw SNP	130	626
raw SNP	130	628
raw SNP	131	628
raw SNP	131	635
raw SNP	132	635
raw SNP	132	639
raw SNP	133	639
raw SNP	133	641
raw SNP	134	641
raw SNP	134	643
raw SNP	135	643
raw SNP	135	644
raw SNP	136	644
raw SNP	136	645
raw SNP	138	645
raw SNP	138	647
raw SNP	139	647
raw SNP	139	653
raw SNP	142	653
raw SNP	142	659
raw SNP	143	659
raw SNP	143	660
raw SNP	144	660
raw SNP	144	670
raw SNP	145	670
raw SNP	145	672
raw SNP	146	672
raw SNP	146	685
raw SNP	149	685
raw SNP	149	691
raw SNP	151	691
raw SNP	151	695
raw SNP	154	695
raw SNP	154	698
raw SNP	155	698
raw SNP	155	699
raw SNP	156	699
raw SNP	156	700
raw SNP	157	700
raw SNP	157	704
raw SNP	160	704
raw SNP	160	705
raw SNP	161	705
raw SNP	161	706
raw SNP	163	706
raw SNP	163	709
raw SNP	164	709
raw SNP	164	712
raw SNP	167	712
raw SNP	167	713
raw SNP	168	713
raw SNP	168	720
raw SNP	169	720
raw SNP	169	723
raw SNP	170	723
raw SNP	170	726
raw SNP	171	726
raw SNP	171	730
raw SNP	172	730
raw SNP	172	732
raw SNP	173	732
raw SNP	173	734
raw SNP	174	734
raw SNP	174	735
raw SNP	175	735
raw SNP	175	741
raw SNP	176	741
raw SNP	176	743
raw SNP	180	743
raw SNP	180	744
raw SNP	182	744
raw SNP	182	746
raw SNP	183	746
raw SNP	183	748
raw SNP	185	748
raw SNP	185	749
raw SNP	186	749
raw SNP	186	753
raw SNP	188	753
raw SNP	188	756
raw SNP	190	756
raw SNP	190	757
raw SNP	191	757
raw SNP	191	761
raw SNP	193	761
raw SNP	193	764
raw SNP	194	764
raw SNP	194	765
raw SNP	198	765
raw SNP	198	766
raw SNP	200	766
raw SNP	200	768
raw SNP	201	768
raw SNP	201	771
raw SNP	202	771
raw SNP	202	772
raw SNP	203	772
raw SNP	203	773
raw SNP	204	773
raw SNP	204	775
raw SNP	206	775
raw SNP	206	777
raw SNP	208	777
raw SNP	208	779
raw SNP	209	779
raw SNP	209	780
raw SNP	211	780
raw SNP	211	786
raw SNP	213	786
raw SNP	213	787
raw SNP	215	787
raw SNP	215	791
raw SNP	216	791
raw SNP	216	793
raw SNP	218	793
raw SNP	218	794
raw SNP	221	794
raw SNP	221	795
raw SNP	222	795
raw SNP	222	796
raw SNP	224	796
raw SNP	224	797
raw SNP	225	797
raw SNP	225	805
raw SNP	226	805
raw SNP	226	813
raw SNP	230	813
raw SNP	230	814
raw SNP	232	814
raw SNP	232	815
raw SNP	233	815
raw SNP	233	818
raw SNP	234	818
raw SNP	234	823
raw SNP	236	823
raw SNP	236	826
raw SNP	237	826
raw SNP	237	830
raw SNP	238	830
raw SNP	238	831
raw SNP	239	831
raw SNP	239	832
raw SNP	240	832
raw SNP	240	837
raw SNP	243	837
raw SNP	243	842
raw SNP	244	842
raw SNP	244	843
raw SNP	245	843
raw SNP	245	845
raw SNP	246	845
raw SNP	246	848
raw SNP	247	848
raw SNP	247	851
raw SNP	248	851
raw SNP	248	853
raw SNP	249	853
raw SNP	249	856
raw SNP	251	856
raw SNP	251	858
raw SNP	253	858
raw SNP	253	859
raw SNP	255	859
raw SNP	255	862
raw SNP	256	862
raw SNP	256	873
raw SNP	257	873
raw SNP	257	875
raw SNP	258	875
raw SNP	258	877
raw SNP	259	877
raw SNP	259	878
raw SNP	261	878
raw SNP	261	879
raw SNP	262	879
raw SNP	262	880
raw SNP	263	880
raw SNP	263	882
raw SNP	264	882
raw SNP	264	883
raw SNP	266	883
raw SNP	266	884
raw SNP	267	884
raw SNP	267	886
raw SNP	269	886
raw SNP	269	887
raw SNP	270	887
raw SNP	270	888
raw SNP	271	888
raw SNP	271	892
raw SNP	272	892
raw SNP	272	893
raw SNP	273	893
raw SNP	273	895
raw SNP	275	895
raw SNP	275	898
raw SNP	276	898
raw SNP	276	900
raw SNP	277	900
raw SNP	277	906
raw SNP	279	906
raw SNP	279	908
raw SNP	280	908
raw SNP	280	910
raw SNP	281	910
raw SNP	281	913
raw SNP	282	913
raw SNP	282	914
raw SNP	285	914
raw SNP	285	917
raw SNP	287	917
raw SNP	287	920
raw SNP	288	920
raw SNP	288	924
raw SNP	289	924
raw SNP	289	925
raw SNP	290	925
raw SNP	290	926
raw SNP	291	926
raw SNP	291	927
raw SNP	292	927
raw SNP	292	932
raw SNP	293	932
raw SNP	293	943
raw SNP	294	943
raw SNP	294	947
raw SNP	295	947
raw SNP	295	958
raw SNP	296	958
raw SNP	296	960
raw SNP	297	960
raw SNP	297	961
raw SNP	298	961
raw SNP	298	963
raw SNP	299	963
raw SNP	299	964
raw SNP	300	964
raw SNP	300	970
raw SNP	301	970
raw SNP	301	972
raw SNP	303	972
raw SNP	303	984
raw SNP	304	984
raw SNP	304	988
raw SNP	305	988
raw SNP	305	991
raw SNP	306	991
raw SNP	306	993
raw SNP	307	993
raw SNP	307	997
raw SNP	308	997
raw SNP	308	1002
raw SNP	309	1002
raw SNP	309	1004
raw SNP	310	1004
raw SNP	310	1005
raw SNP	311	1005
raw SNP	311	1011
raw SNP	313	1011
raw SNP	313	1017
raw SNP	314	1017
raw SNP	314	1019
raw SNP	315	1019
raw SNP	315	1025
raw SNP	316	1025
raw SNP	316	1033
raw SNP	317	1033
raw SNP	317	1037
raw SNP	319	1037
raw SNP	319	1044
raw SNP	321	1044
raw SNP	321	1047
raw SNP	323	1047
raw SNP	323	1048
raw SNP	324	1048
raw SNP	324	1050
raw SNP	326	1050
raw SNP	326	1054
raw SNP	327	1054
raw SNP	327	1055
raw SNP	328	1055
raw SNP	328	1058
raw SNP	329	1058
raw SNP	329	1068
raw SNP	332	1068
raw SNP	332	1071
raw SNP	334	1071
raw SNP	334	1074
raw SNP	336	1074
raw SNP	336	1076
raw SNP	337	1076
raw SNP	337	1078
raw SNP	338	1078
raw SNP	338	1084
raw SNP	339	1084
raw SNP	339	1085
raw SNP	340	1085
raw SNP	340	1086
raw SNP	341	1086
raw SNP	341	1097
raw SNP	342	1097
raw SNP	342	1099
raw SNP	344	1099
raw SNP	344	1102
raw SNP	345	1102
raw SNP	345	1108
raw SNP	346	1108
raw SNP	346	1113
raw SNP	347	1113
raw SNP	347	1114
raw SNP	351	1114
raw SNP	351	1115
raw SNP	352	1115
raw SNP	352	1117
raw SNP	353	1117
raw SNP	353	1124
raw SNP	355	1124
raw SNP	355	1128
raw SNP	357	1128
raw SNP	357	1132
raw SNP	360	1132
raw SNP	360	1134
raw SNP	362	1134
raw SNP	362	1136
raw SNP	364	1136
raw SNP	364	1139
raw SNP	365	1139
raw SNP	365	1142
raw SNP	366	1142
raw SNP	366	1146
raw SNP	367	1146
raw SNP	367	1147
raw SNP	368	1147
raw SNP	368	1149
raw SNP	369	1149
raw SNP	369	1151
raw SNP	370	1151
raw SNP	370	1152
raw SNP	371	1152
raw SNP	371	1154
raw SNP	372	1154
raw SNP	372	1157
raw SNP	376	1157
raw SNP	376	1158
raw SNP	378	1158
raw SNP	378	1165
raw SNP	379	1165
raw SNP	379	1169
raw SNP	380	1169
raw SNP	380	1173
raw SNP	381	1173
raw SNP	381	1177
raw SNP	383	1177
raw SNP	383	1178
raw SNP	385	1178
raw SNP	385	1188
raw SNP	386	1188
raw SNP	386	1194
raw SNP	387	1194
raw SNP	387	1200
raw SNP	390	1200
raw SNP	390	1212
raw SNP	391	1212
raw SNP	391	1220
raw SNP	392	1220
raw SNP	392	1221
raw SNP	396	1221
raw SNP	396	1223
raw SNP	398	1223
raw SNP	398	1224
raw SNP	399	1224
raw SNP	399	1225
raw SNP	400	1225
raw SNP	400	1226
raw SNP	402	1226
raw SNP	402	1227
raw SNP	404	1227
raw SNP	404	1228
raw SNP	406	1228
raw SNP	406	1229
raw SNP	410	1229
raw SNP	410	1230
raw SNP	411	1230
raw SNP	411	1236
raw SNP	413	1236
raw SNP	413	1242
raw SNP	414	1242
raw SNP	414	1244
raw SNP	416	1244
raw SNP	416	1247
raw SNP	418	1247
raw SNP	418	1250
raw SNP	419	1250
raw SNP	419	1251
raw SNP	420	1251
raw SNP	420	1252
raw SNP	421	1252
raw SNP	421	1253
raw SNP	422	1253
raw SNP	422	1255
raw SNP	423	1255
raw SNP	423	1263
raw SNP	425	1263
raw SNP	425	1268
raw SNP	426	1268
raw SNP	426	1269
raw SNP	429	1269
raw SNP	429	1270
raw SNP	430	1270
raw SNP	430	1274
raw SNP	432	1274
raw SNP	432	1283
raw SNP	435	1283
raw SNP	435	1294
raw SNP	436	1294
raw SNP	436	1296
raw SNP	437	1296
raw SNP	437	1297
raw SNP	440	1297
raw SNP	440	1298
raw SNP	441	1298
raw SNP	441	1299
raw SNP	442	1299
raw SNP	442	1304
raw SNP	444	1304
raw SNP	444	1309
raw SNP	445	1309
raw SNP	445	1313
raw SNP	446	1313
raw SNP	446	1315
raw SNP	447	1315
raw SNP	447	1318
raw SNP	449	1318
raw SNP	449	1321
raw SNP	450	1321
raw SNP	450	1322
raw SNP	453	1322
raw SNP	453	1325
raw SNP	454	1325
raw SNP	454	1330
raw SNP	455	1330
raw SNP	455	1331
raw SNP	456	1331
raw SNP	456	1332
raw SNP	458	1332
raw SNP	458	1335
raw SNP	461	1335
raw SNP	461	1339
raw SNP	463	1339
raw SNP	463	1342
raw SNP	464	1342
raw SNP	464	1343
raw SNP	465	1343
raw SNP	465	1346
raw SNP	466	1346
raw SNP	466	1349
raw SNP	467	1349
raw SNP	467	1351
raw SNP	469	1351
raw SNP	469	1354
raw SNP	471	1354
raw SNP	471	1359
raw SNP	472	1359
raw SNP	472	1360
raw SNP	473	1360
raw SNP	473	1362
raw SNP	475	1362
raw SNP	475	1365
raw SNP	478	1365
raw SNP	478	1367
raw SNP	480	1367
raw SNP	480	1376
raw SNP	482	1376
raw SNP	482	1379
raw SNP	483	1379
raw SNP	483	1382
raw SNP	486	1382
raw SNP	486	1383
raw SNP	487	1383
raw SNP	487	1384
raw SNP	488	1384
raw SNP	488	1392
raw SNP	489	1392
raw SNP	489	1395
raw SNP	490	1395
raw SNP	490	1398
raw SNP	491	1398
raw SNP	491	1400
raw SNP	492	1400
raw SNP	492	1403
raw SNP	494	1403
raw SNP	494	1409
raw SNP	495	1409
raw SNP	495	1411
raw SNP	496	1411
raw SNP	496	1412
raw SNP	497	1412
raw SNP	497	1413
raw SNP	498	1413
raw SNP	498	1414
raw SNP	499	1414
raw SNP	499	1418
raw SNP	500	1418
raw SNP	500	1427
raw SNP	501	1427
raw SNP	501	1428
raw SNP	504	1428
raw SNP	504	1430
raw SNP	506	1430
raw SNP	506	1435
raw SNP	509	1435
raw SNP	509	1437
raw SNP	510	1437
raw SNP	510	1439
raw SNP	512	1439
raw SNP	512	1441
raw SNP	515	1441
raw SNP	515	1443
raw SNP	517	1443
raw SNP	517	1445
raw SNP	518	1445
raw SNP	518	1448
raw SNP	521	1448
raw SNP	521	1456
raw SNP	522	1456
raw SNP	522	1458
raw SNP	523	1458
raw SNP	523	1460
raw SNP	524	1460
raw SNP	524	1461
raw SNP	525	1461
raw SNP	525	1466
raw SNP	526	1466
raw SNP	526	1471
raw SNP	529	1471
raw SNP	529	1478
raw SNP	532	1478
raw SNP	532	1481
raw SNP	533	1481
raw SNP	533	1482
raw SNP	534	1482
raw SNP	534	1485
raw SNP	535	1485
raw SNP	535	1487
raw SNP	537	1487
raw SNP	537	1488
raw SNP	538	1488
raw SNP	538	1495
raw SNP	539	1495
raw SNP	539	1496
raw SNP	542	1496
raw SNP	542	1497
raw SNP	543	1497
raw SNP	543	1498
raw SNP	544	1498
raw SNP	544	1499
raw SNP	546	1499
raw SNP	546	1500
raw SNP	547	1500
raw SNP	547	1503
raw SNP	548	1503
raw SNP	548	1504
raw SNP	549	1504
raw SNP	549	1518
raw SNP	550	1518
raw SNP	550	1520
raw SNP	551	1520
raw SNP	551	1522
raw SNP	552	1522
raw SNP	552	1523
raw SNP	553	1523
raw SNP	553	1526
raw SNP	554	1526
raw SNP	554	1527
raw SNP	556	1527
raw SNP	556	1529
raw SNP	559	1529
raw SNP	559	1532
raw SNP	560	1532
raw SNP	560	1533
raw SNP	562	1533
raw SNP	562	1537
raw SNP	563	1537
raw SNP	563	1539
raw SNP	564	1539
raw SNP	564	1540
raw SNP	565	1540
raw SNP	565	1541
raw SNP	568	1541
raw SNP	568	1544
raw SNP	569	1544
raw SNP	569	1547
raw SNP	570	1547
raw SNP	570	1549
raw SNP	571	1549
raw SNP	571	1555
raw SNP	572	1555
raw SNP	572	1564
raw SNP	574	1564
raw SNP	574	1569
raw SNP	575	1569
raw SNP	575	1583
raw SNP	576	1583
raw SNP	576	1588
raw SNP	577	1588
raw SNP	577	1592
raw SNP	578	1592
raw SNP	578	1593
raw SNP	579	1593
raw SNP	579	1605
raw SNP	581	1605
raw SNP	581	1608
raw SNP	582	1608
raw SNP	582	1609
raw SNP	583	1609
raw SNP	583	1615
raw SNP	588	1615
raw SNP	588	1621
raw SNP	589	1621
raw SNP	589	1623
raw SNP	590	1623
raw SNP	590	1627
raw SNP	593	1627
raw SNP	593	1629
raw SNP	597	1629
raw SNP	597	1635
raw SNP	598	1635
raw SNP	598	1638
raw SNP	599	1638
raw SNP	599	1639
raw SNP	600	1639
raw SNP	600	1642
raw SNP	601	1642
raw SNP	601	1646
raw SNP	602	1646
raw SNP	602	1650
raw SNP	604	1650
raw SNP	604	1652
raw SNP	606	1652
raw SNP	606	1654
raw SNP	610	1654
raw SNP	610	1656
raw SNP	611	1656
raw SNP	611	1661
raw SNP	612	1661
raw SNP	612	1667
raw SNP	614	1667
raw SNP	614	1670
raw SNP	615	1670
raw SNP	615	1671
raw SNP	618	1671
raw SNP	618	1673
raw SNP	619	1673
raw SNP	619	1680
raw SNP	620	1680
raw SNP	620	1682
raw SNP	621	1682
raw SNP	621	1690
raw SNP	622	1690
raw SNP	622	1692
raw SNP	625	1692
raw SNP	625	1695
raw SNP	627	1695
raw SNP	627	1696
raw SNP	629	1696
raw SNP	629	1698
raw SNP	630	1698
raw SNP	630	1702
raw SNP	633	1702
raw SNP	633	1708
raw SNP	634	1708
raw SNP	634	1710
raw SNP	635	1710
raw SNP	635	1712
raw SNP	638	1712
raw SNP	638	1714
raw SNP	640	1714
raw SNP	640	1719
raw SNP	642	1719
raw SNP	642	1722
raw SNP	644	1722
raw SNP	644	1723
raw SNP	648	1723
raw SNP	648	1724
raw SNP	649	1724
raw SNP	649	1729
raw SNP	650	1729
raw SNP	650	1731
raw SNP	651	1731
raw SNP	651	1735
raw SNP	652	1735
raw SNP	652	1736
raw SNP	653	1736
raw SNP	653	1740
raw SNP	654	1740
raw SNP	654	1743
raw SNP	655	1743
raw SNP	655	1744
raw SNP	656	1744
raw SNP	656	1747
raw SNP	658	1747
raw SNP	658	1749
raw SNP	659	1749
raw SNP	659	1757
raw SNP	660	1757
raw SNP	660	1761
raw SNP	661	1761
raw SNP	661	1762
raw SNP	662	1762
raw SNP	662	1764
raw SNP	663	1764
raw SNP	663	1767
raw SNP	664	1767
raw SNP	664	1772
raw SNP	666	1772
raw SNP	666	1778
raw SNP	669	1778
raw SNP	669	1780
raw SNP	671	1780
raw SNP	671	1784
raw SNP	674	1784
raw SNP	674	1787
raw SNP	676	1787
raw SNP	676	1790
raw SNP	677	1790
raw SNP	677	1791
raw SNP	679	1791
raw SNP	679	1792
raw SNP	680	1792
raw SNP	680	1793
raw SNP	681	1793
raw SNP	681	1794
raw SNP	684	1794
raw SNP	684	1796
raw SNP	685	1796
raw SNP	685	1798
raw SNP	686	1798
raw SNP	686	1799
raw SNP	689	1799
raw SNP	689	1803
raw SNP	690	1803
raw SNP	690	1807
raw SNP	691	1807
raw SNP	691	1808
raw SNP	692	1808
raw SNP	692	1810
raw SNP	693	1810
raw SNP	693	1811
raw SNP	694	1811
raw SNP	694	1813
raw SNP	696	1813
raw SNP	696	1817
raw SNP	699	1817
raw SNP	699	1821
raw SNP	700	1821
raw SNP	700	1823
raw SNP	701	1823
raw SNP	701	1824
raw SNP	702	1824
raw SNP	702	1825
raw SNP	703	1825
raw SNP	703	1828
raw SNP	704	1828
raw SNP	704	1830
raw SNP	706	1830
raw SNP	706	1831
raw SNP	707	1831
raw SNP	707	1832
raw SNP	709	1832
raw SNP	709	1838
raw SNP	710	1838
raw SNP	710	1846
raw SNP	711	1846
raw SNP	711	1847
raw SNP	712	1847
raw SNP	712	1848
raw SNP	713	1848
raw SNP	713	1851
raw SNP	715	1851
raw SNP	715	1852
raw SNP	717	1852
raw SNP	717	1853
raw SNP	718	1853
raw SNP	718	1854
raw SNP	719	1854
raw SNP	719	1862
raw SNP	721	1862
raw SNP	721	1870
raw SNP	726	1870
raw SNP	726	1872
raw SNP	729	1872
raw SNP	729	1874
raw SNP	731	1874
raw SNP	731	1877
raw SNP	734	1877
raw SNP	734	1882
raw SNP	735	1882
raw SNP	735	1885
raw SNP	736	1885
raw SNP	736	1891
raw SNP	737	1891
raw SNP	737	1893
raw SNP	739	1893
raw SNP	739	1895
raw SNP	741	1895
raw SNP	741	1896
raw SNP	742	1896
raw SNP	742	1901
raw SNP	744	1901
raw SNP	744	1910
raw SNP	748	1910
raw SNP	748	1912
raw SNP	750	1912
raw SNP	750	1916
raw SNP	751	1916
raw SNP	751	1917
raw SNP	754	1917
raw SNP	754	1921
raw SNP	757	1921
raw SNP	757	1924
raw SNP	758	1924
raw SNP	758	1932
raw SNP	759	1932
raw SNP	759	1934
raw SNP	762	1934
raw SNP	762	1936
raw SNP	764	1936
raw SNP	764	1938
raw SNP	765	1938
raw SNP	765	1940
raw SNP	766	1940
raw SNP	766	1942
raw SNP	768	1942
raw SNP	768	1952
raw SNP	769	1952
raw SNP	769	1955
raw SNP	772	1955
raw SNP	772	1960
raw SNP	773	1960
raw SNP	773	1967
raw SNP	774	1967
raw SNP	774	1968
raw SNP	775	1968
raw SNP	775	1973
raw SNP	776	1973
raw SNP	776	1977
raw SNP	779	1977
raw SNP	779	1980
raw SNP	781	1980
raw SNP	781	1981
raw SNP	782	1981
raw SNP	782	1982
raw SNP	783	1982
raw SNP	783	1984
raw SNP	789	1984
raw SNP	789	2001
raw SNP	790	2001
raw SNP	790	2002
raw SNP	791	2002
raw SNP	791	2003
raw SNP	792	2003
raw SNP	792	2006
raw SNP	793	2006
raw SNP	793	2007
raw SNP	795	2007
raw SNP	795	2010
raw SNP	801	2010
raw SNP	801	2011
raw SNP	803	2011
raw SNP	803	2012
raw SNP	805	2012
raw SNP	805	2015
raw SNP	806	2015
raw SNP	806	2023
raw SNP	807	2023
raw SNP	807	2029
raw SNP	809	2029
raw SNP	809	2030
raw SNP	810	2030
raw SNP	810	2031
raw SNP	811	2031
raw SNP	811	2032
raw SNP	812	2032
raw SNP	812	2033
raw SNP	813	2033
raw SNP	813	2039
raw SNP	816	2039
raw SNP	816	2044
raw SNP	817	2044
raw SNP	817	2045
raw SNP	818	2045
raw SNP	818	2048
raw SNP	821	2048
raw SNP	821	2049
raw SNP	822	2049
raw SNP	822	2052
raw SNP	823	2052
raw SNP	823	2054
raw SNP	825	2054
raw SNP	825	2064
raw SNP	826	2064
raw SNP	826	2068
raw SNP	827	2068
raw SNP	827	2075
raw SNP	828	2075
raw SNP	828	2076
raw SNP	829	2076
raw SNP	829	2077
raw SNP	830	2077
raw SNP	830	2078
raw SNP	831	2078
raw SNP	831	2081
raw SNP	832	2081
raw SNP	832	2083
raw SNP	833	2083
raw SNP	833	2085
raw SNP	834	2085
raw SNP	834	2091
raw SNP	836	2091
raw SNP	836	2093
raw SNP	837	2093
raw SNP	837	2094
raw SNP	838	2094
raw SNP	838	2095
raw SNP	840	2095
raw SNP	840	2097
raw SNP	841	2097
raw SNP	841	2103
raw SNP	843	2103
raw SNP	843	2105
raw SNP	846	2105
raw SNP	846	2106
raw SNP	847	2106
raw SNP	847	2107
raw SNP	849	2107
raw SNP	849	2108
raw SNP	850	2108
raw SNP	850	2109
raw SNP	852	2109
raw SNP	852	2113
raw SNP	853	2113
raw SNP	853	2122
raw SNP	854	2122
raw SNP	854	2124
raw SNP	855	2124
raw SNP	855	2126
raw SNP	858	2126
raw SNP	858	2133
raw SNP	862	2133
raw SNP	862	2134
raw SNP	863	2134
raw SNP	863	2138
raw SNP	864	2138
raw SNP	864	2140
raw SNP	865	2140
raw SNP	865	2144
raw SNP	867	2144
raw SNP	867	2147
raw SNP	868	2147
raw SNP	868	2150
raw SNP	870	2150
raw SNP	870	2153
raw SNP	871	2153
raw SNP	871	2154
raw SNP	872	2154
raw SNP	872	2155
raw SNP	874	2155
raw SNP	874	2157
raw SNP	875	2157
raw SNP	875	2158
raw SNP	876	2158
raw SNP	876	2160
raw SNP	877	2160
raw SNP	877	2162
raw SNP	878	2162
raw SNP	878	2163
raw SNP	880	2163
raw SNP	880	2170
raw SNP	881	2170
raw SNP	881	2172
raw SNP	882	2172
raw SNP	882	2178
raw SNP	883	2178
raw SNP	883	2182
raw SNP	885	2182
raw SNP	885	2184
raw SNP	886	2184
raw SNP	886	2187
raw SNP	887	2187
raw SNP	887	2196
raw SNP	888	2196
raw SNP	888	2199
raw SNP	890	2199
raw SNP	890	2200
raw SNP	891	2200
raw SNP	891	2211
raw SNP	892	2211
raw SNP	892	2212
raw SNP	893	2212
raw SNP	893	2214
raw SNP	894	2214
raw SNP	894	2216
raw SNP	895	2216
raw SNP	895	2217
raw SNP	896	2217
raw SNP	896	2222
raw SNP	898	2222
raw SNP	898	2223
raw SNP	900	2223
raw SNP	900	2228
raw SNP	902	2228
raw SNP	902	2229
raw SNP	903	2229
raw SNP	903	2230
raw SNP	904	2230
raw SNP	904	2235
raw SNP	905	2235
raw SNP	905	2238
raw SNP	907	2238
raw SNP	907	2239
raw SNP	908	2239
raw SNP	908	2240
raw SNP	910	2240
raw SNP	910	2245
raw SNP	911	2245
raw SNP	911	2250
raw SNP	914	2250
raw SNP	914	2251
raw SNP	917	2251
raw SNP	917	2253
raw SNP	918	2253
raw SNP	918	2254
raw SNP	919	2254
raw SNP	919	2255
raw SNP	920	2255
raw SNP	920	2256
raw SNP	922	2256
raw SNP	922	2258
raw SNP	923	2258
raw SNP	923	2259
raw SNP	924	2259
raw SNP	924	2264
raw SNP	925	2264
raw SNP	925	2266
raw SNP	926	2266
raw SNP	926	2271
raw SNP	927	2271
raw SNP	927	2272
raw SNP	928	2272
raw SNP	928	2279
raw SNP	929	2279
raw SNP	929	2280
raw SNP	930	2280
raw SNP	930	2283
raw SNP	931	2283
raw SNP	931	2284
raw SNP	932	2284
raw SNP	932	2291
raw SNP	933	2291
raw SNP	933	2293
raw SNP	934	2293
raw SNP	934	2297
raw SNP	935	2297
raw SNP	935	2299
raw SNP	936	2299
raw SNP	936	2302
raw SNP	938	2302
raw SNP	938	2307
raw SNP	939	2307
raw SNP	939	2312
raw SNP	943	2312
raw SNP	943	2316
raw SNP	946	2316
raw SNP	946	2321
raw SNP	947	2321
raw SNP	947	2322
raw SNP	948	2322
raw SNP	948	2327
raw SNP	949	2327
raw SNP	949	2329
raw SNP	951	2329
raw SNP	951	2330
raw SNP	953	2330
raw SNP	953	2335
raw SNP	955	2335
raw SNP	955	2337
raw SNP	956	2337
raw SNP	956	2338
raw SNP	961	2338
raw SNP	961	2340
raw SNP	962	2340
raw SNP	962	2346
raw SNP	966	2346
raw SNP	966	2347
raw SNP	968	2347
raw SNP	968	2348
raw SNP	969	2348
raw SNP	969	2349
raw SNP	970	2349
raw SNP	970	2350
raw SNP	972	2350
raw SNP	972	2352
raw SNP	973	2352
raw SNP	973	2353
raw SNP	975	2353
raw SNP	975	2354
raw SNP	976	2354
raw SNP	976	2359
raw SNP	977	2359
raw SNP	977	2360
raw SNP	978	2360
raw SNP	978	2363
raw SNP	981	2363
raw SNP	981	2365
raw SNP	983	2365
raw SNP	983	2367
raw SNP	984	2367
raw SNP	984	2368
raw SNP	985	2368
raw SNP	985	2376
raw SNP	986	2376
raw SNP	986	2383
raw SNP	989	2383
raw SNP	989	2384
raw SNP	990	2384
raw SNP	990	2385
raw SNP	992	2385
raw SNP	992	2389
raw SNP	993	2389
raw SNP	993	2400
raw SNP	994	2400
raw SNP	994	2403
raw SNP	995	2403
raw SNP	995	2406
raw SNP	996	2406
raw SNP	996	2408
raw SNP	997	2408
raw SNP	997	2409
raw SNP	998	2409
raw SNP	998	2412
raw SNP	999	2412
raw SNP	999	2414
raw SNP	1000	2414
raw SNP	1000	2420
raw SNP	1003	2420
raw SNP	1003	2424
raw SNP	1004	2424
raw SNP	1004	2426
raw SNP	1005	2426
raw SNP	1005	2430
raw SNP	1006	2430
raw SNP	1006	2431
raw SNP	1007	2431
raw SNP	1007	2432
raw SNP	1009	2432
raw SNP	1009	2444
raw SNP	1010	2444
raw SNP	1010	2446
raw SNP	1011	2446
raw SNP	1011	2452
raw SNP	1013	2452
raw SNP	1013	2456
raw SNP	1014	2456
raw SNP	1014	2461
raw SNP	1016	2461
raw SNP	1016	2462
raw SNP	1017	2462
raw SNP	1017	2465
raw SNP	1018	2465
raw SNP	1018	2468
raw SNP	1020	2468
raw SNP	1020	2470
raw SNP	1022	2470
raw SNP	1022	2471
raw SNP	1023	2471
raw SNP	1023	2473
raw SNP	1024	2473
raw SNP	1024	2474
raw SNP	1025	2474
raw SNP	1025	2476
raw SNP	1026	2476
raw SNP	1026	2477
raw SNP	1027	2477
raw SNP	1027	2479
raw SNP	1029	2479
raw SNP	1029	2481
raw SNP	1030	2481
raw SNP	1030	2483
raw SNP	1031	2483
raw SNP	1031	2485
raw SNP	1033	2485
raw SNP	1033	2486
raw SNP	1036	2486
raw SNP	1036	2488
raw SNP	1039	2488
raw SNP	1039	2489
raw SNP	1040	2489
raw SNP	1040	2490
raw SNP	1041	2490
raw SNP	1041	2492
raw SNP	1042	2492
raw SNP	1042	2494
raw SNP	1044	2494
raw SNP	1044	2497
raw SNP	1046	2497
raw SNP	1046	2502
raw SNP	1047	2502
raw SNP	1047	2505
raw SNP	1052	2505
raw SNP	1052	2506
raw SNP	1053	2506
raw SNP	1053	2509
raw SNP	1054	2509
raw SNP	1054	2510
raw SNP	1055	2510
raw SNP	1055	2511
raw SNP	1057	2511
raw SNP	1057	2513
raw SNP	1058	2513
raw SNP	1058	2517
raw SNP	1063	2517
raw SNP	1063	2518
raw SNP	1065	2518
raw SNP	1065	2519
raw SNP	1066	2519
raw SNP	1066	2520
raw SNP	1072	2520
raw SNP	1072	2521
raw SNP	1073	2521
raw SNP	1073	2524
raw SNP	1075	2524
raw SNP	1075	2525
raw SNP	1079	2525
raw SNP	1079	2526
raw SNP	1080	2526
raw SNP	1080	2527
raw SNP	1085	2527
raw SNP	1085	2528
raw SNP	1086	2528
raw SNP	1086	2530
raw SNP	1088	2530
raw SNP	1088	2532
raw SNP	1089	2532
raw SNP	1089	2534
raw SNP	1092	2534
raw SNP	1092	2535
raw SNP	1093	2535
raw SNP	1093	2539
raw SNP	1096	2539
raw SNP	1096	2542
raw SNP	1098	2542
raw SNP	1098	2543
raw SNP	1100	2543
raw SNP	1100	2547
raw SNP	1106	2547
raw SNP	1106	2549
raw SNP	1111	2549
raw SNP	1111	2550
raw SNP	1112	2550
raw SNP	1112	2551
raw SNP	1114	2551
raw SNP	1114	2553
raw SNP	1117	2553
raw SNP	1117	2554
raw SNP	1118	2554
raw SNP	1118	2555
raw SNP	1119	2555
raw SNP	1119	2557
raw SNP	1120	2557
raw SNP	1120	2558
raw SNP	1124	2558
raw SNP	1124	2562
raw SNP	1126	2562
raw SNP	1126	2563
raw SNP	1127	2563
raw SNP	1127	2565
raw SNP	1128	2565
raw SNP	1128	2566
raw SNP	1129	2566
raw SNP	1129	2567
raw SNP	1133	2567
raw SNP	1133	2568
raw SNP	1137	2568
raw SNP	1137	2570
raw SNP	1139	2570
raw SNP	1139	2571
raw SNP	1148	2571
raw SNP	1148	2572
raw SNP	1151	2572
raw SNP	1151	2573
raw SNP	1153	2573
raw SNP	1153	2574
raw SNP	1155	2574
raw SNP	1155	2576
raw SNP	1159	2576
raw SNP	1159	2577
raw SNP	1162	2577
raw SNP	1162	2579
raw SNP	1164	2579
raw SNP	1164	2580
raw SNP	1176	2580
raw SNP	1176	2581
raw SNP	1177	2581
raw SNP	1177	2582
raw SNP	1178	2582
raw SNP	1178	2585
raw SNP	1179	2585
raw SNP	1179	2586
raw SNP	1181	2586
raw SNP	1181	2587
raw SNP	1182	2587
raw SNP	1182	2588
raw SNP	1189	2588
raw SNP	1189	2589
raw SNP	1190	2589
raw SNP	1190	2590
raw SNP	1191	2590
raw SNP	1191	2591
raw SNP	1196	2591
raw SNP	1196	2593
raw SNP	1198	2593
raw SNP	1198	2595
raw SNP	1200	2595
raw SNP	1200	2596
raw SNP	1202	2596
raw SNP	1202	2597
raw SNP	1204	2597
raw SNP	1204	2598
raw SNP	1208	2598
raw SNP	1208	2600
raw SNP	1220	2600
raw SNP	1220	2601
raw SNP	1221	2601
raw SNP	1221	2602
raw SNP	1222	2602
raw SNP	1222	2603
raw SNP	1224	2603
raw SNP	1224	2604
raw SNP	1229	2604
raw SNP	1229	2606
raw SNP	1230	2606
raw SNP	1230	2607
raw SNP	1233	2607
raw SNP	1233	2608
raw SNP	1234	2608
raw SNP	1234	2609
raw SNP	1235	2609
raw SNP	1235	2610
raw SNP	1241	2610
raw SNP	1241	2611
raw SNP	1242	2611
raw SNP	1242	2613
raw SNP	1243	2613
raw SNP	1243	2617
raw SNP	1246	2617
raw SNP	1246	2619
raw SNP	1247	2619
raw SNP	1247	2621
raw SNP	1248	2621
raw SNP	1248	2623
raw SNP	1251	2623
raw SNP	1251	2625
raw SNP	1258	2625
raw SNP	1258	2626
raw SNP	1260	2626
raw SNP	1260	2627
raw SNP	1261	2627
raw SNP	1261	2629
raw SNP	1263	2629
raw SNP	1263	2630
raw SNP	1272	2630
raw SNP	1272	2631
raw SNP	1274	2631
raw SNP	1274	2632
raw SNP	1279	2632
raw SNP	1279	2633
raw SNP	1281	2633
raw SNP	1281	2634
raw SNP	1287	2634
raw SNP	1287	2635
raw SNP	1288	2635
raw SNP	1288	2636
raw SNP	1291	2636
raw SNP	1291	2640
raw SNP	1294	2640
raw SNP	1294	2642
raw SNP	1298	2642
raw SNP	1298	2643
raw SNP	1300	2643
raw SNP	1300	2644
raw SNP	1306	2644
raw SNP	1306	2647
raw SNP	1309	2647
raw SNP	1309	2648
raw SNP	1316	2648
raw SNP	1316	2649
raw SNP	1317	2649
raw SNP	1317	2650
raw SNP	1318	2650
raw SNP	1318	2651
raw SNP	1321	2651
raw SNP	1321	2652
raw SNP	1327	2652
raw SNP	1327	2653
raw SNP	1333	2653
raw SNP	1333	2654
raw SNP	1336	2654
raw SNP	1336	2655
raw SNP	1339	2655
raw SNP	1339	2656
raw SNP	1341	2656
raw SNP	1341	2658
raw SNP	1342	2658
raw SNP	1342	2661
raw SNP	1347	2661
raw SNP	1347	2662
raw SNP	1351	2662
raw SNP	1351	2664
raw SNP	1356	2664
raw SNP	1356	2666
raw SNP	1357	2666
raw SNP	1357	2670
raw SNP	1359	2670
raw SNP	1359	2671
raw SNP	1362	2671
raw SNP	1362	2673
raw SNP	1364	2673
raw SNP	1364	2674
raw SNP	1366	2674
raw SNP	1366	2675
raw SNP	1367	2675
raw SNP	1367	2677
raw SNP	1369	2677
raw SNP	1369	2678
raw SNP	1370	2678
raw SNP	1370	2681
raw SNP	1371	2681
raw SNP	1371	2682
raw SNP	1372	2682
raw SNP	1372	2683
raw SNP	1377	2683
raw SNP	1377	2684
raw SNP	1380	2684
raw SNP	1380	2685
raw SNP	1382	2685
raw SNP	1382	2686
raw SNP	1387	2686
raw SNP	1387	2687
raw SNP	1401	2687
raw SNP	1401	2688
raw SNP	1409	2688
raw SNP	1409	2690
raw SNP	1412	2690
raw SNP	1412	2692
raw SNP	1416	2692
raw SNP	1416	2693
raw SNP	1421	2693
raw SNP	1421	2694
raw SNP	1423	2694
raw SNP	1423	2695
raw SNP	1428	2695
raw SNP	1428	2697
raw SNP	1429	2697
raw SNP	1429	2699
raw SNP	1432	2699
raw SNP	1432	2700
raw SNP	1435	2700
raw SNP	1435	2702
raw SNP	1444	2702
raw SNP	1444	2704
raw SNP	1446	2704
raw SNP	1446	2707
raw SNP	1447	2707
raw SNP	1447	2708
raw SNP	1450	2708
raw SNP	1450	2711
raw SNP	1457	2711
raw SNP	1457	2712
raw SNP	1458	2712
raw SNP	1458	2713
raw SNP	1461	2713
raw SNP	1461	2715
raw SNP	1464	2715
raw SNP	1464	2716
raw SNP	1467	2716
raw SNP	1467	2717
raw SNP	1471	2717
raw SNP	1471	2719
raw SNP	1477	2719
raw SNP	1477	2721
raw SNP	1479	2721
raw SNP	1479	2722
raw SNP	1483	2722
raw SNP	1483	2724
raw SNP	1488	2724
raw SNP	1488	2725
raw SNP	1489	2725
raw SNP	1489	2726
raw SNP	1491	2726
raw SNP	1491	2729
raw SNP	1495	2729
raw SNP	1495	2730
raw SNP	1496	2730
raw SNP	1496	2731
raw SNP	1498	2731
raw SNP	1498	2732
raw SNP	1502	2732
raw SNP	1502	2733
raw SNP	1503	2733
raw SNP	1503	2734
raw SNP	1505	2734
raw SNP	1505	2735
raw SNP	1506	2735
raw SNP	1506	2736
raw SNP	1513	2736
raw SNP	1513	2737
raw SNP	1516	2737
raw SNP	1516	2738
raw SNP	1517	2738
raw SNP	1517	2740
raw SNP	1518	2740
raw SNP	1518	2742
raw SNP	1522	2742
raw SNP	1522	2743
raw SNP	1523	2743
raw SNP	1523	2744
raw SNP	1529	2744
raw SNP	1529	2745
raw SNP	1531	2745
raw SNP	1531	2747
raw SNP	1536	2747
raw SNP	1536	2748
raw SNP	1537	2748
raw SNP	1537	2750
raw SNP	1539	2750
raw SNP	1539	2751
raw SNP	1542	2751
raw SNP	1542	2753
raw SNP	1546	2753
raw SNP	1546	2755
raw SNP	1547	2755
raw SNP	1547	2757
raw SNP	1553	2757
raw SNP	1553	2761
raw SNP	1559	2761
raw SNP	1559	2762
raw SNP	1560	2762
raw SNP	1560	2763
raw SNP	1561	2763
raw SNP	1561	2766
raw SNP	1563	2766
raw SNP	1563	2767
raw SNP	1565	2767
raw SNP	1565	2769
raw SNP	1567	2769
raw SNP	1567	2770
raw SNP	1568	2770
raw SNP	1568	2771
raw SNP	1570	2771
raw SNP	1570	2772
raw SNP	1571	2772
raw SNP	1571	2773
raw SNP	1578	2773
raw SNP	1578	2774
raw SNP	1582	2774
raw SNP	1582	2776
raw SNP	1585	2776
raw SNP	1585	2777
raw SNP	1586	2777
raw SNP	1586	2778
raw SNP	1594	2778
raw SNP	1594	2779
raw SNP	1595	2779
raw SNP	1595	2780
raw SNP	1597	2780
raw SNP	1597	2781
raw SNP	1599	2781
raw SNP	1599	2782
raw SNP	1604	2782
raw SNP	1604	2783
raw SNP	1611	2783
raw SNP	1611	2784
raw SNP	1612	2784
raw SNP	1612	2785
raw SNP	1622	2785
raw SNP	1622	2786
raw SNP	1624	2786
raw SNP	1624	2787
raw SNP	1628	2787
raw SNP	1628	2789
raw SNP	1632	2789
raw SNP	1632	2790
raw SNP	1639	2790
raw SNP	1639	2794
raw SNP	1640	2794
raw SNP	1640	2795
raw SNP	1641	2795
raw SNP	1641	2797
raw SNP	1647	2797
raw SNP	1647	2798
raw SNP	1648	2798
raw SNP	1648	2800
raw SNP	1649	2800
raw SNP	1649	2801
raw SNP	1650	2801
raw SNP	1650	2802
raw SNP	1651	2802
raw SNP	1651	2803
raw SNP	1659	2803
raw SNP	1659	2804
raw SNP	1661	2804
raw SNP	1661	2805
raw SNP	1663	2805
raw SNP	1663	2806
raw SNP	1667	2806
raw SNP	1667	2809
raw SNP	1672	2809
raw SNP	1672	2810
raw SNP	1676	2810
raw SNP	1676	2813
raw SNP	1679	2813
raw SNP	1679	2814
raw SNP	1681	2814
raw SNP	1681	2815
raw SNP	1682	2815
raw SNP	1682	2816
raw SNP	1683	2816
raw SNP	1683	2819
raw SNP	1689	2819
raw SNP	1689	2820
raw SNP	1693	2820
raw SNP	1693	2821
raw SNP	1694	2821
raw SNP	1694	2822
raw SNP	1698	2822
raw SNP	1698	2823
raw SNP	1699	2823
raw SNP	1699	2824
raw SNP	1701	2824
raw SNP	1701	2825
raw SNP	1705	2825
raw SNP	1705	2827
raw SNP	1707	2827
raw SNP	1707	2829
raw SNP	1718	2829
raw SNP	1718	2830
raw SNP	1719	2830
raw SNP	1719	2831
raw SNP	1720	2831
raw SNP	1720	2834
raw SNP	1722	2834
raw SNP	1722	2835
raw SNP	1723	2835
raw SNP	1723	2836
raw SNP	1724	2836
raw SNP	1724	2837
raw SNP	1726	2837
raw SNP	1726	2839
raw SNP	1728	2839
raw SNP	1728	2846
raw SNP	1729	2846
raw SNP	1729	2847
raw SNP	1734	2847
raw SNP	1734	2848
raw SNP	1736	2848
raw SNP	1736	2849
raw SNP	1737	2849
raw SNP	1737	2851
raw SNP	1741	2851
raw SNP	1741	2853
raw SNP	1744	2853
raw SNP	1744	2855
raw SNP	1745	2855
raw SNP	1745	2856
raw SNP	1747	2856
raw SNP	1747	2857
raw SNP	1749	2857
raw SNP	1749	2860
raw SNP	1751	2860
raw SNP	1751	2861
raw SNP	1752	2861
raw SNP	1752	2862
raw SNP	1756	2862
raw SNP	1756	2863
raw SNP	1758	2863
raw SNP	1758	2864
raw SNP	1760	2864
raw SNP	1760	2865
raw SNP	1761	2865
raw SNP	1761	2866
raw SNP	1763	2866
raw SNP	1763	2867
raw SNP	1765	2867
raw SNP	1765	2868
raw SNP	1775	2868
raw SNP	1775	2869
raw SNP	1779	2869
raw SNP	1779	2870
raw SNP	1781	2870
raw SNP	1781	2871
raw SNP	1795	2871
raw SNP	1795	2872
raw SNP	1796	2872
raw SNP	1796	2874
raw SNP	1801	2874
raw SNP	1801	2876
raw SNP	1802	2876
raw SNP	1802	2877
raw SNP	1803	2877
raw SNP	1803	2878
raw SNP	1805	2878
raw SNP	1805	2881
raw SNP	1807	2881
raw SNP	1807	2882
raw SNP	1809	2882
raw SNP	1809	2883
raw SNP	1811	2883
raw SNP	1811	2886
raw SNP	1815	2886
raw SNP	1815	2889
raw SNP	1816	2889
raw SNP	1816	2890
raw SNP	1818	2890
raw SNP	1818	2891
raw SNP	1823	2891
raw SNP	1823	2892
raw SNP	1825	2892
raw SNP	1825	2894
raw SNP	1829	2894
raw SNP	1829	2895
raw SNP	1831	2895
raw SNP	1831	2896
raw SNP	1838	2896
raw SNP	1838	2897
raw SNP	1840	2897
raw SNP	1840	2901
raw SNP	1841	2901
raw SNP	1841	2903
raw SNP	1842	2903
raw SNP	1842	2905
raw SNP	1845	2905
raw SNP	1845	2907
raw SNP	1846	2907
raw SNP	1846	2908
raw SNP	1853	2908
raw SNP	1853	2911
raw SNP	1855	2911
raw SNP	1855	2912
raw SNP	1857	2912
raw SNP	1857	2913
raw SNP	1858	2913
raw SNP	1858	2914
raw SNP	1859	2914
raw SNP	1859	2916
raw SNP	1860	2916
raw SNP	1860	2918
raw SNP	1864	2918
raw SNP	1864	2919
raw SNP	1866	2919
raw SNP	1866	2922
raw SNP	1870	2922
raw SNP	1870	2923
raw SNP	1872	2923
raw SNP	1872	2924
raw SNP	1876	2924
raw SNP	1876	2925
raw SNP	1878	2925
raw SNP	1878	2926
raw SNP	1879	2926
raw SNP	1879	2927
raw SNP	1883	2927
raw SNP	1883	2928
raw SNP	1887	2928
raw SNP	1887	2929
raw SNP	1890	2929
raw SNP	1890	2930
raw SNP	1891	2930
raw SNP	1891	2931
raw SNP	1892	2931
raw SNP	1892	2932
raw SNP	1894	2932
raw SNP	1894	2935
raw SNP	1898	2935
raw SNP	1898	2936
raw SNP	1899	2936
raw SNP	1899	2937
raw SNP	1900	2937
raw SNP	1900	2938
raw SNP	1903	2938
raw SNP	1903	2940
raw SNP	1913	2940
raw SNP	1913	2941
raw SNP	1918	2941
raw SNP	1918	2942
raw SNP	1922	2942
raw SNP	1922	2943
raw SNP	1923	2943
raw SNP	1923	2944
raw SNP	1943	2944
raw SNP	1943	2945
raw SNP	1945	2945
raw SNP	1945	2948
raw SNP	1947	2948
raw SNP	1947	2949
raw SNP	1948	2949
raw SNP	1948	2950
raw SNP	1949	2950
raw SNP	1949	2952
raw SNP	1959	2952
raw SNP	1959	2953
raw SNP	1961	2953
raw SNP	1961	2954
raw SNP	1963	2954
raw SNP	1963	2955
raw SNP	1967	2955
raw SNP	1967	2961
raw SNP	1968	2961
raw SNP	1968	2962
raw SNP	1969	2962
raw SNP	1969	2964
raw SNP	1972	2964
raw SNP	1972	2965
raw SNP	1981	2965
raw SNP	1981	2967
raw SNP	1983	2967
raw SNP	1983	2969
raw SNP	1984	2969
raw SNP	1984	2972
raw SNP	1985	2972
raw SNP	1985	2973
raw SNP	1986	2973
raw SNP	1986	2974
raw SNP	1991	2974
raw SNP	1991	2975
raw SNP	1992	2975
raw SNP	1992	2976
raw SNP	2004	2976
raw SNP	2004	2977
raw SNP	2007	2977
raw SNP	2007	2978
raw SNP	2009	2978
raw SNP	2009	2979
raw SNP	2011	2979
raw SNP	2011	2981
raw SNP	2013	2981
raw SNP	2013	2982
raw SNP	2017	2982
raw SNP	2017	2983
raw SNP	2018	2983
raw SNP	2018	2985
raw SNP	2020	2985
raw SNP	2020	2986
raw SNP	2021	2986
raw SNP	2021	2987
raw SNP	2022	2987
raw SNP	2022	2994
raw SNP	2023	2994
raw SNP	2023	2996
raw SNP	2026	2996
raw SNP	2026	2999
raw SNP	2033	2999
raw SNP	2033	3000
raw SNP	2034	3000
raw SNP	2034	3001
raw SNP	2036	3001
raw SNP	2036	3002
raw SNP	2037	3002
raw SNP	2037	3003
raw SNP	2040	3003
raw SNP	2040	3005
raw SNP	2042	3005
raw SNP	2042	3006
raw SNP	2043	3006
raw SNP	2043	3007
raw SNP	2046	3007
raw SNP	2046	3010
raw SNP	2047	3010
raw SNP	2047	3011
raw SNP	2050	3011
raw SNP	2050	3012
raw SNP	2057	3012
raw SNP	2057	3013
raw SNP	2066	3013
raw SNP	2066	3014
raw SNP	2068	3014
raw SNP	2068	3015
raw SNP	2073	3015
raw SNP	2073	3018
raw SNP	2074	3018
raw SNP	2074	3019
raw SNP	2075	3019
raw SNP	2075	3020
raw SNP	2080	3020
raw SNP	2080	3022
raw SNP	2081	3022
raw SNP	2081	3023
raw SNP	2083	3023
raw SNP	2083	3025
raw SNP	2086	3025
raw SNP	2086	3026
raw SNP	2090	3026
raw SNP	2090	3028
raw SNP	2094	3028
raw SNP	2094	3029
raw SNP	2095	3029
raw SNP	2095	3031
raw SNP	2096	3031
raw SNP	2096	3032
raw SNP	2099	3032
raw SNP	2099	3035
raw SNP	2101	3035
raw SNP	2101	3036
raw SNP	2105	3036
raw SNP	2105	3037
raw SNP	2106	3037
raw SNP	2106	3038
raw SNP	2107	3038
raw SNP	2107	3040
raw SNP	2111	3040
raw SNP	2111	3041
raw SNP	2114	3041
raw SNP	2114	3042
raw SNP	2117	3042
raw SNP	2117	3043
raw SNP	2119	3043
raw SNP	2119	3048
raw SNP	2120	3048
raw SNP	2120	3050
raw SNP	2127	3050
raw SNP	2127	3051
raw SNP	2128	3051
raw SNP	2128	3053
raw SNP	2133	3053
raw SNP	2133	3054
raw SNP	2138	3054
raw SNP	2138	3060
raw SNP	2140	3060
raw SNP	2140	3061
raw SNP	2141	3061
raw SNP	2141	3062
raw SNP	2142	3062
raw SNP	2142	3063
raw SNP	2145	3063
raw SNP	2145	3065
raw SNP	2153	3065
raw SNP	2153	3068
raw SNP	2158	3068
raw SNP	2158	3071
raw SNP	2161	3071
raw SNP	2161	3072
raw SNP	2164	3072
raw SNP	2164	3075
raw SNP	2166	3075
raw SNP	2166	3077
raw SNP	2171	3077
raw SNP	2171	3078
raw SNP	2174	3078
raw SNP	2174	3079
raw SNP	2175	3079
raw SNP	2175	3082
raw SNP	2180	3082
raw SNP	2180	3083
raw SNP	2185	3083
raw SNP	2185	3085
raw SNP	2187	3085
raw SNP	2187	3086
raw SNP	2188	3086
raw SNP	2188	3088
raw SNP	2189	3088
raw SNP	2189	3095
raw SNP	2190	3095
raw SNP	2190	3098
raw SNP	2194	3098
raw SNP	2194	3099
raw SNP	2197	3099
raw SNP	2197	3100
raw SNP	2198	3100
raw SNP	2198	3101
raw SNP	2202	3101
raw SNP	2202	3102
raw SNP	2205	3102
raw SNP	2205	3104
raw SNP	2207	3104
raw SNP	2207	3105
raw SNP	2210	3105
raw SNP	2210	3107
raw SNP	2211	3107
raw SNP	2211	3108
raw SNP	2212	3108
raw SNP	2212	3109
raw SNP	2214	3109
raw SNP	2214	3111
raw SNP	2219	3111
raw SNP	2219	3112
raw SNP	2224	3112
raw SNP	2224	3113
raw SNP	2226	3113
raw SNP	2226	3114
raw SNP	2227	3114
raw SNP	2227	3115
raw SNP	2228	3115
raw SNP	2228	3116
raw SNP	2229	3116
raw SNP	2229	3117
raw SNP	2234	3117
raw SNP	2234	3118
raw SNP	2240	3118
raw SNP	2240	3119
raw SNP	2241	3119
raw SNP	2241	3121
raw SNP	2242	3121
raw SNP	2242	3122
raw SNP	2250	3122
raw SNP	2250	3124
raw SNP	2251	3124
raw SNP	2251	3125
raw SNP	2255	3125
raw SNP	2255	3129
raw SNP	2260	3129
raw SNP	2260	3131
raw SNP	2261	3131
raw SNP	2261	3132
raw SNP	2263	3132
raw SNP	2263	3133
raw SNP	2266	3133
raw SNP	2266	3134
raw SNP	2268	3134
raw SNP	2268	3135
raw SNP	2269	3135
raw SNP	2269	3136
raw SNP	2271	3136
raw SNP	2271	3137
raw SNP	2274	3137
raw SNP	2274	3138
raw SNP	2277	3138
raw SNP	2277	3139
raw SNP	2280	3139
raw SNP	2280	3140
raw SNP	2281	3140
raw SNP	2281	3141
raw SNP	2290	3141
raw SNP	2290	3142
raw SNP	2303	3142
raw SNP	2303	3143
raw SNP	2309	3143
raw SNP	2309	3144
raw SNP	2310	3144
raw SNP	2310	3146
raw SNP	2315	3146
raw SNP	2315	3147
raw SNP	2316	3147
raw SNP	2316	3148
raw SNP	2319	3148
raw SNP	2319	3150
raw SNP	2321	3150
raw SNP	2321	3154
raw SNP	2323	3154
raw SNP	2323	3155
raw SNP	2326	3155
raw SNP	2326	3156
raw SNP	2327	3156
raw SNP	2327	3157
raw SNP	2332	3157
raw SNP	2332	3158
raw SNP	2333	3158
raw SNP	2333	3161
raw SNP	2336	3161
raw SNP	2336	3162
raw SNP	2338	3162
raw SNP	2338	3163
raw SNP	2341	3163
raw SNP	2341	3165
raw SNP	2343	3165
raw SNP	2343	3166
raw SNP	2344	3166
raw SNP	2344	3167
raw SNP	2352	3167
raw SNP	2352	3169
raw SNP	2353	3169
raw SNP	2353	3170
raw SNP	2354	3170
raw SNP	2354	3173
raw SNP	2359	3173
raw SNP	2359	3174
raw SNP	2361	3174
raw SNP	2361	3175
raw SNP	2362	3175
raw SNP	2362	3176
raw SNP	2366	3176
raw SNP	2366	3177
raw SNP	2369	3177
raw SNP	2369	3178
raw SNP	2373	3178
raw SNP	2373	3179
raw SNP	2375	3179
raw SNP	2375	3180
raw SNP	2380	3180
raw SNP	2380	3181
raw SNP	2381	3181
raw SNP	2381	3184
raw SNP	2383	3184
raw SNP	2383	3186
raw SNP	2385	3186
raw SNP	2385	3187
raw SNP	2392	3187
raw SNP	2392	3188
raw SNP	2394	3188
raw SNP	2394	3191
raw SNP	2396	3191
raw SNP	2396	3192
raw SNP	2397	3192
raw SNP	2397	3193
raw SNP	2399	3193
raw SNP	2399	3194
raw SNP	2402	3194
raw SNP	2402	3196
raw SNP	2407	3196
raw SNP	2407	3197
raw SNP	2409	3197
raw SNP	2409	3198
raw SNP	2410	3198
raw SNP	2410	3200
raw SNP	2415	3200
raw SNP	2415	3201
raw SNP	2416	3201
raw SNP	2416	3202
raw SNP	2419	3202
raw SNP	2419	3204
raw SNP	2420	3204
raw SNP	2420	3206
raw SNP	2423	3206
raw SNP	2423	3207
raw SNP	2427	3207
raw SNP	2427	3208
raw SNP	2433	3208
raw SNP	2433	3213
raw SNP	2434	3213
raw SNP	2434	3215
raw SNP	2437	3215
raw SNP	2437	3216
raw SNP	2438	3216
raw SNP	2438	3218
raw SNP	2441	3218
raw SNP	2441	3220
raw SNP	2442	3220
raw SNP	2442	3221
raw SNP	2448	3221
raw SNP	2448	3222
raw SNP	2452	3222
raw SNP	2452	3223
raw SNP	2453	3223
raw SNP	2453	3226
raw SNP	2460	3226
raw SNP	2460	3227
raw SNP	2461	3227
raw SNP	2461	3228
raw SNP	2463	3228
raw SNP	2463	3229
raw SNP	2464	3229
raw SNP	2464	3230
raw SNP	2470	3230
raw SNP	2470	3231
raw SNP	2473	3231
raw SNP	2473	3232
raw SNP	2476	3232
raw SNP	2476	3233
raw SNP	2478	3233
raw SNP	2478	3234
raw SNP	2481	3234
raw SNP	2481	3236
raw SNP	2482	3236
raw SNP	2482	3237
raw SNP	2484	3237
raw SNP	2484	3239
raw SNP	2485	3239
raw SNP	2485	3240
raw SNP	2490	3240
raw SNP	2490	3241
raw SNP	2494	3241
raw SNP	2494	3243
raw SNP	2496	3243
raw SNP	2496	3244
raw SNP	2499	3244
raw SNP	2499	3247
raw SNP	2501	3247
raw SNP	2501	3248
raw SNP	2504	3248
raw SNP	2504	3249
raw SNP	2505	3249
raw SNP	2505	3250
raw SNP	2506	3250
raw SNP	2506	3251
raw SNP	2511	3251
raw SNP	2511	3252
raw SNP	2514	3252
raw SNP	2514	3253
raw SNP	2520	3253
raw SNP	2520	3254
raw SNP	2522	3254
raw SNP	2522	3258
raw SNP	2523	3258
raw SNP	2523	3259
raw SNP	2535	3259
raw SNP	2535	3260
raw SNP	2539	3260
raw SNP	2539	3264
raw SNP	2541	3264
raw SNP	2541	3265
raw SNP	2543	3265
raw SNP	2543	3266
raw SNP	2550	3266
raw SNP	2550	3267
raw SNP	2552	3267
raw SNP	2552	3269
raw SNP	2557	3269
raw SNP	2557	3270
raw SNP	2560	3270
raw SNP	2560	3273
raw SNP	2564	3273
raw SNP	2564	3274
raw SNP	2572	3274
raw SNP	2572	3275
raw SNP	2573	3275
raw SNP	2573	3276
raw SNP	2576	3276
raw SNP	2576	3278
raw SNP	2579	3278
raw SNP	2579	3279
raw SNP	2580	3279
raw SNP	2580	3280
raw SNP	2581	3280
raw SNP	2581	3281
raw SNP	2582	3281
raw SNP	2582	3282
raw SNP	2586	3282
raw SNP	2586	3283
raw SNP	2591	3283
raw SNP	2591	3284
raw SNP	2592	3284
raw SNP	2592	3285
raw SNP	2595	3285
raw SNP	2595	3288
raw SNP	2601	3288
raw SNP	2601	3289
raw SNP	2602	3289
raw SNP	2602	3291
raw SNP	2603	3291
raw SNP	2603	3292
raw SNP	2605	3292
raw SNP	2605	3294
raw SNP	2606	3294
raw SNP	2606	3295
raw SNP	2608	3295
raw SNP	2608	3297
raw SNP	2612	3297
raw SNP	2612	3298
raw SNP	2618	3298
raw SNP	2618	3299
raw SNP	2620	3299
raw SNP	2620	3301
raw SNP	2621	3301
raw SNP	2621	3302
raw SNP	2622	3302
raw SNP	2622	3303
raw SNP	2625	3303
raw SNP	2625	3304
raw SNP	2628	3304
raw SNP	2628	3305
raw SNP	2629	3305
raw SNP	2629	3306
raw SNP	2631	3306
raw SNP	2631	3309
raw SNP	2633	3309
raw SNP	2633	3310
raw SNP	2637	3310
raw SNP	2637	3311
raw SNP	2639	3311
raw SNP	2639	3314
raw SNP	2643	3314
raw SNP	2643	3318
raw SNP	2644	3318
raw SNP	2644	3320
raw SNP	2652	3320
raw SNP	2652	3322
raw SNP	2657	3322
raw SNP	2657	3323
raw SNP	2659	3323
raw SNP	2659	3324
raw SNP	2664	3324
raw SNP	2664	3325
raw SNP	2670	3325
raw SNP	2670	3331
raw SNP	2674	3331
raw SNP	2674	3332
raw SNP	2675	3332
raw SNP	2675	3333
raw SNP	2681	3333
raw SNP	2681	3334
raw SNP	2686	3334
raw SNP	2686	3335
raw SNP	2687	3335
raw SNP	2687	3336
raw SNP	2688	3336
raw SNP	2688	3337
raw SNP	2691	3337
raw SNP	2691	3338
raw SNP	2694	3338
raw SNP	2694	3339
raw SNP	2695	3339
raw SNP	2695	3340
raw SNP	2697	3340
raw SNP	2697	3341
raw SNP	2700	3341
raw SNP	2700	3342
raw SNP	2701	3342
raw SNP	2701	3345
raw SNP	2703	3345
raw SNP	2703	3346
raw SNP	2705	3346
raw SNP	2705	3348
raw SNP	2706	3348
raw SNP	2706	3349
raw SNP	2707	3349
raw SNP	2707	3350
raw SNP	2708	3350
raw SNP	2708	3353
raw SNP	2712	3353
raw SNP	2712	3355
raw SNP	2720	3355
raw SNP	2720	3356
raw SNP	2730	3356
raw SNP	2730	3360
raw SNP	2736	3360
raw SNP	2736	3362
raw SNP	2741	3362
raw SNP	2741	3364
raw SNP	2743	3364
raw SNP	2743	3365
raw SNP	2744	3365
raw SNP	2744	3368
raw SNP	2747	3368
raw SNP	2747	3370
raw SNP	2748	3370
raw SNP	2748	3372
raw SNP	2751	3372
raw SNP	2751	3373
raw SNP	2756	3373
raw SNP	2756	3374
raw SNP	2762	3374
raw SNP	2762	3376
raw SNP	2763	3376
raw SNP	2763	3377
raw SNP	2767	3377
raw SNP	2767	3378
raw SNP	2769	3378
raw SNP	2769	3380
raw SNP	2770	3380
raw SNP	2770	3381
raw SNP	2777	3381
raw SNP	2777	3382
raw SNP	2779	3382
raw SNP	2779	3385
raw SNP	2780	3385
raw SNP	2780	3386
raw SNP	2782	3386
raw SNP	2782	3387
raw SNP	2783	3387
raw SNP	2783	3389
raw SNP	2786	3389
raw SNP	2786	3390
raw SNP	2788	3390
raw SNP	2788	3391
raw SNP	2789	3391
raw SNP	2789	3392
raw SNP	2790	3392
raw SNP	2790	3393
raw SNP	2791	3393
raw SNP	2791	3395
raw SNP	2795	3395
raw SNP	2795	3396
raw SNP	2797	3396
raw SNP	2797	3397
raw SNP	2798	3397
raw SNP	2798	3398
raw SNP	2799	3398
raw SNP	2799	3400
raw SNP	2803	3400
raw SNP	2803	3401
raw SNP	2805	3401
raw SNP	2805	3403
raw SNP	2806	3403
raw SNP	2806	3414
raw SNP	2807	3414
raw SNP	2807	3415
raw SNP	2808	3415
raw SNP	2808	3416
raw SNP	2812	3416
raw SNP	2812	3418
raw SNP	2815	3418
raw SNP	2815	3420
raw SNP	2816	3420
raw SNP	2816	3421
raw SNP	2818	3421
raw SNP	2818	3422
raw SNP	2821	3422
raw SNP	2821	3423
raw SNP	2824	3423
raw SNP	2824	3424
raw SNP	2828	3424
raw SNP	2828	3426
raw SNP	2835	3426
raw SNP	2835	3428
raw SNP	2837	3428
raw SNP	2837	3437
raw SNP	2838	3437
raw SNP	2838	3438
raw SNP	2841	3438
raw SNP	2841	3439
raw SNP	2842	3439
raw SNP	2842	3441
raw SNP	2843	3441
raw SNP	2843	3443
raw SNP	2850	3443
raw SNP	2850	3444
raw SNP	2851	3444
raw SNP	2851	3445
raw SNP	2860	3445
raw SNP	2860	3446
raw SNP	2864	3446
raw SNP	2864	3448
raw SNP	2869	3448
raw SNP	2869	3449
raw SNP	2874	3449
raw SNP	2874	3454
raw SNP	2875	3454
raw SNP	2875	3455
raw SNP	2878	3455
raw SNP	2878	3457
raw SNP	2879	3457
raw SNP	2879	3458
raw SNP	2880	3458
raw SNP	2880	3459
raw SNP	2885	3459
raw SNP	2885	3460
raw SNP	2898	3460
raw SNP	2898	3461
raw SNP	2899	3461
raw SNP	2899	3463
raw SNP	2902	3463
raw SNP	2902	3464
raw SNP	2904	3464
raw SNP	2904	3465
raw SNP	2905	3465
raw SNP	2905	3467
raw SNP	2906	3467
raw SNP	2906	3469
raw SNP	2907	3469
raw SNP	2907	3471
raw SNP	2910	3471
raw SNP	2910	3472
raw SNP	2911	3472
raw SNP	2911	3473
raw SNP	2913	3473
raw SNP	2913	3474
raw SNP	2914	3474
raw SNP	2914	3475
raw SNP	2915	3475
raw SNP	2915	3476
raw SNP	2918	3476
raw SNP	2918	3477
raw SNP	2919	3477
raw SNP	2919	3478
raw SNP	2920	3478
raw SNP	2920	3479
raw SNP	2921	3479
raw SNP	2921	3480
raw SNP	2922	3480
raw SNP	2922	3481
raw SNP	2924	3481
raw SNP	2924	3483
raw SNP	2927	3483
raw SNP	2927	3485
raw SNP	2929	3485
raw SNP	2929	3486
raw SNP	2932	3486
raw SNP	2932	3487
raw SNP	2933	3487
raw SNP	2933	3488
raw SNP	2937	3488
raw SNP	2937	3489
raw SNP	2942	3489
raw SNP	2942	3490
raw SNP	2943	3490
raw SNP	2943	3491
raw SNP	2944	3491
raw SNP	2944	3492
raw SNP	2950	3492
raw SNP	2950	3493
raw SNP	2955	3493
raw SNP	2955	3494
raw SNP	2958	3494
raw SNP	2958	3495
raw SNP	2959	3495
raw SNP	2959	3496
raw SNP	2961	3496
raw SNP	2961	3497
raw SNP	2963	3497
raw SNP	2963	3498
raw SNP	2965	3498
raw SNP	2965	3499
raw SNP	2967	3499
raw SNP	2967	3500
raw SNP	2969	3500
raw SNP	2969	3503
raw SNP	2972	3503
raw SNP	2972	3506
raw SNP	2973	3506
raw SNP	2973	3507
raw SNP	2975	3507
raw SNP	2975	3509
raw SNP	2977	3509
raw SNP	2977	3510
raw SNP	2985	3510
raw SNP	2985	3511
raw SNP	2989	3511
raw SNP	2989	3512
raw SNP	2990	3512
raw SNP	2990	3514
raw SNP	2993	3514
raw SNP	2993	3515
raw SNP	2996	3515
raw SNP	2996	3518
raw SNP	3000	3518
raw SNP	3000	3519
raw SNP	3002	3519
raw SNP	3002	3520
raw SNP	3004	3520
raw SNP	3004	3521
raw SNP	3005	3521
raw SNP	3005	3523
raw SNP	3006	3523
raw SNP	3006	3524
raw SNP	3007	3524
raw SNP	3007	3525
raw SNP	3008	3525
raw SNP	3008	3526
raw SNP	3011	3526
raw SNP	3011	3527
raw SNP	3015	3527
raw SNP	3015	3528
raw SNP	3028	3528
raw SNP	3028	3530
raw SNP	3029	3530
raw SNP	3029	3531
raw SNP	3031	3531
raw SNP	3031	3533
raw SNP	3032	3533
raw SNP	3032	3534
raw SNP	3035	3534
raw SNP	3035	3535
raw SNP	3044	3535
raw SNP	3044	3536
raw SNP	3046	3536
raw SNP	3046	3538
raw SNP	3047	3538
raw SNP	3047	3540
raw SNP	3049	3540
raw SNP	3049	3541
raw SNP	3051	3541
raw SNP	3051	3542
raw SNP	3053	3542
raw SNP	3053	3543
raw SNP	3054	3543
raw SNP	3054	3544
raw SNP	3058	3544
raw SNP	3058	3546
raw SNP	3061	3546
raw SNP	3061	3549
raw SNP	3064	3549
raw SNP	3064	3550
raw SNP	3065	3550
raw SNP	3065	3551
raw SNP	3070	3551
raw SNP	3070	3552
raw SNP	3071	3552
raw SNP	3071	3553
raw SNP	3073	3553
raw SNP	3073	3555
raw SNP	3074	3555
raw SNP	3074	3556
raw SNP	3075	3556
raw SNP	3075	3558
raw SNP	3077	3558
raw SNP	3077	3559
raw SNP	3078	3559
raw SNP	3078	3560
raw SNP	3080	3560
raw SNP	3080	3561
raw SNP	3084	3561
raw SNP	3084	3562
raw SNP	3085	3562
raw SNP	3085	3563
raw SNP	3087	3563
raw SNP	3087	3566
raw SNP	3090	3566
raw SNP	3090	3567
raw SNP	3092	3567
raw SNP	3092	3569
raw SNP	3097	3569
raw SNP	3097	3572
raw SNP	3101	3572
raw SNP	3101	3574
raw SNP	3102	3574
raw SNP	3102	3575
raw SNP	3103	3575
raw SNP	3103	3576
raw SNP	3104	3576
raw SNP	3104	3577
raw SNP	3110	3577
raw SNP	3110	3578
raw SNP	3111	3578
raw SNP	3111	3581
raw SNP	3113	3581
raw SNP	3113	3582
raw SNP	3115	3582
raw SNP	3115	3583
raw SNP	3116	3583
raw SNP	3116	3584
raw SNP	3121	3584
raw SNP	3121	3585
raw SNP	3123	3585
raw SNP	3123	3586
raw SNP	3124	3586
raw SNP	3124	3589
raw SNP	3125	3589
raw SNP	3125	3592
raw SNP	3127	3592
raw SNP	3127	3594
raw SNP	3129	3594
raw SNP	3129	3598
raw SNP	3131	3598
raw SNP	3131	3599
raw SNP	3137	3599
raw SNP	3137	3600
raw SNP	3140	3600
raw SNP	3140	3602
raw SNP	3141	3602
raw SNP	3141	3603
raw SNP	3142	3603
raw SNP	3142	3604
raw SNP	3143	3604
raw SNP	3143	3605
raw SNP	3144	3605
raw SNP	3144	3606
raw SNP	3145	3606
raw SNP	3145	3607
raw SNP	3148	3607
raw SNP	3148	3609
raw SNP	3156	3609
raw SNP	3156	3610
raw SNP	3161	3610
raw SNP	3161	3612
raw SNP	3164	3612
raw SNP	3164	3614
raw SNP	3167	3614
raw SNP	3167	3615
raw SNP	3168	3615
raw SNP	3168	3616
raw SNP	3170	3616
raw SNP	3170	3617
raw SNP	3177	3617
raw SNP	3177	3619
raw SNP	3181	3619
raw SNP	3181	3620
raw SNP	3183	3620
raw SNP	3183	3621
raw SNP	3186	3621
raw SNP	3186	3623
raw SNP	3187	3623
raw SNP	3187	3625
raw SNP	3188	3625
raw SNP	3188	3627
raw SNP	3189	3627
raw SNP	3189	3628
raw SNP	3190	3628
raw SNP	3190	3630
raw SNP	3193	3630
raw SNP	3193	3632
raw SNP	3196	3632
raw SNP	3196	3634
raw SNP	3198	3634
raw SNP	3198	3635
raw SNP	3199	3635
raw SNP	3199	3636
raw SNP	3200	3636
raw SNP	3200	3637
raw SNP	3203	3637
raw SNP	3203	3638
raw SNP	3206	3638
raw SNP	3206	3640
raw SNP	3209	3640
raw SNP	3209	3641
raw SNP	3212	3641
raw SNP	3212	3642
raw SNP	3216	3642
raw SNP	3216	3643
raw SNP	3219	3643
raw SNP	3219	3644
raw SNP	3220	3644
raw SNP	3220	3646
raw SNP	3222	3646
raw SNP	3222	3647
raw SNP	3226	3647
raw SNP	3226	3648
raw SNP	3227	3648
raw SNP	3227	3649
raw SNP	3229	3649
raw SNP	3229	3651
raw SNP	3230	3651
raw SNP	3230	3652
raw SNP	3233	3652
raw SNP	3233	3654
raw SNP	3235	3654
raw SNP	3235	3655
raw SNP	3236	3655
raw SNP	3236	3656
raw SNP	3238	3656
raw SNP	3238	3660
raw SNP	3239	3660
raw SNP	3239	3661
raw SNP	3240	3661
raw SNP	3240	3662
raw SNP	3243	3662
raw SNP	3243	3664
raw SNP	3244	3664
raw SNP	3244	3665
raw SNP	3245	3665
raw SNP	3245	3666
raw SNP	3252	3666
raw SNP	3252	3667
raw SNP	3254	3667
raw SNP	3254	3668
raw SNP	3255	3668
raw SNP	3255	3670
raw SNP	3257	3670
raw SNP	3257	3671
raw SNP	3258	3671
raw SNP	3258	3673
raw SNP	3259	3673
raw SNP	3259	3674
raw SNP	3265	3674
raw SNP	3265	3679
raw SNP	3268	3679
raw SNP	3268	3682
raw SNP	3269	3682
raw SNP	3269	3683
raw SNP	3271	3683
raw SNP	3271	3685
raw SNP	3272	3685
raw SNP	3272	3686
raw SNP	3273	3686
raw SNP	3273	3687
raw SNP	3276	3687
raw SNP	3276	3691
raw SNP	3281	3691
raw SNP	3281	3694
raw SNP	3286	3694
raw SNP	3286	3695
raw SNP	3288	3695
raw SNP	3288	3697
raw SNP	3293	3697
raw SNP	3293	3699
raw SNP	3296	3699
raw SNP	3296	3700
raw SNP	3297	3700
raw SNP	3297	3704
raw SNP	3299	3704
raw SNP	3299	3709
raw SNP	3303	3709
raw SNP	3303	3710
raw SNP	3304	3710
raw SNP	3304	3711
raw SNP	3305	3711
raw SNP	3305	3713
raw SNP	3307	3713
raw SNP	3307	3714
raw SNP	3310	3714
raw SNP	3310	3715
raw SNP	3311	3715
raw SNP	3311	3716
raw SNP	3313	3716
raw SNP	3313	3717
raw SNP	3314	3717
raw SNP	3314	3718
raw SNP	3316	3718
raw SNP	3316	3719
raw SNP	3318	3719
raw SNP	3318	3720
raw SNP	3319	3720
raw SNP	3319	3721
raw SNP	3320	3721
raw SNP	3320	3723
raw SNP	3327	3723
raw SNP	3327	3724
raw SNP	3328	3724
raw SNP	3328	3725
raw SNP	3332	3725
raw SNP	3332	3728
raw SNP	3334	3728
raw SNP	3334	3729
raw SNP	3335	3729
raw SNP	3335	3730
raw SNP	3344	3730
raw SNP	3344	3731
raw SNP	3352	3731
raw SNP	3352	3732
raw SNP	3354	3732
raw SNP	3354	3734
raw SNP	3355	3734
raw SNP	3355	3735
raw SNP	3359	3735
raw SNP	3359	3736
raw SNP	3361	3736
raw SNP	3361	3737
raw SNP	3363	3737
raw SNP	3363	3738
raw SNP	3368	3738
raw SNP	3368	3739
raw SNP	3370	3739
raw SNP	3370	3742
raw SNP	3373	3742
raw SNP	3373	3747
raw SNP	3375	3747
raw SNP	3375	3748
raw SNP	3379	3748
raw SNP	3379	3749
raw SNP	3380	3749
raw SNP	3380	3750
raw SNP	3383	3750
raw SNP	3383	3751
raw SNP	3388	3751
raw SNP	3388	3752
raw SNP	3390	3752
raw SNP	3390	3753
raw SNP	3391	3753
raw SNP	3391	3755
raw SNP	3393	3755
raw SNP	3393	3756
raw SNP	3394	3756
raw SNP	3394	3758
raw SNP	3396	3758
raw SNP	3396	3759
raw SNP	3400	3759
raw SNP	3400	3761
raw SNP	3402	3761
raw SNP	3402	3763
raw SNP	3404	3763
raw SNP	3404	3764
raw SNP	3405	3764
raw SNP	3405	3766
raw SNP	3409	3766
raw SNP	3409	3767
raw SNP	3410	3767
raw SNP	3410	3771
raw SNP	3411	3771
raw SNP	3411	3772
raw SNP	3413	3772
raw SNP	3413	3773
raw SNP	3414	3773
raw SNP	3414	3774
raw SNP	3422	3774
raw SNP	3422	3776
raw SNP	3423	3776
raw SNP	3423	3777
raw SNP	3430	3777
raw SNP	3430	3780
raw SNP	3436	3780
raw SNP	3436	3781
raw SNP	3437	3781
raw SNP	3437	3782
raw SNP	3439	3782
raw SNP	3439	3783
raw SNP	3445	3783
raw SNP	3445	3785
raw SNP	3452	3785
raw SNP	3452	3786
raw SNP	3453	3786
raw SNP	3453	3787
raw SNP	3455	3787
raw SNP	3455	3788
raw SNP	3460	3788
raw SNP	3460	3790
raw SNP	3461	3790
raw SNP	3461	3791
raw SNP	3462	3791
raw SNP	3462	3792
raw SNP	3465	3792
raw SNP	3465	3794
raw SNP	3468	3794
raw SNP	3468	3795
raw SNP	3477	3795
raw SNP	3477	3796
raw SNP	3483	3796
raw SNP	3483	3797
raw SNP	3484	3797
raw SNP	3484	3798
raw SNP	3485	3798
raw SNP	3485	3800
raw SNP	3490	3800
raw SNP	3490	3801
raw SNP	3491	3801
raw SNP	3491	3803
raw SNP	3494	3803
raw SNP	3494	3805
raw SNP	3495	3805
raw SNP	3495	3806
raw SNP	3498	3806
raw SNP	3498	3807
raw SNP	3499	3807
raw SNP	3499	3809
raw SNP	3505	3809
raw SNP	3505	3810
raw SNP	3508	3810
raw SNP	3508	3812
raw SNP	3509	3812
raw SNP	3509	3813
raw SNP	3511	3813
raw SNP	3511	3815
raw SNP	3512	3815
raw SNP	3512	3816
raw SNP	3514	3816
raw SNP	3514	3817
raw SNP	3515	3817
raw SNP	3515	3818
raw SNP	3516	3818
raw SNP	3516	3820
raw SNP	3518	3820
raw SNP	3518	3821
raw SNP	3519	3821
raw SNP	3519	3822
raw SNP	3521	3822
raw SNP	3521	3823
raw SNP	3526	3823
raw SNP	3526	3825
raw SNP	3528	3825
raw SNP	3528	3826
raw SNP	3534	3826
raw SNP	3534	3827
raw SNP	3535	3827
raw SNP	3535	3829
raw SNP	3539	3829
raw SNP	3539	3832
raw SNP	3540	3832
raw SNP	3540	3833
raw SNP	3542	3833
raw SNP	3542	3834
raw SNP	3547	3834
raw SNP	3547	3835
raw SNP	3552	3835
raw SNP	3552	3836
raw SNP	3558	3836
raw SNP	3558	3838
raw SNP	3559	3838
raw SNP	3559	3839
raw SNP	3562	3839
raw SNP	3562	3840
raw SNP	3565	3840
raw SNP	3565	3842
raw SNP	3566	3842
raw SNP	3566	3845
raw SNP	3569	3845
raw SNP	3569	3849
raw SNP	3572	3849
raw SNP	3572	3851
raw SNP	3573	3851
raw SNP	3573	3852
raw SNP	3575	3852
raw SNP	3575	3853
raw SNP	3576	3853
raw SNP	3576	3854
raw SNP	3578	3854
raw SNP	3578	3855
raw SNP	3580	3855
raw SNP	3580	3856
raw SNP	3581	3856
raw SNP	3581	3857
raw SNP	3585	3857
raw SNP	3585	3859
raw SNP	3602	3859
raw SNP	3602	3860
raw SNP	3611	3860
raw SNP	3611	3861
raw SNP	3612	3861
raw SNP	3612	3862
raw SNP	3613	3862
raw SNP	3613	3863
raw SNP	3615	3863
raw SNP	3615	3864
raw SNP	3617	3864
raw SNP	3617	3865
raw SNP	3621	3865
raw SNP	3621	3866
raw SNP	3626	3866
raw SNP	3626	3867
raw SNP	3631	3867
raw SNP	3631	3868
raw SNP	3632	3868
raw SNP	3632	3869
raw SNP	3633	3869
raw SNP	3633	3870
raw SNP	3634	3870
raw SNP	3634	3871
raw SNP	3636	3871
raw SNP	3636	3874
raw SNP	3641	3874
raw SNP	3641	3877
raw SNP	3643	3877
raw SNP	3643	3878
raw SNP	3644	3878
raw SNP	3644	3880
raw SNP	3645	3880
raw SNP	3645	3881
raw SNP	3647	3881
raw SNP	3647	3882
raw SNP	3652	3882
raw SNP	3652	3883
raw SNP	3655	3883
raw SNP	3655	3884
raw SNP	3656	3884
raw SNP	3656	3885
raw SNP	3658	3885
raw SNP	3658	3886
raw SNP	3665	3886
raw SNP	3665	3889
raw SNP	3666	3889
raw SNP	3666	3892
raw SNP	3670	3892
raw SNP	3670	3893
raw SNP	3673	3893
raw SNP	3673	3894
raw SNP	3674	3894
raw SNP	3674	3897
raw SNP	3675	3897
raw SNP	3675	3898
raw SNP	3677	3898
raw SNP	3677	3899
raw SNP	3680	3899
raw SNP	3680	3900
raw SNP	3683	3900
raw SNP	3683	3901
raw SNP	3686	3901
raw SNP	3686	3902
raw SNP	3688	3902
raw SNP	3688	3903
raw SNP	3689	3903
raw SNP	3689	3904
raw SNP	3690	3904
raw SNP	3690	3905
raw SNP	3697	3905
raw SNP	3697	3907
raw SNP	3708	3907
raw SNP	3708	3909
raw SNP	3713	3909
raw SNP	3713	3910
raw SNP	3715	3910
raw SNP	3715	3912
raw SNP	3720	3912
raw SNP	3720	3914
raw SNP	3728	3914
raw SNP	3728	3915
raw SNP	3730	3915
raw SNP	3730	3916
raw SNP	3731	3916
raw SNP	3731	3917
raw SNP	3735	3917
raw SNP	3735	3919
raw SNP	3736	3919
raw SNP	3736	3920
raw SNP	3737	3920
raw SNP	3737	3921
raw SNP	3740	3921
raw SNP	3740	3922
raw SNP	3745	3922
raw SNP	3745	3923
raw SNP	3751	3923
raw SNP	3751	3924
raw SNP	3761	3924
raw SNP	3761	3925
raw SNP	3764	3925
raw SNP	3764	3926
raw SNP	3765	3926
raw SNP	3765	3927
raw SNP	3768	3927
raw SNP	3768	3928
raw SNP	3769	3928
raw SNP	3769	3931
raw SNP	3771	3931
raw SNP	3771	3932
raw SNP	3775	3932
raw SNP	3775	3934
raw SNP	3776	3934
raw SNP	3776	3935
raw SNP	3777	3935
raw SNP	3777	3937
raw SNP	3778	3937
raw SNP	3778	3938
raw SNP	3781	3938
raw SNP	3781	3939
raw SNP	3786	3939
raw SNP	3786	3940
raw SNP	3787	3940
raw SNP	3787	3941
raw SNP	3789	3941
raw SNP	3789	3942
raw SNP	3791	3942
raw SNP	3791	3944
raw SNP	3792	3944
raw SNP	3792	3945
raw SNP	3793	3945
raw SNP	3793	3949
raw SNP	3796	3949
raw SNP	3796	3950
raw SNP	3798	3950
raw SNP	3798	3951
raw SNP	3799	3951
raw SNP	3799	3952
raw SNP	3808	3952
raw SNP	3808	3953
raw SNP	3809	3953
raw SNP	3809	3954
raw SNP	3811	3954
raw SNP	3811	3955
raw SNP	3813	3955
raw SNP	3813	3956
raw SNP	3821	3956
raw SNP	3821	3957
raw SNP	3825	3957
raw SNP	3825	3958
raw SNP	3827	3958
raw SNP	3827	3959
raw SNP	3828	3959
raw SNP	3828	3960
raw SNP	3832	3960
raw SNP	3832	3961
raw SNP	3836	3961
raw SNP	3836	3963
raw SNP	3837	3963
raw SNP	3837	3964
raw SNP	3839	3964
raw SNP	3839	3965
raw SNP	3842	3965
raw SNP	3842	3967
raw SNP	3847	3967
raw SNP	3847	3972
raw SNP	3848	3972
raw SNP	3848	3973
raw SNP	3849	3973
raw SNP	3849	3974
raw SNP	3851	3974
raw SNP	3851	3975
raw SNP	3852	3975
raw SNP	3852	3977
raw SNP	3854	3977
raw SNP	3854	3978
raw SNP	3857	3978
raw SNP	3857	3979
raw SNP	3859	3979
raw SNP	3859	3980
raw SNP	3863	3980
raw SNP	3863	3982
raw SNP	3864	3982
raw SNP	3864	3983
raw SNP	3866	3983
raw SNP	3866	3986
raw SNP	3867	3986
raw SNP	3867	3988
raw SNP	3869	3988
raw SNP	3869	3989
raw SNP	3870	3989
raw SNP	3870	3991
raw SNP	3876	3991
raw SNP	3876	3993
raw SNP	3878	3993
raw SNP	3878	3994
raw SNP	3882	3994
raw SNP	3882	3995
raw SNP	3888	3995
raw SNP	3888	3996
raw SNP	3889	3996
raw SNP	3889	3998
raw SNP	3891	3998
raw SNP	3891	3999
raw SNP	3902	3999
raw SNP	3902	4004
raw SNP	3906	4004
raw SNP	3906	4005
raw SNP	3907	4005
raw SNP	3907	4006
raw SNP	3908	4006
raw SNP	3908	4007
raw SNP	3910	4007
raw SNP	3910	4009
raw SNP	3912	4009
raw SNP	3912	4010
raw SNP	3918	4010
raw SNP	3918	4011
raw SNP	3922	4011
raw SNP	3922	4013
raw SNP	3926	4013
raw SNP	3926	4014
raw SNP	3928	4014
raw SNP	3928	4016
raw SNP	3929	4016
raw SNP	3929	4022
raw SNP	3932	4022
raw SNP	3932	4023
raw SNP	3935	4023
raw SNP	3935	4024
raw SNP	3937	4024
raw SNP	3937	4025
raw SNP	3938	4025
raw SNP	3938	4027
raw SNP	3939	4027
raw SNP	3939	4028
raw SNP	3943	4028
raw SNP	3943	4031
raw SNP	3945	4031
raw SNP	3945	4032
raw SNP	3947	4032
raw SNP	3947	4035
raw SNP	3948	4035
raw SNP	3948	4037
raw SNP	3949	4037
raw SNP	3949	4038
raw SNP	3953	4038
raw SNP	3953	4039
raw SNP	3954	4039
raw SNP	3954	4040
raw SNP	3957	4040
raw SNP	3957	4041
raw SNP	3962	4041
raw SNP	3962	4042
raw SNP	3965	4042
raw SNP	3965	4044
raw SNP	3967	4044
raw SNP	3967	4045
raw SNP	3968	4045
raw SNP	3968	4046
raw SNP	3973	4046
raw SNP	3973	4048
raw SNP	3974	4048
raw SNP	3974	4049
raw SNP	3975	4049
raw SNP	3975	4050
raw SNP	3977	4050
raw SNP	3977	4052
raw SNP	3978	4052
raw SNP	3978	4053
raw SNP	3979	4053
raw SNP	3979	4054
raw SNP	3984	4054
raw SNP	3984	4055
raw SNP	3992	4055
raw SNP	3992	4056
raw SNP	3996	4056
raw SNP	3996	4058
raw SNP	3997	4058
raw SNP	3997	4059
raw SNP	3998	4059
raw SNP	3998	4063
raw SNP	4001	4063
raw SNP	4001	4065
raw SNP	4003	4065
raw SNP	4003	4066
raw SNP	4005	4066
raw SNP	4005	4067
raw SNP	4006	4067
raw SNP	4006	4069
raw SNP	4013	4069
raw SNP	4013	4070
raw SNP	4015	4070
raw SNP	4015	4074
raw SNP	4016	4074
raw SNP	4016	4075
raw SNP	4018	4075
raw SNP	4018	4077
raw SNP	4022	4077
raw SNP	4022	4078
raw SNP	4023	4078
raw SNP	4023	4079
raw SNP	4025	4079
raw SNP	4025	4080
raw SNP	4026	4080
raw SNP	4026	4081
raw SNP	4031	4081
raw SNP	4031	4084
raw SNP	4033	4084
raw SNP	4033	4085
raw SNP	4035	4085
raw SNP	4035	4086
raw SNP	4039	4086
raw SNP	4039	4088
raw SNP	4040	4088
raw SNP	4040	4089
raw SNP	4045	4089
raw SNP	4045	4090
raw SNP	4046	4090
raw SNP	4046	4092
raw SNP	4049	4092
raw SNP	4049	4093
raw SNP	4055	4093
raw SNP	4055	4094
raw SNP	4058	4094
raw SNP	4058	4095
raw SNP	4065	4095
raw SNP	4065	4096
raw SNP	4067	4096
raw SNP	4067	4097
raw SNP	4068	4097
raw SNP	4068	4098
raw SNP	4071	4098
raw SNP	4071	4101
raw SNP	4072	4101
raw SNP	4072	4102
raw SNP	4075	4102
raw SNP	4075	4103
raw SNP	4076	4103
raw SNP	4076	4104
raw SNP	4077	4104
raw SNP	4077	4105
raw SNP	4080	4105
raw SNP	4080	4106
raw SNP	4084	4106
raw SNP	4084	4107
raw SNP	4086	4107
raw SNP	4086	4108
raw SNP	4088	4108
raw SNP	4088	4109
raw SNP	4090	4109
raw SNP	4090	4110
raw SNP	4092	4110
raw SNP	4092	4111
raw SNP	4095	4111
raw SNP	4095	4112
raw SNP	4097	4112
raw SNP	4097	4113
raw SNP	4102	4113
raw SNP	4102	4114
raw SNP	4103	4114
raw SNP	4103	4115
raw SNP	4105	4115
raw SNP	4105	4116
raw SNP	4108	4116
raw SNP	4108	4117
raw SNP	4112	4117
raw SNP	4112	4120
raw SNP	4119	4120
raw SNP	4119	4121
raw SNP	4120	4121
raw SNP	4120	4122
raw SNP	4124	4122
raw SNP	4124	4124
PRS-CS	0	0
PRS-CS	0	1
PRS-CS	0	8
PRS-CS	1	8
PRS-CS	1	9
PRS-CS	2	9
PRS-CS	2	15
PRS-CS	3	15
PRS-CS	3	18
PRS-CS	5	18
PRS-CS	5	25
PRS-CS	6	25
PRS-CS	6	27
PRS-CS	7	27
PRS-CS	7	28
PRS-CS	8	28
PRS-CS	8	31
PRS-CS	9	31
PRS-CS	9	32
PRS-CS	10	32
PRS-CS	10	39
PRS-CS	13	39
PRS-CS	13	43
PRS-CS	15	43
PRS-CS	15	47
PRS-CS	16	47
PRS-CS	16	59
PRS-CS	17	59
PRS-CS	17	66
PRS-CS	18	66
PRS-CS	18	70
PRS-CS	19	70
PRS-CS	19	75
PRS-CS	21	75
PRS-CS	21	84
PRS-CS	22	84
PRS-CS	22	86
PRS-CS	23	86
PRS-CS	23	109
PRS-CS	24	109
PRS-CS	24	112
PRS-CS	25	112
PRS-CS	25	121
PRS-CS	26	121
PRS-CS	26	138
PRS-CS	27	138
PRS-CS	27	140
PRS-CS	28	140
PRS-CS	28	141
PRS-CS	29	141
PRS-CS	29	143
PRS-CS	30	143
PRS-CS	30	150
PRS-CS	32	150
PRS-CS	32	151
PRS-CS	34	151
PRS-CS	34	152
PRS-CS	35	152
PRS-CS	35	160
PRS-CS	36	160
PRS-CS	36	166
PRS-CS	37	166
PRS-CS	37	180
PRS-CS	38	180
PRS-CS	38	192
PRS-CS	39	192
PRS-CS	39	208
PRS-CS	40	208
PRS-CS	40	210
PRS-CS	43	210
PRS-CS	43	211
PRS-CS	44	211
PRS-CS	44	221
PRS-CS	46	221
PRS-CS	46	224
PRS-CS	47	224
PRS-CS	47	233
PRS-CS	49	233
PRS-CS	49	239
PRS-CS	52	239
PRS-CS	52	240
PRS-CS	53	240
PRS-CS	53	242
PRS-CS	54	242
PRS-CS	54	246
PRS-CS	55	246
PRS-CS	55	247
PRS-CS	56	247
PRS-CS	56	249
PRS-CS	57	249
PRS-CS	57	254
PRS-CS	58	254
PRS-CS	58	256
PRS-CS	59	256
PRS-CS	59	260
PRS-CS	60	260
PRS-CS	60	265
PRS-CS	62	265
PRS-CS	62	266
PRS-CS	63	266
PRS-CS	63	270
PRS-CS	64	270
PRS-CS	64	278
PRS-CS	65	278
PRS-CS	65	285
PRS-CS	66	285
PRS-CS	66	288
PRS-CS	67	288
PRS-CS	67	292
PRS-CS	68	292
PRS-CS	68	297
PRS-CS	69	297
PRS-CS	69	299
PRS-CS	70	299
PRS-CS	70	303
PRS-CS	71	303
PRS-CS	71	306
PRS-CS	72	306
PRS-CS	72	311
PRS-CS	73	311
PRS-CS	73	313
PRS-CS	74	313
PRS-CS	74	324
PRS-CS	75	324
PRS-CS	75	328
PRS-CS	76	328
PRS-CS	76	333
PRS-CS	77	333
PRS-CS	77	335
PRS-CS	78	335
PRS-CS	78	337
PRS-CS	79	337
PRS-CS	79	353
PRS-CS	80	353
PRS-CS	80	355
PRS-CS	81	355
PRS-CS	81	356
PRS-CS	82	356
PRS-CS	82	361
PRS-CS	83	361
PRS-CS	83	378
PRS-CS	85	378
PRS-CS	85	379
PRS-CS	86	379
PRS-CS	86	391
PRS-CS	87	391
PRS-CS	87	394
PRS-CS	88	394
PRS-CS	88	408
PRS-CS	89	408
PRS-CS	89	409
PRS-CS	90	409
PRS-CS	90	413
PRS-CS	91	413
PRS-CS	91	414
PRS-CS	92	414
PRS-CS	92	422
PRS-CS	93	422
PRS-CS	93	428
PRS-CS	94	428
PRS-CS	94	440
PRS-CS	98	440
PRS-CS	98	445
PRS-CS	99	445
PRS-CS	99	446
PRS-CS	100	446
PRS-CS	100	447
PRS-CS	101	447
PRS-CS	101	448
PRS-CS	105	448
PRS-CS	105	455
PRS-CS	107	455
PRS-CS	107	457
PRS-CS	108	457
PRS-CS	108	459
PRS-CS	109	459
PRS-CS	109	462
PRS-CS	110	462
PRS-CS	110	467
PRS-CS	111	467
PRS-CS	111	468
PRS-CS	112	468
PRS-CS	112	470
PRS-CS	113	470
PRS-CS	113	477
PRS-CS	114	477
PRS-CS	114	479
PRS-CS	115	479
PRS-CS	115	481
PRS-CS	116	481
PRS-CS	116	484
PRS-CS	118	484
PRS-CS	118	488
PRS-CS	120	488
PRS-CS	120	498
PRS-CS	121	498
PRS-CS	121	499
PRS-CS	122	499
PRS-CS	122	500
PRS-CS	123	500
PRS-CS	123	503
PRS-CS	125	503
PRS-CS	125	507
PRS-CS	127	507
PRS-CS	127	522
PRS-CS	128	522
PRS-CS	128	523
PRS-CS	129	523
PRS-CS	129	526
PRS-CS	130	526
PRS-CS	130	529
PRS-CS	131	529
PRS-CS	131	531
PRS-CS	133	531
PRS-CS	133	532
PRS-CS	134	532
PRS-CS	134	535
PRS-CS	135	535
PRS-CS	135	539
PRS-CS	136	539
PRS-CS	136	542
PRS-CS	137	542
PRS-CS	137	545
PRS-CS	139	545
PRS-CS	139	561
PRS-CS	141	561
PRS-CS	141	564
PRS-CS	142	564
PRS-CS	142	566
PRS-CS	143	566
PRS-CS	143	568
PRS-CS	144	568
PRS-CS	144	569
PRS-CS	145	569
PRS-CS	145	572
PRS-CS	147	572
PRS-CS	147	573
PRS-CS	148	573
PRS-CS	148	579
PRS-CS	149	579
PRS-CS	149	584
PRS-CS	150	584
PRS-CS	150	587
PRS-CS	151	587
PRS-CS	151	593
PRS-CS	152	593
PRS-CS	152	595
PRS-CS	153	595
PRS-CS	153	597
PRS-CS	155	597
PRS-CS	155	604
PRS-CS	156	604
PRS-CS	156	608
PRS-CS	159	608
PRS-CS	159	613
PRS-CS	160	613
PRS-CS	160	621
PRS-CS	161	621
PRS-CS	161	625
PRS-CS	163	625
PRS-CS	163	631
PRS-CS	165	631
PRS-CS	165	632
PRS-CS	166	632
PRS-CS	166	633
PRS-CS	167	633
PRS-CS	167	634
PRS-CS	169	634
PRS-CS	169	635
PRS-CS	170	635
PRS-CS	170	638
PRS-CS	172	638
PRS-CS	172	644
PRS-CS	173	644
PRS-CS	173	645
PRS-CS	174	645
PRS-CS	174	649
PRS-CS	175	649
PRS-CS	175	655
PRS-CS	177	655
PRS-CS	177	657
PRS-CS	178	657
PRS-CS	178	658
PRS-CS	179	658
PRS-CS	179	665
PRS-CS	180	665
PRS-CS	180	669
PRS-CS	181	669
PRS-CS	181	672
PRS-CS	182	672
PRS-CS	182	676
PRS-CS	183	676
PRS-CS	183	684
PRS-CS	185	684
PRS-CS	185	685
PRS-CS	186	685
PRS-CS	186	688
PRS-CS	187	688
PRS-CS	187	694
PRS-CS	190	694
PRS-CS	190	705
PRS-CS	191	705
PRS-CS	191	707
PRS-CS	192	707
PRS-CS	192	711
PRS-CS	195	711
PRS-CS	195	725
PRS-CS	196	725
PRS-CS	196	726
PRS-CS	197	726
PRS-CS	197	733
PRS-CS	198	733
PRS-CS	198	738
PRS-CS	199	738
PRS-CS	199	744
PRS-CS	200	744
PRS-CS	200	749
PRS-CS	203	749
PRS-CS	203	754
PRS-CS	204	754
PRS-CS	204	758
PRS-CS	207	758
PRS-CS	207	760
PRS-CS	208	760
PRS-CS	208	763
PRS-CS	210	763
PRS-CS	210	766
PRS-CS	211	766
PRS-CS	211	770
PRS-CS	212	770
PRS-CS	212	773
PRS-CS	213	773
PRS-CS	213	774
PRS-CS	214	774
PRS-CS	214	780
PRS-CS	215	780
PRS-CS	215	781
PRS-CS	216	781
PRS-CS	216	783
PRS-CS	217	783
PRS-CS	217	790
PRS-CS	218	790
PRS-CS	218	794
PRS-CS	221	794
PRS-CS	221	795
PRS-CS	223	795
PRS-CS	223	797
PRS-CS	226	797
PRS-CS	226	798
PRS-CS	227	798
PRS-CS	227	800
PRS-CS	228	800
PRS-CS	228	801
PRS-CS	230	801
PRS-CS	230	803
PRS-CS	232	803
PRS-CS	232	807
PRS-CS	233	807
PRS-CS	233	810
PRS-CS	235	810
PRS-CS	235	815
PRS-CS	236	815
PRS-CS	236	817
PRS-CS	237	817
PRS-CS	237	818
PRS-CS	238	818
PRS-CS	238	824
PRS-CS	239	824
PRS-CS	239	825
PRS-CS	240	825
PRS-CS	240	827
PRS-CS	241	827
PRS-CS	241	828
PRS-CS	242	828
PRS-CS	242	831
PRS-CS	243	831
PRS-CS	243	839
PRS-CS	245	839
PRS-CS	245	840
PRS-CS	246	840
PRS-CS	246	845
PRS-CS	247	845
PRS-CS	247	849
PRS-CS	249	849
PRS-CS	249	855
PRS-CS	250	855
PRS-CS	250	864
PRS-CS	251	864
PRS-CS	251	866
PRS-CS	252	866
PRS-CS	252	869
PRS-CS	253	869
PRS-CS	253	871
PRS-CS	254	871
PRS-CS	254	874
PRS-CS	255	874
PRS-CS	255	875
PRS-CS	257	875
PRS-CS	257	879
PRS-CS	259	879
PRS-CS	259	880
PRS-CS	260	880
PRS-CS	260	886
PRS-CS	261	886
PRS-CS	261	888
PRS-CS	262	888
PRS-CS	262	899
PRS-CS	263	899
PRS-CS	263	900
PRS-CS	264	900
PRS-CS	264	903
PRS-CS	265	903
PRS-CS	265	904
PRS-CS	266	904
PRS-CS	266	908
PRS-CS	267	908
PRS-CS	267	912
PRS-CS	268	912
PRS-CS	268	914
PRS-CS	269	914
PRS-CS	269	915
PRS-CS	270	915
PRS-CS	270	923
PRS-CS	273	923
PRS-CS	273	935
PRS-CS	274	935
PRS-CS	274	936
PRS-CS	275	936
PRS-CS	275	937
PRS-CS	276	937
PRS-CS	276	938
PRS-CS	277	938
PRS-CS	277	939
PRS-CS	279	939
PRS-CS	279	941
PRS-CS	281	941
PRS-CS	281	943
PRS-CS	282	943
PRS-CS	282	944
PRS-CS	283	944
PRS-CS	283	946
PRS-CS	284	946
PRS-CS	284	947
PRS-CS	286	947
PRS-CS	286	950
PRS-CS	287	950
PRS-CS	287	953
PRS-CS	288	953
PRS-CS	288	955
PRS-CS	291	955
PRS-CS	291	956
PRS-CS	292	956
PRS-CS	292	958
PRS-CS	293	958
PRS-CS	293	961
PRS-CS	294	961
PRS-CS	294	968
PRS-CS	297	968
PRS-CS	297	969
PRS-CS	298	969
PRS-CS	298	970
PRS-CS	299	970
PRS-CS	299	973
PRS-CS	300	973
PRS-CS	300	975
PRS-CS	301	975
PRS-CS	301	980
PRS-CS	302	980
PRS-CS	302	981
PRS-CS	304	981
PRS-CS	304	982
PRS-CS	305	982
PRS-CS	305	984
PRS-CS	306	984
PRS-CS	306	986
PRS-CS	307	986
PRS-CS	307	988
PRS-CS	309	988
PRS-CS	309	991
PRS-CS	311	991
PRS-CS	311	992
PRS-CS	312	992
PRS-CS	312	995
PRS-CS	314	995
PRS-CS	314	996
PRS-CS	315	996
PRS-CS	315	997
PRS-CS	316	997
PRS-CS	316	999
PRS-CS	317	999
PRS-CS	317	1001
PRS-CS	318	1001
PRS-CS	318	1004
PRS-CS	319	1004
PRS-CS	319	1008
PRS-CS	320	1008
PRS-CS	320	1010
PRS-CS	322	1010
PRS-CS	322	1012
PRS-CS	323	1012
PRS-CS	323	1030
PRS-CS	326	1030
PRS-CS	326	1033
PRS-CS	327	1033
PRS-CS	327	1034
PRS-CS	328	1034
PRS-CS	328	1035
PRS-CS	329	1035
PRS-CS	329	1038
PRS-CS	332	1038
PRS-CS	332	1041
PRS-CS	333	1041
PRS-CS	333	1042
PRS-CS	335	1042
PRS-CS	335	1056
PRS-CS	339	1056
PRS-CS	339	1057
PRS-CS	342	1057
PRS-CS	342	1058
PRS-CS	344	1058
PRS-CS	344	1060
PRS-CS	347	1060
PRS-CS	347	1064
PRS-CS	348	1064
PRS-CS	348	1065
PRS-CS	349	1065
PRS-CS	349	1066
PRS-CS	350	1066
PRS-CS	350	1079
PRS-CS	351	1079
PRS-CS	351	1083
PRS-CS	352	1083
PRS-CS	352	1088
PRS-CS	353	1088
PRS-CS	353	1091
PRS-CS	356	1091
PRS-CS	356	1094
PRS-CS	357	1094
PRS-CS	357	1099
PRS-CS	358	1099
PRS-CS	358	1104
PRS-CS	360	1104
PRS-CS	360	1107
PRS-CS	361	1107
PRS-CS	361	1116
PRS-CS	363	1116
PRS-CS	363	1117
PRS-CS	364	1117
PRS-CS	364	1121
PRS-CS	365	1121
PRS-CS	365	1122
PRS-CS	366	1122
PRS-CS	366	1123
PRS-CS	367	1123
PRS-CS	367	1124
PRS-CS	369	1124
PRS-CS	369	1130
PRS-CS	376	1130
PRS-CS	376	1134
PRS-CS	378	1134
PRS-CS	378	1139
PRS-CS	379	1139
PRS-CS	379	1142
PRS-CS	380	1142
PRS-CS	380	1150
PRS-CS	381	1150
PRS-CS	381	1155
PRS-CS	385	1155
PRS-CS	385	1157
PRS-CS	386	1157
PRS-CS	386	1160
PRS-CS	387	1160
PRS-CS	387	1163
PRS-CS	388	1163
PRS-CS	388	1164
PRS-CS	389	1164
PRS-CS	389	1168
PRS-CS	390	1168
PRS-CS	390	1169
PRS-CS	396	1169
PRS-CS	396	1173
PRS-CS	397	1173
PRS-CS	397	1174
PRS-CS	398	1174
PRS-CS	398	1177
PRS-CS	399	1177
PRS-CS	399	1181
PRS-CS	400	1181
PRS-CS	400	1182
PRS-CS	401	1182
PRS-CS	401	1184
PRS-CS	402	1184
PRS-CS	402	1188
PRS-CS	403	1188
PRS-CS	403	1189
PRS-CS	404	1189
PRS-CS	404	1191
PRS-CS	406	1191
PRS-CS	406	1193
PRS-CS	408	1193
PRS-CS	408	1196
PRS-CS	409	1196
PRS-CS	409	1199
PRS-CS	410	1199
PRS-CS	410	1206
PRS-CS	411	1206
PRS-CS	411	1217
PRS-CS	413	1217
PRS-CS	413	1223
PRS-CS	414	1223
PRS-CS	414	1225
PRS-CS	415	1225
PRS-CS	415	1226
PRS-CS	416	1226
PRS-CS	416	1232
PRS-CS	418	1232
PRS-CS	418	1234
PRS-CS	419	1234
PRS-CS	419	1236
PRS-CS	420	1236
PRS-CS	420	1241
PRS-CS	423	1241
PRS-CS	423	1242
PRS-CS	424	1242
PRS-CS	424	1244
PRS-CS	427	1244
PRS-CS	427	1246
PRS-CS	429	1246
PRS-CS	429	1255
PRS-CS	431	1255
PRS-CS	431	1258
PRS-CS	432	1258
PRS-CS	432	1261
PRS-CS	433	1261
PRS-CS	433	1264
PRS-CS	434	1264
PRS-CS	434	1266
PRS-CS	436	1266
PRS-CS	436	1269
PRS-CS	437	1269
PRS-CS	437	1271
PRS-CS	438	1271
PRS-CS	438	1275
PRS-CS	442	1275
PRS-CS	442	1277
PRS-CS	443	1277
PRS-CS	443	1278
PRS-CS	444	1278
PRS-CS	444	1301
PRS-CS	449	1301
PRS-CS	449	1302
PRS-CS	450	1302
PRS-CS	450	1304
PRS-CS	451	1304
PRS-CS	451	1306
PRS-CS	456	1306
PRS-CS	456	1310
PRS-CS	457	1310
PRS-CS	457	1315
PRS-CS	459	1315
PRS-CS	459	1316
PRS-CS	460	1316
PRS-CS	460	1318
PRS-CS	461	1318
PRS-CS	461	1320
PRS-CS	462	1320
PRS-CS	462	1321
PRS-CS	463	1321
PRS-CS	463	1324
PRS-CS	464	1324
PRS-CS	464	1325
PRS-CS	465	1325
PRS-CS	465	1326
PRS-CS	466	1326
PRS-CS	466	1327
PRS-CS	467	1327
PRS-CS	467	1337
PRS-CS	471	1337
PRS-CS	471	1338
PRS-CS	472	1338
PRS-CS	472	1340
PRS-CS	473	1340
PRS-CS	473	1343
PRS-CS	475	1343
PRS-CS	475	1347
PRS-CS	476	1347
PRS-CS	476	1350
PRS-CS	477	1350
PRS-CS	477	1353
PRS-CS	479	1353
PRS-CS	479	1355
PRS-CS	480	1355
PRS-CS	480	1362
PRS-CS	482	1362
PRS-CS	482	1365
PRS-CS	483	1365
PRS-CS	483	1368
PRS-CS	484	1368
PRS-CS	484	1369
PRS-CS	485	1369
PRS-CS	485	1373
PRS-CS	486	1373
PRS-CS	486	1374
PRS-CS	488	1374
PRS-CS	488	1380
PRS-CS	489	1380
PRS-CS	489	1382
PRS-CS	491	1382
PRS-CS	491	1385
PRS-CS	492	1385
PRS-CS	492	1386
PRS-CS	493	1386
PRS-CS	493	1392
PRS-CS	494	1392
PRS-CS	494	1394
PRS-CS	495	1394
PRS-CS	495	1400
PRS-CS	498	1400
PRS-CS	498	1401
PRS-CS	500	1401
PRS-CS	500	1404
PRS-CS	501	1404
PRS-CS	501	1407
PRS-CS	502	1407
PRS-CS	502	1409
PRS-CS	503	1409
PRS-CS	503	1412
PRS-CS	504	1412
PRS-CS	504	1413
PRS-CS	506	1413
PRS-CS	506	1417
PRS-CS	507	1417
PRS-CS	507	1420
PRS-CS	508	1420
PRS-CS	508	1423
PRS-CS	510	1423
PRS-CS	510	1424
PRS-CS	511	1424
PRS-CS	511	1427
PRS-CS	515	1427
PRS-CS	515	1428
PRS-CS	516	1428
PRS-CS	516	1433
PRS-CS	517	1433
PRS-CS	517	1436
PRS-CS	518	1436
PRS-CS	518	1441
PRS-CS	520	1441
PRS-CS	520	1445
PRS-CS	521	1445
PRS-CS	521	1449
PRS-CS	522	1449
PRS-CS	522	1451
PRS-CS	524	1451
PRS-CS	524	1454
PRS-CS	525	1454
PRS-CS	525	1456
PRS-CS	526	1456
PRS-CS	526	1461
PRS-CS	528	1461
PRS-CS	528	1468
PRS-CS	529	1468
PRS-CS	529	1469
PRS-CS	530	1469
PRS-CS	530	1470
PRS-CS	532	1470
PRS-CS	532	1475
PRS-CS	533	1475
PRS-CS	533	1476
PRS-CS	535	1476
PRS-CS	535	1485
PRS-CS	538	1485
PRS-CS	538	1488
PRS-CS	540	1488
PRS-CS	540	1489
PRS-CS	543	1489
PRS-CS	543	1494
PRS-CS	544	1494
PRS-CS	544	1497
PRS-CS	545	1497
PRS-CS	545	1502
PRS-CS	546	1502
PRS-CS	546	1503
PRS-CS	547	1503
PRS-CS	547	1505
PRS-CS	548	1505
PRS-CS	548	1509
PRS-CS	549	1509
PRS-CS	549	1510
PRS-CS	551	1510
PRS-CS	551	1511
PRS-CS	553	1511
PRS-CS	553	1526
PRS-CS	556	1526
PRS-CS	556	1531
PRS-CS	557	1531
PRS-CS	557	1535
PRS-CS	558	1535
PRS-CS	558	1536
PRS-CS	559	1536
PRS-CS	559	1539
PRS-CS	560	1539
PRS-CS	560	1540
PRS-CS	563	1540
PRS-CS	563	1542
PRS-CS	564	1542
PRS-CS	564	1544
PRS-CS	565	1544
PRS-CS	565	1546
PRS-CS	566	1546
PRS-CS	566	1547
PRS-CS	567	1547
PRS-CS	567	1550
PRS-CS	568	1550
PRS-CS	568	1554
PRS-CS	570	1554
PRS-CS	570	1555
PRS-CS	571	1555
PRS-CS	571	1558
PRS-CS	573	1558
PRS-CS	573	1562
PRS-CS	574	1562
PRS-CS	574	1566
PRS-CS	575	1566
PRS-CS	575	1567
PRS-CS	576	1567
PRS-CS	576	1568
PRS-CS	580	1568
PRS-CS	580	1569
PRS-CS	582	1569
PRS-CS	582	1570
PRS-CS	583	1570
PRS-CS	583	1571
PRS-CS	584	1571
PRS-CS	584	1573
PRS-CS	585	1573
PRS-CS	585	1575
PRS-CS	586	1575
PRS-CS	586	1576
PRS-CS	587	1576
PRS-CS	587	1578
PRS-CS	588	1578
PRS-CS	588	1579
PRS-CS	589	1579
PRS-CS	589	1581
PRS-CS	591	1581
PRS-CS	591	1583
PRS-CS	593	1583
PRS-CS	593	1588
PRS-CS	595	1588
PRS-CS	595	1590
PRS-CS	596	1590
PRS-CS	596	1591
PRS-CS	597	1591
PRS-CS	597	1592
PRS-CS	598	1592
PRS-CS	598	1594
PRS-CS	599	1594
PRS-CS	599	1595
PRS-CS	601	1595
PRS-CS	601	1597
PRS-CS	603	1597
PRS-CS	603	1600
PRS-CS	604	1600
PRS-CS	604	1601
PRS-CS	605	1601
PRS-CS	605	1602
PRS-CS	606	1602
PRS-CS	606	1605
PRS-CS	608	1605
PRS-CS	608	1607
PRS-CS	610	1607
PRS-CS	610	1608
PRS-CS	612	1608
PRS-CS	612	1609
PRS-CS	614	1609
PRS-CS	614	1611
PRS-CS	615	1611
PRS-CS	615	1614
PRS-CS	617	1614
PRS-CS	617	1618
PRS-CS	618	1618
PRS-CS	618	1620
PRS-CS	619	1620
PRS-CS	619	1624
PRS-CS	621	1624
PRS-CS	621	1627
PRS-CS	624	1627
PRS-CS	624	1628
PRS-CS	627	1628
PRS-CS	627	1629
PRS-CS	628	1629
PRS-CS	628	1631
PRS-CS	629	1631
PRS-CS	629	1632
PRS-CS	630	1632
PRS-CS	630	1633
PRS-CS	632	1633
PRS-CS	632	1634
PRS-CS	633	1634
PRS-CS	633	1636
PRS-CS	635	1636
PRS-CS	635	1637
PRS-CS	640	1637
PRS-CS	640	1640
PRS-CS	642	1640
PRS-CS	642	1641
PRS-CS	643	1641
PRS-CS	643	1643
PRS-CS	644	1643
PRS-CS	644	1644
PRS-CS	646	1644
PRS-CS	646	1645
PRS-CS	651	1645
PRS-CS	651	1647
PRS-CS	652	1647
PRS-CS	652	1650
PRS-CS	655	1650
PRS-CS	655	1651
PRS-CS	657	1651
PRS-CS	657	1653
PRS-CS	658	1653
PRS-CS	658	1659
PRS-CS	659	1659
PRS-CS	659	1660
PRS-CS	660	1660
PRS-CS	660	1661
PRS-CS	661	1661
PRS-CS	661	1662
PRS-CS	665	1662
PRS-CS	665	1666
PRS-CS	667	1666
PRS-CS	667	1670
PRS-CS	668	1670
PRS-CS	668	1675
PRS-CS	669	1675
PRS-CS	669	1677
PRS-CS	670	1677
PRS-CS	670	1678
PRS-CS	671	1678
PRS-CS	671	1680
PRS-CS	672	1680
PRS-CS	672	1683
PRS-CS	674	1683
PRS-CS	674	1685
PRS-CS	675	1685
PRS-CS	675	1689
PRS-CS	676	1689
PRS-CS	676	1691
PRS-CS	677	1691
PRS-CS	677	1693
PRS-CS	678	1693
PRS-CS	678	1695
PRS-CS	684	1695
PRS-CS	684	1696
PRS-CS	685	1696
PRS-CS	685	1703
PRS-CS	686	1703
PRS-CS	686	1705
PRS-CS	688	1705
PRS-CS	688	1708
PRS-CS	692	1708
PRS-CS	692	1709
PRS-CS	693	1709
PRS-CS	693	1710
PRS-CS	694	1710
PRS-CS	694	1716
PRS-CS	697	1716
PRS-CS	697	1718
PRS-CS	698	1718
PRS-CS	698	1721
PRS-CS	700	1721
PRS-CS	700	1724
PRS-CS	701	1724
PRS-CS	701	1728
PRS-CS	702	1728
PRS-CS	702	1731
PRS-CS	703	1731
PRS-CS	703	1733
PRS-CS	704	1733
PRS-CS	704	1734
PRS-CS	705	1734
PRS-CS	705	1736
PRS-CS	706	1736
PRS-CS	706	1737
PRS-CS	707	1737
PRS-CS	707	1738
PRS-CS	708	1738
PRS-CS	708	1743
PRS-CS	710	1743
PRS-CS	710	1748
PRS-CS	713	1748
PRS-CS	713	1749
PRS-CS	714	1749
PRS-CS	714	1750
PRS-CS	715	1750
PRS-CS	715	1753
PRS-CS	717	1753
PRS-CS	717	1755
PRS-CS	718	1755
PRS-CS	718	1761
PRS-CS	719	1761
PRS-CS	719	1762
PRS-CS	720	1762
PRS-CS	720	1764
PRS-CS	722	1764
PRS-CS	722	1767
PRS-CS	723	1767
PRS-CS	723	1769
PRS-CS	724	1769
PRS-CS	724	1770
PRS-CS	725	1770
PRS-CS	725	1775
PRS-CS	727	1775
PRS-CS	727	1777
PRS-CS	729	1777
PRS-CS	729	1778
PRS-CS	734	1778
PRS-CS	734	1779
PRS-CS	735	1779
PRS-CS	735	1780
PRS-CS	738	1780
PRS-CS	738	1783
PRS-CS	739	1783
PRS-CS	739	1787
PRS-CS	740	1787
PRS-CS	740	1792
PRS-CS	741	1792
PRS-CS	741	1793
PRS-CS	743	1793
PRS-CS	743	1794
PRS-CS	744	1794
PRS-CS	744	1798
PRS-CS	746	1798
PRS-CS	746	1799
PRS-CS	747	1799
PRS-CS	747	1804
PRS-CS	748	1804
PRS-CS	748	1807
PRS-CS	751	1807
PRS-CS	751	1808
PRS-CS	754	1808
PRS-CS	754	1810
PRS-CS	756	1810
PRS-CS	756	1814
PRS-CS	757	1814
PRS-CS	757	1816
PRS-CS	758	1816
PRS-CS	758	1821
PRS-CS	759	1821
PRS-CS	759	1823
PRS-CS	762	1823
PRS-CS	762	1826
PRS-CS	767	1826
PRS-CS	767	1827
PRS-CS	768	1827
PRS-CS	768	1828
PRS-CS	770	1828
PRS-CS	770	1830
PRS-CS	774	1830
PRS-CS	774	1833
PRS-CS	775	1833
PRS-CS	775	1835
PRS-CS	778	1835
PRS-CS	778	1836
PRS-CS	780	1836
PRS-CS	780	1837
PRS-CS	783	1837
PRS-CS	783	1839
PRS-CS	784	1839
PRS-CS	784	1840
PRS-CS	787	1840
PRS-CS	787	1844
PRS-CS	789	1844
PRS-CS	789	1845
PRS-CS	792	1845
PRS-CS	792	1852
PRS-CS	795	1852
PRS-CS	795	1854
PRS-CS	796	1854
PRS-CS	796	1856
PRS-CS	798	1856
PRS-CS	798	1857
PRS-CS	800	1857
PRS-CS	800	1859
PRS-CS	801	1859
PRS-CS	801	1860
PRS-CS	802	1860
PRS-CS	802	1864
PRS-CS	804	1864
PRS-CS	804	1865
PRS-CS	806	1865
PRS-CS	806	1869
PRS-CS	807	1869
PRS-CS	807	1870
PRS-CS	808	1870
PRS-CS	808	1872
PRS-CS	811	1872
PRS-CS	811	1878
PRS-CS	812	1878
PRS-CS	812	1879
PRS-CS	815	1879
PRS-CS	815	1880
PRS-CS	818	1880
PRS-CS	818	1881
PRS-CS	819	1881
PRS-CS	819	1888
PRS-CS	820	1888
PRS-CS	820	1890
PRS-CS	822	1890
PRS-CS	822	1891
PRS-CS	823	1891
PRS-CS	823	1894
PRS-CS	824	1894
PRS-CS	824	1895
PRS-CS	825	1895
PRS-CS	825	1899
PRS-CS	826	1899
PRS-CS	826	1902
PRS-CS	828	1902
PRS-CS	828	1904
PRS-CS	831	1904
PRS-CS	831	1906
PRS-CS	832	1906
PRS-CS	832	1907
PRS-CS	833	1907
PRS-CS	833	1908
PRS-CS	835	1908
PRS-CS	835	1909
PRS-CS	836	1909
PRS-CS	836	1911
PRS-CS	837	1911
PRS-CS	837	1912
PRS-CS	840	1912
PRS-CS	840	1913
PRS-CS	841	1913
PRS-CS	841	1914
PRS-CS	848	1914
PRS-CS	848	1921
PRS-CS	849	1921
PRS-CS	849	1922
PRS-CS	850	1922
PRS-CS	850	1924
PRS-CS	852	1924
PRS-CS	852	1927
PRS-CS	855	1927
PRS-CS	855	1928
PRS-CS	856	1928
PRS-CS	856	1931
PRS-CS	858	1931
PRS-CS	858	1933
PRS-CS	860	1933
PRS-CS	860	1934
PRS-CS	861	1934
PRS-CS	861	1935
PRS-CS	862	1935
PRS-CS	862	1936
PRS-CS	863	1936
PRS-CS	863	1939
PRS-CS	864	1939
PRS-CS	864	1942
PRS-CS	865	1942
PRS-CS	865	1945
PRS-CS	869	1945
PRS-CS	869	1946
PRS-CS	871	1946
PRS-CS	871	1949
PRS-CS	877	1949
PRS-CS	877	1950
PRS-CS	878	1950
PRS-CS	878	1951
PRS-CS	881	1951
PRS-CS	881	1955
PRS-CS	882	1955
PRS-CS	882	1956
PRS-CS	883	1956
PRS-CS	883	1957
PRS-CS	885	1957
PRS-CS	885	1958
PRS-CS	886	1958
PRS-CS	886	1964
PRS-CS	887	1964
PRS-CS	887	1965
PRS-CS	890	1965
PRS-CS	890	1966
PRS-CS	892	1966
PRS-CS	892	1968
PRS-CS	893	1968
PRS-CS	893	1970
PRS-CS	895	1970
PRS-CS	895	1977
PRS-CS	896	1977
PRS-CS	896	1979
PRS-CS	897	1979
PRS-CS	897	1980
PRS-CS	899	1980
PRS-CS	899	1982
PRS-CS	901	1982
PRS-CS	901	1985
PRS-CS	902	1985
PRS-CS	902	1986
PRS-CS	903	1986
PRS-CS	903	1987
PRS-CS	905	1987
PRS-CS	905	1989
PRS-CS	906	1989
PRS-CS	906	1990
PRS-CS	907	1990
PRS-CS	907	1991
PRS-CS	908	1991
PRS-CS	908	1993
PRS-CS	909	1993
PRS-CS	909	1994
PRS-CS	910	1994
PRS-CS	910	1995
PRS-CS	911	1995
PRS-CS	911	2000
PRS-CS	915	2000
PRS-CS	915	2002
PRS-CS	918	2002
PRS-CS	918	2004
PRS-CS	919	2004
PRS-CS	919	2007
PRS-CS	920	2007
PRS-CS	920	2010
PRS-CS	921	2010
PRS-CS	921	2011
PRS-CS	923	2011
PRS-CS	923	2012
PRS-CS	924	2012
PRS-CS	924	2013
PRS-CS	927	2013
PRS-CS	927	2014
PRS-CS	929	2014
PRS-CS	929	2015
PRS-CS	930	2015
PRS-CS	930	2017
PRS-CS	931	2017
PRS-CS	931	2019
PRS-CS	932	2019
PRS-CS	932	2020
PRS-CS	934	2020
PRS-CS	934	2022
PRS-CS	935	2022
PRS-CS	935	2023
PRS-CS	936	2023
PRS-CS	936	2027
PRS-CS	939	2027
PRS-CS	939	2029
PRS-CS	940	2029
PRS-CS	940	2030
PRS-CS	941	2030
PRS-CS	941	2031
PRS-CS	942	2031
PRS-CS	942	2032
PRS-CS	946	2032
PRS-CS	946	2034
PRS-CS	947	2034
PRS-CS	947	2044
PRS-CS	948	2044
PRS-CS	948	2045
PRS-CS	949	2045
PRS-CS	949	2047
PRS-CS	951	2047
PRS-CS	951	2048
PRS-CS	953	2048
PRS-CS	953	2050
PRS-CS	955	2050
PRS-CS	955	2051
PRS-CS	958	2051
PRS-CS	958	2052
PRS-CS	965	2052
PRS-CS	965	2054
PRS-CS	967	2054
PRS-CS	967	2055
PRS-CS	968	2055
PRS-CS	968	2058
PRS-CS	969	2058
PRS-CS	969	2061
PRS-CS	970	2061
PRS-CS	970	2062
PRS-CS	973	2062
PRS-CS	973	2063
PRS-CS	974	2063
PRS-CS	974	2067
PRS-CS	976	2067
PRS-CS	976	2068
PRS-CS	980	2068
PRS-CS	980	2072
PRS-CS	983	2072
PRS-CS	983	2073
PRS-CS	985	2073
PRS-CS	985	2074
PRS-CS	986	2074
PRS-CS	986	2076
PRS-CS	987	2076
PRS-CS	987	2078
PRS-CS	992	2078
PRS-CS	992	2081
PRS-CS	993	2081
PRS-CS	993	2082
PRS-CS	994	2082
PRS-CS	994	2084
PRS-CS	998	2084
PRS-CS	998	2089
PRS-CS	1000	2089
PRS-CS	1000	2094
PRS-CS	1002	2094
PRS-CS	1002	2096
PRS-CS	1003	2096
PRS-CS	1003	2098
PRS-CS	1004	2098
PRS-CS	1004	2099
PRS-CS	1005	2099
PRS-CS	1005	2101
PRS-CS	1007	2101
PRS-CS	1007	2103
PRS-CS	1008	2103
PRS-CS	1008	2106
PRS-CS	1010	2106
PRS-CS	1010	2109
PRS-CS	1013	2109
PRS-CS	1013	2111
PRS-CS	1015	2111
PRS-CS	1015	2114
PRS-CS	1017	2114
PRS-CS	1017	2115
PRS-CS	1018	2115
PRS-CS	1018	2118
PRS-CS	1019	2118
PRS-CS	1019	2124
PRS-CS	1025	2124
PRS-CS	1025	2125
PRS-CS	1026	2125
PRS-CS	1026	2130
PRS-CS	1028	2130
PRS-CS	1028	2131
PRS-CS	1029	2131
PRS-CS	1029	2132
PRS-CS	1031	2132
PRS-CS	1031	2133
PRS-CS	1033	2133
PRS-CS	1033	2135
PRS-CS	1035	2135
PRS-CS	1035	2137
PRS-CS	1036	2137
PRS-CS	1036	2138
PRS-CS	1037	2138
PRS-CS	1037	2139
PRS-CS	1039	2139
PRS-CS	1039	2140
PRS-CS	1040	2140
PRS-CS	1040	2144
PRS-CS	1043	2144
PRS-CS	1043	2145
PRS-CS	1044	2145
PRS-CS	1044	2149
PRS-CS	1045	2149
PRS-CS	1045	2150
PRS-CS	1046	2150
PRS-CS	1046	2152
PRS-CS	1049	2152
PRS-CS	1049	2153
PRS-CS	1051	2153
PRS-CS	1051	2154
PRS-CS	1053	2154
PRS-CS	1053	2155
PRS-CS	1055	2155
PRS-CS	1055	2156
PRS-CS	1056	2156
PRS-CS	1056	2162
PRS-CS	1058	2162
PRS-CS	1058	2163
PRS-CS	1063	2163
PRS-CS	1063	2170
PRS-CS	1064	2170
PRS-CS	1064	2172
PRS-CS	1065	2172
PRS-CS	1065	2174
PRS-CS	1068	2174
PRS-CS	1068	2175
PRS-CS	1069	2175
PRS-CS	1069	2177
PRS-CS	1070	2177
PRS-CS	1070	2179
PRS-CS	1071	2179
PRS-CS	1071	2181
PRS-CS	1073	2181
PRS-CS	1073	2182
PRS-CS	1076	2182
PRS-CS	1076	2187
PRS-CS	1077	2187
PRS-CS	1077	2189
PRS-CS	1078	2189
PRS-CS	1078	2196
PRS-CS	1080	2196
PRS-CS	1080	2198
PRS-CS	1083	2198
PRS-CS	1083	2201
PRS-CS	1085	2201
PRS-CS	1085	2207
PRS-CS	1089	2207
PRS-CS	1089	2208
PRS-CS	1090	2208
PRS-CS	1090	2210
PRS-CS	1091	2210
PRS-CS	1091	2213
PRS-CS	1095	2213
PRS-CS	1095	2217
PRS-CS	1096	2217
PRS-CS	1096	2219
PRS-CS	1098	2219
PRS-CS	1098	2220
PRS-CS	1099	2220
PRS-CS	1099	2221
PRS-CS	1101	2221
PRS-CS	1101	2222
PRS-CS	1102	2222
PRS-CS	1102	2226
PRS-CS	1105	2226
PRS-CS	1105	2228
PRS-CS	1107	2228
PRS-CS	1107	2231
PRS-CS	1108	2231
PRS-CS	1108	2233
PRS-CS	1109	2233
PRS-CS	1109	2235
PRS-CS	1110	2235
PRS-CS	1110	2238
PRS-CS	1111	2238
PRS-CS	1111	2239
PRS-CS	1116	2239
PRS-CS	1116	2242
PRS-CS	1119	2242
PRS-CS	1119	2245
PRS-CS	1121	2245
PRS-CS	1121	2249
PRS-CS	1125	2249
PRS-CS	1125	2250
PRS-CS	1127	2250
PRS-CS	1127	2251
PRS-CS	1129	2251
PRS-CS	1129	2252
PRS-CS	1130	2252
PRS-CS	1130	2256
PRS-CS	1132	2256
PRS-CS	1132	2260
PRS-CS	1134	2260
PRS-CS	1134	2265
PRS-CS	1135	2265
PRS-CS	1135	2268
PRS-CS	1136	2268
PRS-CS	1136	2272
PRS-CS	1139	2272
PRS-CS	1139	2277
PRS-CS	1140	2277
PRS-CS	1140	2281
PRS-CS	1141	2281
PRS-CS	1141	2284
PRS-CS	1143	2284
PRS-CS	1143	2285
PRS-CS	1146	2285
PRS-CS	1146	2288
PRS-CS	1147	2288
PRS-CS	1147	2289
PRS-CS	1153	2289
PRS-CS	1153	2290
PRS-CS	1156	2290
PRS-CS	1156	2291
PRS-CS	1159	2291
PRS-CS	1159	2295
PRS-CS	1160	2295
PRS-CS	1160	2300
PRS-CS	1161	2300
PRS-CS	1161	2304
PRS-CS	1162	2304
PRS-CS	1162	2305
PRS-CS	1163	2305
PRS-CS	1163	2306
PRS-CS	1166	2306
PRS-CS	1166	2311
PRS-CS	1167	2311
PRS-CS	1167	2312
PRS-CS	1169	2312
PRS-CS	1169	2314
PRS-CS	1170	2314
PRS-CS	1170	2316
PRS-CS	1172	2316
PRS-CS	1172	2317
PRS-CS	1174	2317
PRS-CS	1174	2319
PRS-CS	1175	2319
PRS-CS	1175	2320
PRS-CS	1177	2320
PRS-CS	1177	2321
PRS-CS	1178	2321
PRS-CS	1178	2322
PRS-CS	1181	2322
PRS-CS	1181	2328
PRS-CS	1182	2328
PRS-CS	1182	2329
PRS-CS	1184	2329
PRS-CS	1184	2330
PRS-CS	1186	2330
PRS-CS	1186	2331
PRS-CS	1192	2331
PRS-CS	1192	2334
PRS-CS	1193	2334
PRS-CS	1193	2335
PRS-CS	1194	2335
PRS-CS	1194	2336
PRS-CS	1196	2336
PRS-CS	1196	2338
PRS-CS	1200	2338
PRS-CS	1200	2341
PRS-CS	1205	2341
PRS-CS	1205	2342
PRS-CS	1207	2342
PRS-CS	1207	2345
PRS-CS	1208	2345
PRS-CS	1208	2346
PRS-CS	1209	2346
PRS-CS	1209	2353
PRS-CS	1213	2353
PRS-CS	1213	2358
PRS-CS	1214	2358
PRS-CS	1214	2360
PRS-CS	1215	2360
PRS-CS	1215	2362
PRS-CS	1218	2362
PRS-CS	1218	2367
PRS-CS	1219	2367
PRS-CS	1219	2368
PRS-CS	1224	2368
PRS-CS	1224	2369
PRS-CS	1225	2369
PRS-CS	1225	2370
PRS-CS	1226	2370
PRS-CS	1226	2372
PRS-CS	1227	2372
PRS-CS	1227	2373
PRS-CS	1229	2373
PRS-CS	1229	2375
PRS-CS	1231	2375
PRS-CS	1231	2376
PRS-CS	1232	2376
PRS-CS	1232	2378
PRS-CS	1235	2378
PRS-CS	1235	2379
PRS-CS	1236	2379
PRS-CS	1236	2380
PRS-CS	1237	2380
PRS-CS	1237	2381
PRS-CS	1239	2381
PRS-CS	1239	2382
PRS-CS	1244	2382
PRS-CS	1244	2384
PRS-CS	1245	2384
PRS-CS	1245	2385
PRS-CS	1251	2385
PRS-CS	1251	2387
PRS-CS	1253	2387
PRS-CS	1253	2388
PRS-CS	1255	2388
PRS-CS	1255	2391
PRS-CS	1257	2391
PRS-CS	1257	2393
PRS-CS	1258	2393
PRS-CS	1258	2394
PRS-CS	1259	2394
PRS-CS	1259	2395
PRS-CS	1260	2395
PRS-CS	1260	2398
PRS-CS	1261	2398
PRS-CS	1261	2405
PRS-CS	1262	2405
PRS-CS	1262	2407
PRS-CS	1263	2407
PRS-CS	1263	2408
PRS-CS	1265	2408
PRS-CS	1265	2409
PRS-CS	1266	2409
PRS-CS	1266	2411
PRS-CS	1267	2411
PRS-CS	1267	2413
PRS-CS	1268	2413
PRS-CS	1268	2416
PRS-CS	1269	2416
PRS-CS	1269	2418
PRS-CS	1275	2418
PRS-CS	1275	2419
PRS-CS	1276	2419
PRS-CS	1276	2422
PRS-CS	1278	2422
PRS-CS	1278	2423
PRS-CS	1281	2423
PRS-CS	1281	2424
PRS-CS	1282	2424
PRS-CS	1282	2425
PRS-CS	1284	2425
PRS-CS	1284	2426
PRS-CS	1286	2426
PRS-CS	1286	2427
PRS-CS	1290	2427
PRS-CS	1290	2430
PRS-CS	1293	2430
PRS-CS	1293	2432
PRS-CS	1294	2432
PRS-CS	1294	2433
PRS-CS	1295	2433
PRS-CS	1295	2434
PRS-CS	1297	2434
PRS-CS	1297	2435
PRS-CS	1299	2435
PRS-CS	1299	2436
PRS-CS	1303	2436
PRS-CS	1303	2437
PRS-CS	1306	2437
PRS-CS	1306	2440
PRS-CS	1307	2440
PRS-CS	1307	2441
PRS-CS	1308	2441
PRS-CS	1308	2442
PRS-CS	1311	2442
PRS-CS	1311	2445
PRS-CS	1312	2445
PRS-CS	1312	2446
PRS-CS	1313	2446
PRS-CS	1313	2448
PRS-CS	1315	2448
PRS-CS	1315	2450
PRS-CS	1316	2450
PRS-CS	1316	2453
PRS-CS	1321	2453
PRS-CS	1321	2459
PRS-CS	1323	2459
PRS-CS	1323	2460
PRS-CS	1326	2460
PRS-CS	1326	2462
PRS-CS	1327	2462
PRS-CS	1327	2465
PRS-CS	1329	2465
PRS-CS	1329	2467
PRS-CS	1331	2467
PRS-CS	1331	2472
PRS-CS	1332	2472
PRS-CS	1332	2473
PRS-CS	1333	2473
PRS-CS	1333	2477
PRS-CS	1335	2477
PRS-CS	1335	2479
PRS-CS	1336	2479
PRS-CS	1336	2480
PRS-CS	1338	2480
PRS-CS	1338	2481
PRS-CS	1339	2481
PRS-CS	1339	2485
PRS-CS	1341	2485
PRS-CS	1341	2487
PRS-CS	1343	2487
PRS-CS	1343	2488
PRS-CS	1344	2488
PRS-CS	1344	2489
PRS-CS	1349	2489
PRS-CS	1349	2490
PRS-CS	1352	2490
PRS-CS	1352	2493
PRS-CS	1354	2493
PRS-CS	1354	2494
PRS-CS	1355	2494
PRS-CS	1355	2495
PRS-CS	1359	2495
PRS-CS	1359	2496
PRS-CS	1362	2496
PRS-CS	1362	2498
PRS-CS	1364	2498
PRS-CS	1364	2503
PRS-CS	1366	2503
PRS-CS	1366	2506
PRS-CS	1367	2506
PRS-CS	1367	2507
PRS-CS	1368	2507
PRS-CS	1368	2508
PRS-CS	1373	2508
PRS-CS	1373	2509
PRS-CS	1374	2509
PRS-CS	1374	2510
PRS-CS	1378	2510
PRS-CS	1378	2513
PRS-CS	1381	2513
PRS-CS	1381	2514
PRS-CS	1383	2514
PRS-CS	1383	2518
PRS-CS	1385	2518
PRS-CS	1385	2519
PRS-CS	1388	2519
PRS-CS	1388	2525
PRS-CS	1390	2525
PRS-CS	1390	2526
PRS-CS	1391	2526
PRS-CS	1391	2530
PRS-CS	1393	2530
PRS-CS	1393	2531
PRS-CS	1395	2531
PRS-CS	1395	2532
PRS-CS	1396	2532
PRS-CS	1396	2533
PRS-CS	1399	2533
PRS-CS	1399	2534
PRS-CS	1401	2534
PRS-CS	1401	2537
PRS-CS	1403	2537
PRS-CS	1403	2541
PRS-CS	1404	2541
PRS-CS	1404	2542
PRS-CS	1405	2542
PRS-CS	1405	2544
PRS-CS	1408	2544
PRS-CS	1408	2545
PRS-CS	1409	2545
PRS-CS	1409	2548
PRS-CS	1412	2548
PRS-CS	1412	2549
PRS-CS	1415	2549
PRS-CS	1415	2552
PRS-CS	1416	2552
PRS-CS	1416	2555
PRS-CS	1418	2555
PRS-CS	1418	2556
PRS-CS	1419	2556
PRS-CS	1419	2559
PRS-CS	1423	2559
PRS-CS	1423	2561
PRS-CS	1425	2561
PRS-CS	1425	2563
PRS-CS	1427	2563
PRS-CS	1427	2564
PRS-CS	1429	2564
PRS-CS	1429	2565
PRS-CS	1430	2565
PRS-CS	1430	2566
PRS-CS	1433	2566
PRS-CS	1433	2567
PRS-CS	1434	2567
PRS-CS	1434	2568
PRS-CS	1435	2568
PRS-CS	1435	2570
PRS-CS	1436	2570
PRS-CS	1436	2571
PRS-CS	1438	2571
PRS-CS	1438	2573
PRS-CS	1440	2573
PRS-CS	1440	2574
PRS-CS	1443	2574
PRS-CS	1443	2579
PRS-CS	1444	2579
PRS-CS	1444	2580
PRS-CS	1447	2580
PRS-CS	1447	2583
PRS-CS	1448	2583
PRS-CS	1448	2584
PRS-CS	1450	2584
PRS-CS	1450	2586
PRS-CS	1451	2586
PRS-CS	1451	2588
PRS-CS	1455	2588
PRS-CS	1455	2592
PRS-CS	1462	2592
PRS-CS	1462	2594
PRS-CS	1463	2594
PRS-CS	1463	2596
PRS-CS	1464	2596
PRS-CS	1464	2599
PRS-CS	1465	2599
PRS-CS	1465	2600
PRS-CS	1467	2600
PRS-CS	1467	2603
PRS-CS	1468	2603
PRS-CS	1468	2604
PRS-CS	1472	2604
PRS-CS	1472	2605
PRS-CS	1475	2605
PRS-CS	1475	2606
PRS-CS	1479	2606
PRS-CS	1479	2607
PRS-CS	1482	2607
PRS-CS	1482	2609
PRS-CS	1485	2609
PRS-CS	1485	2610
PRS-CS	1486	2610
PRS-CS	1486	2617
PRS-CS	1489	2617
PRS-CS	1489	2618
PRS-CS	1490	2618
PRS-CS	1490	2621
PRS-CS	1491	2621
PRS-CS	1491	2622
PRS-CS	1492	2622
PRS-CS	1492	2624
PRS-CS	1494	2624
PRS-CS	1494	2625
PRS-CS	1497	2625
PRS-CS	1497	2626
PRS-CS	1501	2626
PRS-CS	1501	2627
PRS-CS	1503	2627
PRS-CS	1503	2628
PRS-CS	1505	2628
PRS-CS	1505	2629
PRS-CS	1509	2629
PRS-CS	1509	2630
PRS-CS	1510	2630
PRS-CS	1510	2631
PRS-CS	1511	2631
PRS-CS	1511	2632
PRS-CS	1517	2632
PRS-CS	1517	2633
PRS-CS	1518	2633
PRS-CS	1518	2635
PRS-CS	1521	2635
PRS-CS	1521	2636
PRS-CS	1524	2636
PRS-CS	1524	2639
PRS-CS	1526	2639
PRS-CS	1526	2641
PRS-CS	1527	2641
PRS-CS	1527	2642
PRS-CS	1528	2642
PRS-CS	1528	2644
PRS-CS	1531	2644
PRS-CS	1531	2645
PRS-CS	1535	2645
PRS-CS	1535	2648
PRS-CS	1538	2648
PRS-CS	1538	2649
PRS-CS	1541	2649
PRS-CS	1541	2651
PRS-CS	1542	2651
PRS-CS	1542	2652
PRS-CS	1543	2652
PRS-CS	1543	2653
PRS-CS	1545	2653
PRS-CS	1545	2654
PRS-CS	1546	2654
PRS-CS	1546	2657
PRS-CS	1550	2657
PRS-CS	1550	2658
PRS-CS	1552	2658
PRS-CS	1552	2660
PRS-CS	1555	2660
PRS-CS	1555	2664
PRS-CS	1556	2664
PRS-CS	1556	2665
PRS-CS	1557	2665
PRS-CS	1557	2666
PRS-CS	1558	2666
PRS-CS	1558	2667
PRS-CS	1559	2667
PRS-CS	1559	2668
PRS-CS	1560	2668
PRS-CS	1560	2671
PRS-CS	1563	2671
PRS-CS	1563	2674
PRS-CS	1567	2674
PRS-CS	1567	2677
PRS-CS	1568	2677
PRS-CS	1568	2678
PRS-CS	1570	2678
PRS-CS	1570	2683
PRS-CS	1571	2683
PRS-CS	1571	2684
PRS-CS	1572	2684
PRS-CS	1572	2685
PRS-CS	1573	2685
PRS-CS	1573	2688
PRS-CS	1579	2688
PRS-CS	1579	2690
PRS-CS	1583	2690
PRS-CS	1583	2691
PRS-CS	1587	2691
PRS-CS	1587	2693
PRS-CS	1588	2693
PRS-CS	1588	2694
PRS-CS	1589	2694
PRS-CS	1589	2696
PRS-CS	1590	2696
PRS-CS	1590	2698
PRS-CS	1591	2698
PRS-CS	1591	2699
PRS-CS	1592	2699
PRS-CS	1592	2700
PRS-CS	1593	2700
PRS-CS	1593	2701
PRS-CS	1596	2701
PRS-CS	1596	2704
PRS-CS	1597	2704
PRS-CS	1597	2705
PRS-CS	1598	2705
PRS-CS	1598	2707
PRS-CS	1602	2707
PRS-CS	1602	2708
PRS-CS	1604	2708
PRS-CS	1604	2709
PRS-CS	1607	2709
PRS-CS	1607	2710
PRS-CS	1609	2710
PRS-CS	1609	2712
PRS-CS	1610	2712
PRS-CS	1610	2713
PRS-CS	1613	2713
PRS-CS	1613	2715
PRS-CS	1614	2715
PRS-CS	1614	2717
PRS-CS	1621	2717
PRS-CS	1621	2718
PRS-CS	1624	2718
PRS-CS	1624	2719
PRS-CS	1627	2719
PRS-CS	1627	2724
PRS-CS	1629	2724
PRS-CS	1629	2725
PRS-CS	1631	2725
PRS-CS	1631	2726
PRS-CS	1632	2726
PRS-CS	1632	2727
PRS-CS	1633	2727
PRS-CS	1633	2728
PRS-CS	1634	2728
PRS-CS	1634	2730
PRS-CS	1641	2730
PRS-CS	1641	2734
PRS-CS	1644	2734
PRS-CS	1644	2735
PRS-CS	1648	2735
PRS-CS	1648	2737
PRS-CS	1650	2737
PRS-CS	1650	2738
PRS-CS	1651	2738
PRS-CS	1651	2740
PRS-CS	1652	2740
PRS-CS	1652	2741
PRS-CS	1654	2741
PRS-CS	1654	2743
PRS-CS	1656	2743
PRS-CS	1656	2744
PRS-CS	1657	2744
PRS-CS	1657	2746
PRS-CS	1658	2746
PRS-CS	1658	2748
PRS-CS	1660	2748
PRS-CS	1660	2749
PRS-CS	1669	2749
PRS-CS	1669	2751
PRS-CS	1671	2751
PRS-CS	1671	2752
PRS-CS	1675	2752
PRS-CS	1675	2754
PRS-CS	1677	2754
PRS-CS	1677	2755
PRS-CS	1679	2755
PRS-CS	1679	2756
PRS-CS	1680	2756
PRS-CS	1680	2757
PRS-CS	1681	2757
PRS-CS	1681	2759
PRS-CS	1683	2759
PRS-CS	1683	2760
PRS-CS	1689	2760
PRS-CS	1689	2762
PRS-CS	1690	2762
PRS-CS	1690	2763
PRS-CS	1692	2763
PRS-CS	1692	2765
PRS-CS	1694	2765
PRS-CS	1694	2768
PRS-CS	1695	2768
PRS-CS	1695	2769
PRS-CS	1696	2769
PRS-CS	1696	2771
PRS-CS	1697	2771
PRS-CS	1697	2772
PRS-CS	1699	2772
PRS-CS	1699	2774
PRS-CS	1702	2774
PRS-CS	1702	2775
PRS-CS	1703	2775
PRS-CS	1703	2776
PRS-CS	1705	2776
PRS-CS	1705	2778
PRS-CS	1706	2778
PRS-CS	1706	2779
PRS-CS	1708	2779
PRS-CS	1708	2782
PRS-CS	1711	2782
PRS-CS	1711	2784
PRS-CS	1712	2784
PRS-CS	1712	2786
PRS-CS	1716	2786
PRS-CS	1716	2788
PRS-CS	1721	2788
PRS-CS	1721	2790
PRS-CS	1724	2790
PRS-CS	1724	2792
PRS-CS	1725	2792
PRS-CS	1725	2793
PRS-CS	1731	2793
PRS-CS	1731	2794
PRS-CS	1733	2794
PRS-CS	1733	2796
PRS-CS	1736	2796
PRS-CS	1736	2798
PRS-CS	1737	2798
PRS-CS	1737	2799
PRS-CS	1741	2799
PRS-CS	1741	2801
PRS-CS	1742	2801
PRS-CS	1742	2803
PRS-CS	1745	2803
PRS-CS	1745	2804
PRS-CS	1746	2804
PRS-CS	1746	2805
PRS-CS	1748	2805
PRS-CS	1748	2806
PRS-CS	1749	2806
PRS-CS	1749	2808
PRS-CS	1751	2808
PRS-CS	1751	2809
PRS-CS	1754	2809
PRS-CS	1754	2810
PRS-CS	1756	2810
PRS-CS	1756	2812
PRS-CS	1759	2812
PRS-CS	1759	2816
PRS-CS	1760	2816
PRS-CS	1760	2817
PRS-CS	1761	2817
PRS-CS	1761	2823
PRS-CS	1763	2823
PRS-CS	1763	2826
PRS-CS	1764	2826
PRS-CS	1764	2827
PRS-CS	1766	2827
PRS-CS	1766	2829
PRS-CS	1768	2829
PRS-CS	1768	2830
PRS-CS	1769	2830
PRS-CS	1769	2831
PRS-CS	1773	2831
PRS-CS	1773	2833
PRS-CS	1774	2833
PRS-CS	1774	2841
PRS-CS	1775	2841
PRS-CS	1775	2843
PRS-CS	1778	2843
PRS-CS	1778	2844
PRS-CS	1779	2844
PRS-CS	1779	2846
PRS-CS	1780	2846
PRS-CS	1780	2847
PRS-CS	1781	2847
PRS-CS	1781	2849
PRS-CS	1785	2849
PRS-CS	1785	2850
PRS-CS	1786	2850
PRS-CS	1786	2851
PRS-CS	1797	2851
PRS-CS	1797	2852
PRS-CS	1800	2852
PRS-CS	1800	2854
PRS-CS	1801	2854
PRS-CS	1801	2855
PRS-CS	1804	2855
PRS-CS	1804	2856
PRS-CS	1806	2856
PRS-CS	1806	2860
PRS-CS	1810	2860
PRS-CS	1810	2863
PRS-CS	1815	2863
PRS-CS	1815	2864
PRS-CS	1816	2864
PRS-CS	1816	2867
PRS-CS	1819	2867
PRS-CS	1819	2869
PRS-CS	1821	2869
PRS-CS	1821	2870
PRS-CS	1827	2870
PRS-CS	1827	2871
PRS-CS	1828	2871
PRS-CS	1828	2875
PRS-CS	1830	2875
PRS-CS	1830	2876
PRS-CS	1833	2876
PRS-CS	1833	2879
PRS-CS	1836	2879
PRS-CS	1836	2881
PRS-CS	1840	2881
PRS-CS	1840	2882
PRS-CS	1841	2882
PRS-CS	1841	2883
PRS-CS	1843	2883
PRS-CS	1843	2885
PRS-CS	1846	2885
PRS-CS	1846	2886
PRS-CS	1850	2886
PRS-CS	1850	2887
PRS-CS	1852	2887
PRS-CS	1852	2891
PRS-CS	1853	2891
PRS-CS	1853	2892
PRS-CS	1860	2892
PRS-CS	1860	2893
PRS-CS	1864	2893
PRS-CS	1864	2895
PRS-CS	1865	2895
PRS-CS	1865	2899
PRS-CS	1869	2899
PRS-CS	1869	2900
PRS-CS	1873	2900
PRS-CS	1873	2901
PRS-CS	1882	2901
PRS-CS	1882	2902
PRS-CS	1884	2902
PRS-CS	1884	2903
PRS-CS	1885	2903
PRS-CS	1885	2906
PRS-CS	1886	2906
PRS-CS	1886	2907
PRS-CS	1889	2907
PRS-CS	1889	2909
PRS-CS	1890	2909
PRS-CS	1890	2910
PRS-CS	1892	2910
PRS-CS	1892	2913
PRS-CS	1896	2913
PRS-CS	1896	2917
PRS-CS	1897	2917
PRS-CS	1897	2920
PRS-CS	1898	2920
PRS-CS	1898	2921
PRS-CS	1899	2921
PRS-CS	1899	2922
PRS-CS	1900	2922
PRS-CS	1900	2923
PRS-CS	1902	2923
PRS-CS	1902	2926
PRS-CS	1903	2926
PRS-CS	1903	2929
PRS-CS	1906	2929
PRS-CS	1906	2931
PRS-CS	1909	2931
PRS-CS	1909	2934
PRS-CS	1911	2934
PRS-CS	1911	2936
PRS-CS	1912	2936
PRS-CS	1912	2937
PRS-CS	1919	2937
PRS-CS	1919	2938
PRS-CS	1920	2938
PRS-CS	1920	2939
PRS-CS	1925	2939
PRS-CS	1925	2941
PRS-CS	1926	2941
PRS-CS	1926	2942
PRS-CS	1929	2942
PRS-CS	1929	2944
PRS-CS	1930	2944
PRS-CS	1930	2945
PRS-CS	1934	2945
PRS-CS	1934	2946
PRS-CS	1936	2946
PRS-CS	1936	2947
PRS-CS	1938	2947
PRS-CS	1938	2949
PRS-CS	1944	2949
PRS-CS	1944	2950
PRS-CS	1947	2950
PRS-CS	1947	2952
PRS-CS	1952	2952
PRS-CS	1952	2957
PRS-CS	1953	2957
PRS-CS	1953	2958
PRS-CS	1954	2958
PRS-CS	1954	2960
PRS-CS	1962	2960
PRS-CS	1962	2961
PRS-CS	1966	2961
PRS-CS	1966	2962
PRS-CS	1968	2962
PRS-CS	1968	2964
PRS-CS	1974	2964
PRS-CS	1974	2966
PRS-CS	1979	2966
PRS-CS	1979	2968
PRS-CS	1980	2968
PRS-CS	1980	2969
PRS-CS	1981	2969
PRS-CS	1981	2972
PRS-CS	1984	2972
PRS-CS	1984	2974
PRS-CS	1987	2974
PRS-CS	1987	2975
PRS-CS	1989	2975
PRS-CS	1989	2977
PRS-CS	1990	2977
PRS-CS	1990	2979
PRS-CS	1994	2979
PRS-CS	1994	2980
PRS-CS	1997	2980
PRS-CS	1997	2981
PRS-CS	1998	2981
PRS-CS	1998	2983
PRS-CS	1999	2983
PRS-CS	1999	2985
PRS-CS	2000	2985
PRS-CS	2000	2986
PRS-CS	2001	2986
PRS-CS	2001	2987
PRS-CS	2003	2987
PRS-CS	2003	2989
PRS-CS	2006	2989
PRS-CS	2006	2990
PRS-CS	2008	2990
PRS-CS	2008	2991
PRS-CS	2009	2991
PRS-CS	2009	2994
PRS-CS	2010	2994
PRS-CS	2010	2995
PRS-CS	2012	2995
PRS-CS	2012	2996
PRS-CS	2013	2996
PRS-CS	2013	2997
PRS-CS	2017	2997
PRS-CS	2017	2998
PRS-CS	2019	2998
PRS-CS	2019	3000
PRS-CS	2020	3000
PRS-CS	2020	3001
PRS-CS	2022	3001
PRS-CS	2022	3002
PRS-CS	2023	3002
PRS-CS	2023	3003
PRS-CS	2024	3003
PRS-CS	2024	3006
PRS-CS	2028	3006
PRS-CS	2028	3007
PRS-CS	2029	3007
PRS-CS	2029	3009
PRS-CS	2030	3009
PRS-CS	2030	3010
PRS-CS	2037	3010
PRS-CS	2037	3011
PRS-CS	2039	3011
PRS-CS	2039	3012
PRS-CS	2041	3012
PRS-CS	2041	3013
PRS-CS	2043	3013
PRS-CS	2043	3018
PRS-CS	2044	3018
PRS-CS	2044	3022
PRS-CS	2046	3022
PRS-CS	2046	3025
PRS-CS	2047	3025
PRS-CS	2047	3026
PRS-CS	2050	3026
PRS-CS	2050	3027
PRS-CS	2054	3027
PRS-CS	2054	3030
PRS-CS	2056	3030
PRS-CS	2056	3032
PRS-CS	2058	3032
PRS-CS	2058	3035
PRS-CS	2061	3035
PRS-CS	2061	3036
PRS-CS	2063	3036
PRS-CS	2063	3037
PRS-CS	2064	3037
PRS-CS	2064	3038
PRS-CS	2068	3038
PRS-CS	2068	3040
PRS-CS	2074	3040
PRS-CS	2074	3041
PRS-CS	2077	3041
PRS-CS	2077	3042
PRS-CS	2079	3042
PRS-CS	2079	3045
PRS-CS	2080	3045
PRS-CS	2080	3048
PRS-CS	2081	3048
PRS-CS	2081	3049
PRS-CS	2082	3049
PRS-CS	2082	3051
PRS-CS	2084	3051
PRS-CS	2084	3055
PRS-CS	2085	3055
PRS-CS	2085	3057
PRS-CS	2087	3057
PRS-CS	2087	3058
PRS-CS	2092	3058
PRS-CS	2092	3062
PRS-CS	2095	3062
PRS-CS	2095	3068
PRS-CS	2096	3068
PRS-CS	2096	3069
PRS-CS	2101	3069
PRS-CS	2101	3070
PRS-CS	2102	3070
PRS-CS	2102	3073
PRS-CS	2106	3073
PRS-CS	2106	3075
PRS-CS	2107	3075
PRS-CS	2107	3077
PRS-CS	2109	3077
PRS-CS	2109	3079
PRS-CS	2110	3079
PRS-CS	2110	3080
PRS-CS	2114	3080
PRS-CS	2114	3081
PRS-CS	2116	3081
PRS-CS	2116	3084
PRS-CS	2119	3084
PRS-CS	2119	3087
PRS-CS	2120	3087
PRS-CS	2120	3089
PRS-CS	2121	3089
PRS-CS	2121	3090
PRS-CS	2127	3090
PRS-CS	2127	3091
PRS-CS	2132	3091
PRS-CS	2132	3092
PRS-CS	2135	3092
PRS-CS	2135	3095
PRS-CS	2139	3095
PRS-CS	2139	3096
PRS-CS	2141	3096
PRS-CS	2141	3097
PRS-CS	2149	3097
PRS-CS	2149	3098
PRS-CS	2152	3098
PRS-CS	2152	3099
PRS-CS	2155	3099
PRS-CS	2155	3100
PRS-CS	2156	3100
PRS-CS	2156	3102
PRS-CS	2159	3102
PRS-CS	2159	3103
PRS-CS	2163	3103
PRS-CS	2163	3104
PRS-CS	2167	3104
PRS-CS	2167	3105
PRS-CS	2170	3105
PRS-CS	2170	3106
PRS-CS	2176	3106
PRS-CS	2176	3108
PRS-CS	2187	3108
PRS-CS	2187	3110
PRS-CS	2189	3110
PRS-CS	2189	3112
PRS-CS	2191	3112
PRS-CS	2191	3113
PRS-CS	2192	3113
PRS-CS	2192	3114
PRS-CS	2193	3114
PRS-CS	2193	3117
PRS-CS	2201	3117
PRS-CS	2201	3119
PRS-CS	2202	3119
PRS-CS	2202	3120
PRS-CS	2205	3120
PRS-CS	2205	3121
PRS-CS	2208	3121
PRS-CS	2208	3123
PRS-CS	2209	3123
PRS-CS	2209	3124
PRS-CS	2210	3124
PRS-CS	2210	3125
PRS-CS	2211	3125
PRS-CS	2211	3129
PRS-CS	2212	3129
PRS-CS	2212	3131
PRS-CS	2214	3131
PRS-CS	2214	3134
PRS-CS	2218	3134
PRS-CS	2218	3137
PRS-CS	2219	3137
PRS-CS	2219	3139
PRS-CS	2222	3139
PRS-CS	2222	3140
PRS-CS	2224	3140
PRS-CS	2224	3145
PRS-CS	2225	3145
PRS-CS	2225	3146
PRS-CS	2226	3146
PRS-CS	2226	3147
PRS-CS	2227	3147
PRS-CS	2227	3148
PRS-CS	2228	3148
PRS-CS	2228	3149
PRS-CS	2229	3149
PRS-CS	2229	3150
PRS-CS	2231	3150
PRS-CS	2231	3154
PRS-CS	2232	3154
PRS-CS	2232	3156
PRS-CS	2234	3156
PRS-CS	2234	3157
PRS-CS	2244	3157
PRS-CS	2244	3160
PRS-CS	2245	3160
PRS-CS	2245	3162
PRS-CS	2246	3162
PRS-CS	2246	3165
PRS-CS	2249	3165
PRS-CS	2249	3166
PRS-CS	2253	3166
PRS-CS	2253	3168
PRS-CS	2254	3168
PRS-CS	2254	3169
PRS-CS	2255	3169
PRS-CS	2255	3170
PRS-CS	2261	3170
PRS-CS	2261	3172
PRS-CS	2262	3172
PRS-CS	2262	3173
PRS-CS	2266	3173
PRS-CS	2266	3175
PRS-CS	2268	3175
PRS-CS	2268	3180
PRS-CS	2273	3180
PRS-CS	2273	3182
PRS-CS	2274	3182
PRS-CS	2274	3186
PRS-CS	2275	3186
PRS-CS	2275	3188
PRS-CS	2276	3188
PRS-CS	2276	3189
PRS-CS	2278	3189
PRS-CS	2278	3190
PRS-CS	2280	3190
PRS-CS	2280	3191
PRS-CS	2282	3191
PRS-CS	2282	3194
PRS-CS	2284	3194
PRS-CS	2284	3195
PRS-CS	2286	3195
PRS-CS	2286	3196
PRS-CS	2288	3196
PRS-CS	2288	3197
PRS-CS	2291	3197
PRS-CS	2291	3198
PRS-CS	2299	3198
PRS-CS	2299	3203
PRS-CS	2300	3203
PRS-CS	2300	3206
PRS-CS	2304	3206
PRS-CS	2304	3208
PRS-CS	2312	3208
PRS-CS	2312	3209
PRS-CS	2313	3209
PRS-CS	2313	3210
PRS-CS	2315	3210
PRS-CS	2315	3211
PRS-CS	2317	3211
PRS-CS	2317	3212
PRS-CS	2318	3212
PRS-CS	2318	3213
PRS-CS	2321	3213
PRS-CS	2321	3214
PRS-CS	2324	3214
PRS-CS	2324	3217
PRS-CS	2328	3217
PRS-CS	2328	3218
PRS-CS	2330	3218
PRS-CS	2330	3221
PRS-CS	2339	3221
PRS-CS	2339	3222
PRS-CS	2340	3222
PRS-CS	2340	3224
PRS-CS	2341	3224
PRS-CS	2341	3226
PRS-CS	2345	3226
PRS-CS	2345	3227
PRS-CS	2347	3227
PRS-CS	2347	3231
PRS-CS	2348	3231
PRS-CS	2348	3233
PRS-CS	2350	3233
PRS-CS	2350	3238
PRS-CS	2351	3238
PRS-CS	2351	3239
PRS-CS	2354	3239
PRS-CS	2354	3240
PRS-CS	2355	3240
PRS-CS	2355	3242
PRS-CS	2362	3242
PRS-CS	2362	3245
PRS-CS	2363	3245
PRS-CS	2363	3246
PRS-CS	2364	3246
PRS-CS	2364	3247
PRS-CS	2367	3247
PRS-CS	2367	3251
PRS-CS	2370	3251
PRS-CS	2370	3253
PRS-CS	2373	3253
PRS-CS	2373	3254
PRS-CS	2378	3254
PRS-CS	2378	3256
PRS-CS	2379	3256
PRS-CS	2379	3259
PRS-CS	2380	3259
PRS-CS	2380	3262
PRS-CS	2382	3262
PRS-CS	2382	3263
PRS-CS	2384	3263
PRS-CS	2384	3264
PRS-CS	2388	3264
PRS-CS	2388	3265
PRS-CS	2389	3265
PRS-CS	2389	3266
PRS-CS	2390	3266
PRS-CS	2390	3269
PRS-CS	2396	3269
PRS-CS	2396	3274
PRS-CS	2398	3274
PRS-CS	2398	3275
PRS-CS	2407	3275
PRS-CS	2407	3276
PRS-CS	2411	3276
PRS-CS	2411	3277
PRS-CS	2413	3277
PRS-CS	2413	3279
PRS-CS	2414	3279
PRS-CS	2414	3280
PRS-CS	2415	3280
PRS-CS	2415	3281
PRS-CS	2417	3281
PRS-CS	2417	3288
PRS-CS	2418	3288
PRS-CS	2418	3289
PRS-CS	2420	3289
PRS-CS	2420	3290
PRS-CS	2422	3290
PRS-CS	2422	3292
PRS-CS	2424	3292
PRS-CS	2424	3294
PRS-CS	2427	3294
PRS-CS	2427	3295
PRS-CS	2430	3295
PRS-CS	2430	3297
PRS-CS	2431	3297
PRS-CS	2431	3299
PRS-CS	2432	3299
PRS-CS	2432	3306
PRS-CS	2434	3306
PRS-CS	2434	3309
PRS-CS	2438	3309
PRS-CS	2438	3310
PRS-CS	2439	3310
PRS-CS	2439	3312
PRS-CS	2440	3312
PRS-CS	2440	3313
PRS-CS	2444	3313
PRS-CS	2444	3314
PRS-CS	2450	3314
PRS-CS	2450	3316
PRS-CS	2452	3316
PRS-CS	2452	3317
PRS-CS	2453	3317
PRS-CS	2453	3319
PRS-CS	2455	3319
PRS-CS	2455	3320
PRS-CS	2459	3320
PRS-CS	2459	3321
PRS-CS	2460	3321
PRS-CS	2460	3322
PRS-CS	2463	3322
PRS-CS	2463	3324
PRS-CS	2464	3324
PRS-CS	2464	3325
PRS-CS	2473	3325
PRS-CS	2473	3327
PRS-CS	2476	3327
PRS-CS	2476	3328
PRS-CS	2480	3328
PRS-CS	2480	3329
PRS-CS	2481	3329
PRS-CS	2481	3330
PRS-CS	2483	3330
PRS-CS	2483	3334
PRS-CS	2485	3334
PRS-CS	2485	3337
PRS-CS	2486	3337
PRS-CS	2486	3338
PRS-CS	2488	3338
PRS-CS	2488	3339
PRS-CS	2489	3339
PRS-CS	2489	3342
PRS-CS	2490	3342
PRS-CS	2490	3345
PRS-CS	2491	3345
PRS-CS	2491	3346
PRS-CS	2493	3346
PRS-CS	2493	3347
PRS-CS	2495	3347
PRS-CS	2495	3350
PRS-CS	2496	3350
PRS-CS	2496	3351
PRS-CS	2499	3351
PRS-CS	2499	3352
PRS-CS	2500	3352
PRS-CS	2500	3353
PRS-CS	2503	3353
PRS-CS	2503	3354
PRS-CS	2504	3354
PRS-CS	2504	3356
PRS-CS	2505	3356
PRS-CS	2505	3357
PRS-CS	2506	3357
PRS-CS	2506	3358
PRS-CS	2509	3358
PRS-CS	2509	3360
PRS-CS	2517	3360
PRS-CS	2517	3361
PRS-CS	2518	3361
PRS-CS	2518	3362
PRS-CS	2522	3362
PRS-CS	2522	3363
PRS-CS	2523	3363
PRS-CS	2523	3364
PRS-CS	2524	3364
PRS-CS	2524	3365
PRS-CS	2525	3365
PRS-CS	2525	3367
PRS-CS	2529	3367
PRS-CS	2529	3368
PRS-CS	2535	3368
PRS-CS	2535	3370
PRS-CS	2537	3370
PRS-CS	2537	3371
PRS-CS	2538	3371
PRS-CS	2538	3374
PRS-CS	2541	3374
PRS-CS	2541	3376
PRS-CS	2542	3376
PRS-CS	2542	3377
PRS-CS	2548	3377
PRS-CS	2548	3378
PRS-CS	2549	3378
PRS-CS	2549	3381
PRS-CS	2552	3381
PRS-CS	2552	3383
PRS-CS	2554	3383
PRS-CS	2554	3385
PRS-CS	2558	3385
PRS-CS	2558	3386
PRS-CS	2561	3386
PRS-CS	2561	3388
PRS-CS	2563	3388
PRS-CS	2563	3389
PRS-CS	2565	3389
PRS-CS	2565	3390
PRS-CS	2566	3390
PRS-CS	2566	3392
PRS-CS	2572	3392
PRS-CS	2572	3393
PRS-CS	2575	3393
PRS-CS	2575	3394
PRS-CS	2576	3394
PRS-CS	2576	3395
PRS-CS	2577	3395
PRS-CS	2577	3396
PRS-CS	2583	3396
PRS-CS	2583	3400
PRS-CS	2588	3400
PRS-CS	2588	3401
PRS-CS	2589	3401
PRS-CS	2589	3402
PRS-CS	2594	3402
PRS-CS	2594	3404
PRS-CS	2596	3404
PRS-CS	2596	3405
PRS-CS	2599	3405
PRS-CS	2599	3408
PRS-CS	2604	3408
PRS-CS	2604	3410
PRS-CS	2606	3410
PRS-CS	2606	3411
PRS-CS	2608	3411
PRS-CS	2608	3412
PRS-CS	2614	3412
PRS-CS	2614	3413
PRS-CS	2615	3413
PRS-CS	2615	3414
PRS-CS	2616	3414
PRS-CS	2616	3415
PRS-CS	2620	3415
PRS-CS	2620	3416
PRS-CS	2629	3416
PRS-CS	2629	3417
PRS-CS	2630	3417
PRS-CS	2630	3418
PRS-CS	2631	3418
PRS-CS	2631	3421
PRS-CS	2632	3421
PRS-CS	2632	3422
PRS-CS	2636	3422
PRS-CS	2636	3424
PRS-CS	2642	3424
PRS-CS	2642	3425
PRS-CS	2647	3425
PRS-CS	2647	3427
PRS-CS	2649	3427
PRS-CS	2649	3428
PRS-CS	2650	3428
PRS-CS	2650	3429
PRS-CS	2652	3429
PRS-CS	2652	3431
PRS-CS	2654	3431
PRS-CS	2654	3433
PRS-CS	2659	3433
PRS-CS	2659	3434
PRS-CS	2661	3434
PRS-CS	2661	3435
PRS-CS	2663	3435
PRS-CS	2663	3437
PRS-CS	2664	3437
PRS-CS	2664	3438
PRS-CS	2676	3438
PRS-CS	2676	3440
PRS-CS	2679	3440
PRS-CS	2679	3441
PRS-CS	2681	3441
PRS-CS	2681	3442
PRS-CS	2682	3442
PRS-CS	2682	3444
PRS-CS	2687	3444
PRS-CS	2687	3445
PRS-CS	2689	3445
PRS-CS	2689	3446
PRS-CS	2690	3446
PRS-CS	2690	3447
PRS-CS	2692	3447
PRS-CS	2692	3452
PRS-CS	2699	3452
PRS-CS	2699	3453
PRS-CS	2701	3453
PRS-CS	2701	3454
PRS-CS	2703	3454
PRS-CS	2703	3455
PRS-CS	2704	3455
PRS-CS	2704	3457
PRS-CS	2705	3457
PRS-CS	2705	3458
PRS-CS	2707	3458
PRS-CS	2707	3459
PRS-CS	2711	3459
PRS-CS	2711	3460
PRS-CS	2714	3460
PRS-CS	2714	3461
PRS-CS	2716	3461
PRS-CS	2716	3462
PRS-CS	2720	3462
PRS-CS	2720	3463
PRS-CS	2723	3463
PRS-CS	2723	3465
PRS-CS	2726	3465
PRS-CS	2726	3467
PRS-CS	2729	3467
PRS-CS	2729	3468
PRS-CS	2733	3468
PRS-CS	2733	3469
PRS-CS	2748	3469
PRS-CS	2748	3470
PRS-CS	2752	3470
PRS-CS	2752	3472
PRS-CS	2754	3472
PRS-CS	2754	3474
PRS-CS	2763	3474
PRS-CS	2763	3476
PRS-CS	2769	3476
PRS-CS	2769	3477
PRS-CS	2772	3477
PRS-CS	2772	3478
PRS-CS	2773	3478
PRS-CS	2773	3479
PRS-CS	2774	3479
PRS-CS	2774	3481
PRS-CS	2776	3481
PRS-CS	2776	3486
PRS-CS	2777	3486
PRS-CS	2777	3487
PRS-CS	2778	3487
PRS-CS	2778	3488
PRS-CS	2782	3488
PRS-CS	2782	3493
PRS-CS	2783	3493
PRS-CS	2783	3494
PRS-CS	2787	3494
PRS-CS	2787	3496
PRS-CS	2791	3496
PRS-CS	2791	3497
PRS-CS	2793	3497
PRS-CS	2793	3499
PRS-CS	2794	3499
PRS-CS	2794	3501
PRS-CS	2799	3501
PRS-CS	2799	3503
PRS-CS	2809	3503
PRS-CS	2809	3504
PRS-CS	2810	3504
PRS-CS	2810	3505
PRS-CS	2812	3505
PRS-CS	2812	3506
PRS-CS	2816	3506
PRS-CS	2816	3509
PRS-CS	2817	3509
PRS-CS	2817	3516
PRS-CS	2820	3516
PRS-CS	2820	3517
PRS-CS	2822	3517
PRS-CS	2822	3518
PRS-CS	2823	3518
PRS-CS	2823	3519
PRS-CS	2826	3519
PRS-CS	2826	3520
PRS-CS	2827	3520
PRS-CS	2827	3522
PRS-CS	2829	3522
PRS-CS	2829	3523
PRS-CS	2832	3523
PRS-CS	2832	3524
PRS-CS	2835	3524
PRS-CS	2835	3526
PRS-CS	2836	3526
PRS-CS	2836	3527
PRS-CS	2837	3527
PRS-CS	2837	3529
PRS-CS	2838	3529
PRS-CS	2838	3530
PRS-CS	2841	3530
PRS-CS	2841	3531
PRS-CS	2844	3531
PRS-CS	2844	3532
PRS-CS	2846	3532
PRS-CS	2846	3533
PRS-CS	2848	3533
PRS-CS	2848	3534
PRS-CS	2851	3534
PRS-CS	2851	3538
PRS-CS	2853	3538
PRS-CS	2853	3539
PRS-CS	2855	3539
PRS-CS	2855	3540
PRS-CS	2856	3540
PRS-CS	2856	3541
PRS-CS	2862	3541
PRS-CS	2862	3542
PRS-CS	2863	3542
PRS-CS	2863	3543
PRS-CS	2865	3543
PRS-CS	2865	3544
PRS-CS	2867	3544
PRS-CS	2867	3545
PRS-CS	2869	3545
PRS-CS	2869	3547
PRS-CS	2875	3547
PRS-CS	2875	3548
PRS-CS	2878	3548
PRS-CS	2878	3551
PRS-CS	2880	3551
PRS-CS	2880	3552
PRS-CS	2885	3552
PRS-CS	2885	3555
PRS-CS	2886	3555
PRS-CS	2886	3558
PRS-CS	2887	3558
PRS-CS	2887	3559
PRS-CS	2890	3559
PRS-CS	2890	3560
PRS-CS	2895	3560
PRS-CS	2895	3561
PRS-CS	2900	3561
PRS-CS	2900	3562
PRS-CS	2901	3562
PRS-CS	2901	3563
PRS-CS	2902	3563
PRS-CS	2902	3564
PRS-CS	2904	3564
PRS-CS	2904	3565
PRS-CS	2905	3565
PRS-CS	2905	3566
PRS-CS	2906	3566
PRS-CS	2906	3567
PRS-CS	2907	3567
PRS-CS	2907	3568
PRS-CS	2911	3568
PRS-CS	2911	3571
PRS-CS	2914	3571
PRS-CS	2914	3572
PRS-CS	2916	3572
PRS-CS	2916	3573
PRS-CS	2917	3573
PRS-CS	2917	3578
PRS-CS	2921	3578
PRS-CS	2921	3579
PRS-CS	2922	3579
PRS-CS	2922	3580
PRS-CS	2925	3580
PRS-CS	2925	3582
PRS-CS	2926	3582
PRS-CS	2926	3583
PRS-CS	2931	3583
PRS-CS	2931	3584
PRS-CS	2939	3584
PRS-CS	2939	3585
PRS-CS	2940	3585
PRS-CS	2940	3586
PRS-CS	2944	3586
PRS-CS	2944	3589
PRS-CS	2947	3589
PRS-CS	2947	3591
PRS-CS	2953	3591
PRS-CS	2953	3592
PRS-CS	2954	3592
PRS-CS	2954	3593
PRS-CS	2956	3593
PRS-CS	2956	3596
PRS-CS	2957	3596
PRS-CS	2957	3598
PRS-CS	2959	3598
PRS-CS	2959	3599
PRS-CS	2967	3599
PRS-CS	2967	3601
PRS-CS	2969	3601
PRS-CS	2969	3602
PRS-CS	2970	3602
PRS-CS	2970	3603
PRS-CS	2972	3603
PRS-CS	2972	3605
PRS-CS	2974	3605
PRS-CS	2974	3606
PRS-CS	2981	3606
PRS-CS	2981	3608
PRS-CS	2985	3608
PRS-CS	2985	3609
PRS-CS	2988	3609
PRS-CS	2988	3611
PRS-CS	2989	3611
PRS-CS	2989	3612
PRS-CS	2990	3612
PRS-CS	2990	3613
PRS-CS	2991	3613
PRS-CS	2991	3614
PRS-CS	2995	3614
PRS-CS	2995	3615
PRS-CS	2998	3615
PRS-CS	2998	3616
PRS-CS	3000	3616
PRS-CS	3000	3618
PRS-CS	3001	3618
PRS-CS	3001	3621
PRS-CS	3003	3621
PRS-CS	3003	3622
PRS-CS	3005	3622
PRS-CS	3005	3623
PRS-CS	3006	3623
PRS-CS	3006	3627
PRS-CS	3007	3627
PRS-CS	3007	3628
PRS-CS	3009	3628
PRS-CS	3009	3629
PRS-CS	3012	3629
PRS-CS	3012	3630
PRS-CS	3013	3630
PRS-CS	3013	3631
PRS-CS	3016	3631
PRS-CS	3016	3632
PRS-CS	3017	3632
PRS-CS	3017	3635
PRS-CS	3022	3635
PRS-CS	3022	3636
PRS-CS	3024	3636
PRS-CS	3024	3637
PRS-CS	3025	3637
PRS-CS	3025	3638
PRS-CS	3031	3638
PRS-CS	3031	3642
PRS-CS	3039	3642
PRS-CS	3039	3643
PRS-CS	3040	3643
PRS-CS	3040	3644
PRS-CS	3042	3644
PRS-CS	3042	3645
PRS-CS	3050	3645
PRS-CS	3050	3646
PRS-CS	3056	3646
PRS-CS	3056	3649
PRS-CS	3060	3649
PRS-CS	3060	3650
PRS-CS	3064	3650
PRS-CS	3064	3651
PRS-CS	3065	3651
PRS-CS	3065	3652
PRS-CS	3068	3652
PRS-CS	3068	3653
PRS-CS	3069	3653
PRS-CS	3069	3654
PRS-CS	3074	3654
PRS-CS	3074	3655
PRS-CS	3075	3655
PRS-CS	3075	3656
PRS-CS	3076	3656
PRS-CS	3076	3658
PRS-CS	3077	3658
PRS-CS	3077	3659
PRS-CS	3081	3659
PRS-CS	3081	3660
PRS-CS	3083	3660
PRS-CS	3083	3662
PRS-CS	3084	3662
PRS-CS	3084	3664
PRS-CS	3085	3664
PRS-CS	3085	3666
PRS-CS	3089	3666
PRS-CS	3089	3668
PRS-CS	3096	3668
PRS-CS	3096	3674
PRS-CS	3097	3674
PRS-CS	3097	3676
PRS-CS	3099	3676
PRS-CS	3099	3677
PRS-CS	3104	3677
PRS-CS	3104	3678
PRS-CS	3105	3678
PRS-CS	3105	3679
PRS-CS	3106	3679
PRS-CS	3106	3680
PRS-CS	3107	3680
PRS-CS	3107	3681
PRS-CS	3109	3681
PRS-CS	3109	3687
PRS-CS	3114	3687
PRS-CS	3114	3688
PRS-CS	3115	3688
PRS-CS	3115	3689
PRS-CS	3116	3689
PRS-CS	3116	3691
PRS-CS	3120	3691
PRS-CS	3120	3692
PRS-CS	3122	3692
PRS-CS	3122	3693
PRS-CS	3123	3693
PRS-CS	3123	3694
PRS-CS	3124	3694
PRS-CS	3124	3695
PRS-CS	3128	3695
PRS-CS	3128	3696
PRS-CS	3129	3696
PRS-CS	3129	3697
PRS-CS	3132	3697
PRS-CS	3132	3698
PRS-CS	3133	3698
PRS-CS	3133	3699
PRS-CS	3138	3699
PRS-CS	3138	3701
PRS-CS	3144	3701
PRS-CS	3144	3702
PRS-CS	3148	3702
PRS-CS	3148	3705
PRS-CS	3149	3705
PRS-CS	3149	3708
PRS-CS	3150	3708
PRS-CS	3150	3709
PRS-CS	3153	3709
PRS-CS	3153	3711
PRS-CS	3159	3711
PRS-CS	3159	3712
PRS-CS	3164	3712
PRS-CS	3164	3713
PRS-CS	3165	3713
PRS-CS	3165	3714
PRS-CS	3171	3714
PRS-CS	3171	3715
PRS-CS	3173	3715
PRS-CS	3173	3716
PRS-CS	3187	3716
PRS-CS	3187	3717
PRS-CS	3188	3717
PRS-CS	3188	3720
PRS-CS	3191	3720
PRS-CS	3191	3722
PRS-CS	3192	3722
PRS-CS	3192	3725
PRS-CS	3200	3725
PRS-CS	3200	3726
PRS-CS	3202	3726
PRS-CS	3202	3727
PRS-CS	3204	3727
PRS-CS	3204	3728
PRS-CS	3208	3728
PRS-CS	3208	3729
PRS-CS	3212	3729
PRS-CS	3212	3730
PRS-CS	3222	3730
PRS-CS	3222	3731
PRS-CS	3224	3731
PRS-CS	3224	3732
PRS-CS	3225	3732
PRS-CS	3225	3733
PRS-CS	3230	3733
PRS-CS	3230	3736
PRS-CS	3233	3736
PRS-CS	3233	3737
PRS-CS	3235	3737
PRS-CS	3235	3738
PRS-CS	3237	3738
PRS-CS	3237	3739
PRS-CS	3249	3739
PRS-CS	3249	3740
PRS-CS	3253	3740
PRS-CS	3253	3741
PRS-CS	3258	3741
PRS-CS	3258	3742
PRS-CS	3262	3742
PRS-CS	3262	3743
PRS-CS	3265	3743
PRS-CS	3265	3744
PRS-CS	3266	3744
PRS-CS	3266	3746
PRS-CS	3267	3746
PRS-CS	3267	3747
PRS-CS	3270	3747
PRS-CS	3270	3748
PRS-CS	3272	3748
PRS-CS	3272	3749
PRS-CS	3274	3749
PRS-CS	3274	3751
PRS-CS	3275	3751
PRS-CS	3275	3752
PRS-CS	3276	3752
PRS-CS	3276	3755
PRS-CS	3281	3755
PRS-CS	3281	3756
PRS-CS	3282	3756
PRS-CS	3282	3757
PRS-CS	3285	3757
PRS-CS	3285	3758
PRS-CS	3287	3758
PRS-CS	3287	3759
PRS-CS	3288	3759
PRS-CS	3288	3762
PRS-CS	3291	3762
PRS-CS	3291	3763
PRS-CS	3292	3763
PRS-CS	3292	3765
PRS-CS	3295	3765
PRS-CS	3295	3767
PRS-CS	3299	3767
PRS-CS	3299	3770
PRS-CS	3304	3770
PRS-CS	3304	3772
PRS-CS	3307	3772
PRS-CS	3307	3773
PRS-CS	3312	3773
PRS-CS	3312	3774
PRS-CS	3315	3774
PRS-CS	3315	3775
PRS-CS	3318	3775
PRS-CS	3318	3776
PRS-CS	3321	3776
PRS-CS	3321	3777
PRS-CS	3324	3777
PRS-CS	3324	3778
PRS-CS	3325	3778
PRS-CS	3325	3780
PRS-CS	3327	3780
PRS-CS	3327	3781
PRS-CS	3333	3781
PRS-CS	3333	3782
PRS-CS	3334	3782
PRS-CS	3334	3783
PRS-CS	3336	3783
PRS-CS	3336	3784
PRS-CS	3337	3784
PRS-CS	3337	3786
PRS-CS	3338	3786
PRS-CS	3338	3788
PRS-CS	3339	3788
PRS-CS	3339	3789
PRS-CS	3341	3789
PRS-CS	3341	3790
PRS-CS	3343	3790
PRS-CS	3343	3791
PRS-CS	3346	3791
PRS-CS	3346	3792
PRS-CS	3347	3792
PRS-CS	3347	3793
PRS-CS	3348	3793
PRS-CS	3348	3794
PRS-CS	3349	3794
PRS-CS	3349	3795
PRS-CS	3356	3795
PRS-CS	3356	3796
PRS-CS	3357	3796
PRS-CS	3357	3797
PRS-CS	3358	3797
PRS-CS	3358	3798
PRS-CS	3359	3798
PRS-CS	3359	3799
PRS-CS	3361	3799
PRS-CS	3361	3800
PRS-CS	3368	3800
PRS-CS	3368	3802
PRS-CS	3369	3802
PRS-CS	3369	3803
PRS-CS	3370	3803
PRS-CS	3370	3804
PRS-CS	3372	3804
PRS-CS	3372	3805
PRS-CS	3378	3805
PRS-CS	3378	3808
PRS-CS	3381	3808
PRS-CS	3381	3809
PRS-CS	3385	3809
PRS-CS	3385	3811
PRS-CS	3388	3811
PRS-CS	3388	3812
PRS-CS	3389	3812
PRS-CS	3389	3813
PRS-CS	3391	3813
PRS-CS	3391	3815
PRS-CS	3393	3815
PRS-CS	3393	3816
PRS-CS	3400	3816
PRS-CS	3400	3818
PRS-CS	3403	3818
PRS-CS	3403	3819
PRS-CS	3408	3819
PRS-CS	3408	3820
PRS-CS	3409	3820
PRS-CS	3409	3821
PRS-CS	3410	3821
PRS-CS	3410	3822
PRS-CS	3411	3822
PRS-CS	3411	3824
PRS-CS	3412	3824
PRS-CS	3412	3825
PRS-CS	3422	3825
PRS-CS	3422	3828
PRS-CS	3430	3828
PRS-CS	3430	3830
PRS-CS	3432	3830
PRS-CS	3432	3831
PRS-CS	3433	3831
PRS-CS	3433	3832
PRS-CS	3435	3832
PRS-CS	3435	3834
PRS-CS	3437	3834
PRS-CS	3437	3835
PRS-CS	3440	3835
PRS-CS	3440	3837
PRS-CS	3442	3837
PRS-CS	3442	3839
PRS-CS	3443	3839
PRS-CS	3443	3840
PRS-CS	3444	3840
PRS-CS	3444	3841
PRS-CS	3449	3841
PRS-CS	3449	3842
PRS-CS	3450	3842
PRS-CS	3450	3843
PRS-CS	3466	3843
PRS-CS	3466	3844
PRS-CS	3467	3844
PRS-CS	3467	3845
PRS-CS	3469	3845
PRS-CS	3469	3846
PRS-CS	3470	3846
PRS-CS	3470	3847
PRS-CS	3475	3847
PRS-CS	3475	3849
PRS-CS	3478	3849
PRS-CS	3478	3851
PRS-CS	3479	3851
PRS-CS	3479	3852
PRS-CS	3481	3852
PRS-CS	3481	3853
PRS-CS	3490	3853
PRS-CS	3490	3854
PRS-CS	3493	3854
PRS-CS	3493	3855
PRS-CS	3494	3855
PRS-CS	3494	3858
PRS-CS	3497	3858
PRS-CS	3497	3859
PRS-CS	3505	3859
PRS-CS	3505	3866
PRS-CS	3508	3866
PRS-CS	3508	3870
PRS-CS	3509	3870
PRS-CS	3509	3872
PRS-CS	3513	3872
PRS-CS	3513	3874
PRS-CS	3517	3874
PRS-CS	3517	3876
PRS-CS	3522	3876
PRS-CS	3522	3877
PRS-CS	3530	3877
PRS-CS	3530	3879
PRS-CS	3531	3879
PRS-CS	3531	3880
PRS-CS	3532	3880
PRS-CS	3532	3882
PRS-CS	3534	3882
PRS-CS	3534	3883
PRS-CS	3538	3883
PRS-CS	3538	3884
PRS-CS	3542	3884
PRS-CS	3542	3886
PRS-CS	3544	3886
PRS-CS	3544	3889
PRS-CS	3554	3889
PRS-CS	3554	3890
PRS-CS	3556	3890
PRS-CS	3556	3891
PRS-CS	3559	3891
PRS-CS	3559	3892
PRS-CS	3562	3892
PRS-CS	3562	3893
PRS-CS	3567	3893
PRS-CS	3567	3894
PRS-CS	3568	3894
PRS-CS	3568	3895
PRS-CS	3571	3895
PRS-CS	3571	3896
PRS-CS	3572	3896
PRS-CS	3572	3897
PRS-CS	3573	3897
PRS-CS	3573	3898
PRS-CS	3574	3898
PRS-CS	3574	3899
PRS-CS	3576	3899
PRS-CS	3576	3900
PRS-CS	3578	3900
PRS-CS	3578	3901
PRS-CS	3579	3901
PRS-CS	3579	3905
PRS-CS	3580	3905
PRS-CS	3580	3906
PRS-CS	3583	3906
PRS-CS	3583	3908
PRS-CS	3589	3908
PRS-CS	3589	3909
PRS-CS	3593	3909
PRS-CS	3593	3911
PRS-CS	3596	3911
PRS-CS	3596	3913
PRS-CS	3599	3913
PRS-CS	3599	3914
PRS-CS	3601	3914
PRS-CS	3601	3916
PRS-CS	3604	3916
PRS-CS	3604	3917
PRS-CS	3608	3917
PRS-CS	3608	3918
PRS-CS	3612	3918
PRS-CS	3612	3919
PRS-CS	3617	3919
PRS-CS	3617	3920
PRS-CS	3623	3920
PRS-CS	3623	3921
PRS-CS	3629	3921
PRS-CS	3629	3922
PRS-CS	3631	3922
PRS-CS	3631	3923
PRS-CS	3633	3923
PRS-CS	3633	3924
PRS-CS	3634	3924
PRS-CS	3634	3927
PRS-CS	3635	3927
PRS-CS	3635	3930
PRS-CS	3638	3930
PRS-CS	3638	3931
PRS-CS	3640	3931
PRS-CS	3640	3932
PRS-CS	3641	3932
PRS-CS	3641	3933
PRS-CS	3644	3933
PRS-CS	3644	3935
PRS-CS	3645	3935
PRS-CS	3645	3938
PRS-CS	3652	3938
PRS-CS	3652	3939
PRS-CS	3655	3939
PRS-CS	3655	3945
PRS-CS	3667	3945
PRS-CS	3667	3947
PRS-CS	3669	3947
PRS-CS	3669	3948
PRS-CS	3674	3948
PRS-CS	3674	3951
PRS-CS	3677	3951
PRS-CS	3677	3952
PRS-CS	3680	3952
PRS-CS	3680	3953
PRS-CS	3685	3953
PRS-CS	3685	3954
PRS-CS	3688	3954
PRS-CS	3688	3955
PRS-CS	3691	3955
PRS-CS	3691	3956
PRS-CS	3704	3956
PRS-CS	3704	3957
PRS-CS	3705	3957
PRS-CS	3705	3958
PRS-CS	3711	3958
PRS-CS	3711	3959
PRS-CS	3715	3959
PRS-CS	3715	3961
PRS-CS	3716	3961
PRS-CS	3716	3963
PRS-CS	3717	3963
PRS-CS	3717	3964
PRS-CS	3722	3964
PRS-CS	3722	3965
PRS-CS	3724	3965
PRS-CS	3724	3967
PRS-CS	3726	3967
PRS-CS	3726	3968
PRS-CS	3728	3968
PRS-CS	3728	3969
PRS-CS	3740	3969
PRS-CS	3740	3971
PRS-CS	3744	3971
PRS-CS	3744	3973
PRS-CS	3751	3973
PRS-CS	3751	3974
PRS-CS	3752	3974
PRS-CS	3752	3976
PRS-CS	3754	3976
PRS-CS	3754	3978
PRS-CS	3757	3978
PRS-CS	3757	3979
PRS-CS	3760	3979
PRS-CS	3760	3980
PRS-CS	3763	3980
PRS-CS	3763	3981
PRS-CS	3765	3981
PRS-CS	3765	3982
PRS-CS	3766	3982
PRS-CS	3766	3983
PRS-CS	3775	3983
PRS-CS	3775	3984
PRS-CS	3777	3984
PRS-CS	3777	3985
PRS-CS	3783	3985
PRS-CS	3783	3986
PRS-CS	3785	3986
PRS-CS	3785	3987
PRS-CS	3786	3987
PRS-CS	3786	3989
PRS-CS	3788	3989
PRS-CS	3788	3990
PRS-CS	3790	3990
PRS-CS	3790	3991
PRS-CS	3792	3991
PRS-CS	3792	3992
PRS-CS	3801	3992
PRS-CS	3801	3993
PRS-CS	3806	3993
PRS-CS	3806	3994
PRS-CS	3807	3994
PRS-CS	3807	3996
PRS-CS	3810	3996
PRS-CS	3810	3997
PRS-CS	3811	3997
PRS-CS	3811	3998
PRS-CS	3812	3998
PRS-CS	3812	4000
PRS-CS	3819	4000
PRS-CS	3819	4001
PRS-CS	3824	4001
PRS-CS	3824	4002
PRS-CS	3826	4002
PRS-CS	3826	4003
PRS-CS	3832	4003
PRS-CS	3832	4005
PRS-CS	3835	4005
PRS-CS	3835	4006
PRS-CS	3840	4006
PRS-CS	3840	4007
PRS-CS	3841	4007
PRS-CS	3841	4008
PRS-CS	3842	4008
PRS-CS	3842	4009
PRS-CS	3847	4009
PRS-CS	3847	4012
PRS-CS	3854	4012
PRS-CS	3854	4013
PRS-CS	3866	4013
PRS-CS	3866	4014
PRS-CS	3867	4014
PRS-CS	3867	4016
PRS-CS	3872	4016
PRS-CS	3872	4018
PRS-CS	3873	4018
PRS-CS	3873	4020
PRS-CS	3879	4020
PRS-CS	3879	4022
PRS-CS	3880	4022
PRS-CS	3880	4024
PRS-CS	3881	4024
PRS-CS	3881	4025
PRS-CS	3885	4025
PRS-CS	3885	4026
PRS-CS	3891	4026
PRS-CS	3891	4027
PRS-CS	3893	4027
PRS-CS	3893	4028
PRS-CS	3898	4028
PRS-CS	3898	4030
PRS-CS	3901	4030
PRS-CS	3901	4034
PRS-CS	3902	4034
PRS-CS	3902	4035
PRS-CS	3903	4035
PRS-CS	3903	4036
PRS-CS	3904	4036
PRS-CS	3904	4037
PRS-CS	3907	4037
PRS-CS	3907	4038
PRS-CS	3912	4038
PRS-CS	3912	4039
PRS-CS	3918	4039
PRS-CS	3918	4040
PRS-CS	3923	4040
PRS-CS	3923	4041
PRS-CS	3928	4041
PRS-CS	3928	4043
PRS-CS	3929	4043
PRS-CS	3929	4044
PRS-CS	3932	4044
PRS-CS	3932	4045
PRS-CS	3933	4045
PRS-CS	3933	4046
PRS-CS	3937	4046
PRS-CS	3937	4047
PRS-CS	3940	4047
PRS-CS	3940	4048
PRS-CS	3943	4048
PRS-CS	3943	4049
PRS-CS	3948	4049
PRS-CS	3948	4051
PRS-CS	3954	4051
PRS-CS	3954	4053
PRS-CS	3956	4053
PRS-CS	3956	4054
PRS-CS	3957	4054
PRS-CS	3957	4057
PRS-CS	3961	4057
PRS-CS	3961	4058
PRS-CS	3964	4058
PRS-CS	3964	4059
PRS-CS	3965	4059
PRS-CS	3965	4062
PRS-CS	3967	4062
PRS-CS	3967	4063
PRS-CS	3968	4063
PRS-CS	3968	4065
PRS-CS	3969	4065
PRS-CS	3969	4066
PRS-CS	3971	4066
PRS-CS	3971	4067
PRS-CS	3976	4067
PRS-CS	3976	4068
PRS-CS	3977	4068
PRS-CS	3977	4069
PRS-CS	3980	4069
PRS-CS	3980	4070
PRS-CS	3981	4070
PRS-CS	3981	4072
PRS-CS	3982	4072
PRS-CS	3982	4074
PRS-CS	3984	4074
PRS-CS	3984	4075
PRS-CS	3988	4075
PRS-CS	3988	4076
PRS-CS	3995	4076
PRS-CS	3995	4077
PRS-CS	3997	4077
PRS-CS	3997	4078
PRS-CS	4003	4078
PRS-CS	4003	4079
PRS-CS	4007	4079
PRS-CS	4007	4080
PRS-CS	4010	4080
PRS-CS	4010	4082
PRS-CS	4012	4082
PRS-CS	4012	4083
PRS-CS	4013	4083
PRS-CS	4013	4085
PRS-CS	4015	4085
PRS-CS	4015	4086
PRS-CS	4017	4086
PRS-CS	4017	4087
PRS-CS	4019	4087
PRS-CS	4019	4088
PRS-CS	4022	4088
PRS-CS	4022	4091
PRS-CS	4024	4091
PRS-CS	4024	4092
PRS-CS	4027	4092
PRS-CS	4027	4093
PRS-CS	4028	4093
PRS-CS	4028	4094
PRS-CS	4030	4094
PRS-CS	4030	4095
PRS-CS	4033	4095
PRS-CS	4033	4097
PRS-CS	4034	4097
PRS-CS	4034	4099
PRS-CS	4038	4099
PRS-CS	4038	4100
PRS-CS	4041	4100
PRS-CS	4041	4101
PRS-CS	4050	4101
PRS-CS	4050	4102
PRS-CS	4057	4102
PRS-CS	4057	4104
PRS-CS	4062	4104
PRS-CS	4062	4105
PRS-CS	4063	4105
PRS-CS	4063	4106
PRS-CS	4069	4106
PRS-CS	4069	4108
PRS-CS	4078	4108
PRS-CS	4078	4109
PRS-CS	4082	4109
PRS-CS	4082	4110
PRS-CS	4083	4110
PRS-CS	4083	4112
PRS-CS	4091	4112
PRS-CS	4091	4113
PRS-CS	4095	4113
PRS-CS	4095	4114
PRS-CS	4097	4114
PRS-CS	4097	4115
PRS-CS	4100	4115
PRS-CS	4100	4117
PRS-CS	4101	4117
PRS-CS	4101	4118
PRS-CS	4104	4118
PRS-CS	4104	4119
PRS-CS	4110	4119
PRS-CS	4110	4120
PRS-CS	4114	4120
PRS-CS	4114	4121
PRS-CS	4115	4121
PRS-CS	4115	4123
PRS-CS	4124	4123
PRS-CS	4124	4124
LDpred2	0	0
LDpred2	0	1
LDpred2	0	10
LDpred2	1	10
LDpred2	1	12
LDpred2	2	12
LDpred2	2	16
LDpred2	3	16
LDpred2	3	17
LDpred2	4	17
LDpred2	4	27
LDpred2	5	27
LDpred2	5	32
LDpred2	6	32
LDpred2	6	33
LDpred2	8	33
LDpred2	8	35
LDpred2	9	35
LDpred2	9	47
LDpred2	10	47
LDpred2	10	48
LDpred2	11	48
LDpred2	11	57
LDpred2	12	57
LDpred2	12	58
LDpred2	13	58
LDpred2	13	61
LDpred2	14	61
LDpred2	14	68
LDpred2	15	68
LDpred2	15	88
LDpred2	16	88
LDpred2	16	92
LDpred2	17	92
LDpred2	17	94
LDpred2	18	94
LDpred2	18	98
LDpred2	20	98
LDpred2	20	101
LDpred2	21	101
LDpred2	21	112
LDpred2	23	112
LDpred2	23	121
LDpred2	24	121
LDpred2	24	132
LDpred2	25	132
LDpred2	25	158
LDpred2	26	158
LDpred2	26	159
LDpred2	27	159
LDpred2	27	161
LDpred2	29	161
LDpred2	29	162
LDpred2	30	162
LDpred2	30	168
LDpred2	31	168
LDpred2	31	170
LDpred2	32	170
LDpred2	32	178
LDpred2	33	178
LDpred2	33	180
LDpred2	34	180
LDpred2	34	181
LDpred2	35	181
LDpred2	35	192
LDpred2	36	192
LDpred2	36	212
LDpred2	37	212
LDpred2	37	233
LDpred2	38	233
LDpred2	38	234
LDpred2	39	234
LDpred2	39	238
LDpred2	41	238
LDpred2	41	240
LDpred2	42	240
LDpred2	42	241
LDpred2	43	241
LDpred2	43	247
LDpred2	44	247
LDpred2	44	252
LDpred2	45	252
LDpred2	45	256
LDpred2	46	256
LDpred2	46	259
LDpred2	47	259
LDpred2	47	272
LDpred2	48	272
LDpred2	48	276
LDpred2	49	276
LDpred2	49	285
LDpred2	51	285
LDpred2	51	287
LDpred2	52	287
LDpred2	52	289
LDpred2	54	289
LDpred2	54	302
LDpred2	55	302
LDpred2	55	305
LDpred2	56	305
LDpred2	56	310
LDpred2	57	310
LDpred2	57	311
LDpred2	58	311
LDpred2	58	313
LDpred2	59	313
LDpred2	59	319
LDpred2	62	319
LDpred2	62	322
LDpred2	63	322
LDpred2	63	330
LDpred2	64	330
LDpred2	64	339
LDpred2	65	339
LDpred2	65	343
LDpred2	67	343
LDpred2	67	353
LDpred2	68	353
LDpred2	68	367
LDpred2	69	367
LDpred2	69	368
LDpred2	70	368
LDpred2	70	372
LDpred2	71	372
LDpred2	71	375
LDpred2	72	375
LDpred2	72	376
LDpred2	74	376
LDpred2	74	380
LDpred2	75	380
LDpred2	75	389
LDpred2	76	389
LDpred2	76	391
LDpred2	77	391
LDpred2	77	393
LDpred2	78	393
LDpred2	78	395
LDpred2	79	395
LDpred2	79	418
LDpred2	80	418
LDpred2	80	420
LDpred2	81	420
LDpred2	81	425
LDpred2	82	425
LDpred2	82	426
LDpred2	83	426
LDpred2	83	446
LDpred2	84	446
LDpred2	84	447
LDpred2	85	447
LDpred2	85	448
LDpred2	86	448
LDpred2	86	452
LDpred2	87	452
LDpred2	87	455
LDpred2	88	455
LDpred2	88	472
LDpred2	89	472
LDpred2	89	473
LDpred2	90	473
LDpred2	90	479
LDpred2	91	479
LDpred2	91	485
LDpred2	93	485
LDpred2	93	486
LDpred2	94	486
LDpred2	94	489
LDpred2	95	489
LDpred2	95	490
LDpred2	96	490
LDpred2	96	499
LDpred2	97	499
LDpred2	97	503
LDpred2	101	503
LDpred2	101	507
LDpred2	102	507
LDpred2	102	509
LDpred2	104	509
LDpred2	104	514
LDpred2	106	514
LDpred2	106	519
LDpred2	107	519
LDpred2	107	523
LDpred2	108	523
LDpred2	108	527
LDpred2	109	527
LDpred2	109	538
LDpred2	110	538
LDpred2	110	544
LDpred2	113	544
LDpred2	113	546
LDpred2	115	546
LDpred2	115	547
LDpred2	117	547
LDpred2	117	566
LDpred2	118	566
LDpred2	118	569
LDpred2	119	569
LDpred2	119	576
LDpred2	120	576
LDpred2	120	581
LDpred2	121	581
LDpred2	121	586
LDpred2	122	586
LDpred2	122	599
LDpred2	123	599
LDpred2	123	604
LDpred2	124	604
LDpred2	124	605
LDpred2	125	605
LDpred2	125	612
LDpred2	126	612
LDpred2	126	618
LDpred2	127	618
LDpred2	127	623
LDpred2	128	623
LDpred2	128	626
LDpred2	129	626
LDpred2	129	633
LDpred2	130	633
LDpred2	130	636
LDpred2	131	636
LDpred2	131	643
LDpred2	132	643
LDpred2	132	644
LDpred2	133	644
LDpred2	133	648
LDpred2	135	648
LDpred2	135	649
LDpred2	136	649
LDpred2	136	653
LDpred2	137	653
LDpred2	137	657
LDpred2	138	657
LDpred2	138	663
LDpred2	139	663
LDpred2	139	669
LDpred2	140	669
LDpred2	140	672
LDpred2	141	672
LDpred2	141	674
LDpred2	142	674
LDpred2	142	680
LDpred2	143	680
LDpred2	143	681
LDpred2	147	681
LDpred2	147	685
LDpred2	148	685
LDpred2	148	686
LDpred2	149	686
LDpred2	149	690
LDpred2	150	690
LDpred2	150	693
LDpred2	151	693
LDpred2	151	694
LDpred2	154	694
LDpred2	154	695
LDpred2	156	695
LDpred2	156	696
LDpred2	158	696
LDpred2	158	698
LDpred2	159	698
LDpred2	159	703
LDpred2	160	703
LDpred2	160	710
LDpred2	164	710
LDpred2	164	711
LDpred2	166	711
LDpred2	166	720
LDpred2	167	720
LDpred2	167	721
LDpred2	168	721
LDpred2	168	728
LDpred2	170	728
LDpred2	170	733
LDpred2	171	733
LDpred2	171	734
LDpred2	173	734
LDpred2	173	747
LDpred2	175	747
LDpred2	175	748
LDpred2	176	748
LDpred2	176	751
LDpred2	177	751
LDpred2	177	752
LDpred2	178	752
LDpred2	178	757
LDpred2	179	757
LDpred2	179	759
LDpred2	180	759
LDpred2	180	760
LDpred2	181	760
LDpred2	181	761
LDpred2	182	761
LDpred2	182	762
LDpred2	184	762
LDpred2	184	765
LDpred2	185	765
LDpred2	185	769
LDpred2	186	769
LDpred2	186	770
LDpred2	187	770
LDpred2	187	774
LDpred2	190	774
LDpred2	190	781
LDpred2	191	781
LDpred2	191	784
LDpred2	192	784
LDpred2	192	786
LDpred2	196	786
LDpred2	196	806
LDpred2	197	806
LDpred2	197	807
LDpred2	198	807
LDpred2	198	810
LDpred2	199	810
LDpred2	199	811
LDpred2	200	811
LDpred2	200	812
LDpred2	202	812
LDpred2	202	813
LDpred2	205	813
LDpred2	205	814
LDpred2	207	814
LDpred2	207	815
LDpred2	208	815
LDpred2	208	817
LDpred2	209	817
LDpred2	209	821
LDpred2	210	821
LDpred2	210	826
LDpred2	211	826
LDpred2	211	829
LDpred2	212	829
LDpred2	212	832
LDpred2	214	832
LDpred2	214	835
LDpred2	216	835
LDpred2	216	844
LDpred2	217	844
LDpred2	217	849
LDpred2	218	849
LDpred2	218	850
LDpred2	219	850
LDpred2	219	851
LDpred2	220	851
LDpred2	220	855
LDpred2	221	855
LDpred2	221	857
LDpred2	222	857
LDpred2	222	864
LDpred2	223	864
LDpred2	223	865
LDpred2	224	865
LDpred2	224	869
LDpred2	225	869
LDpred2	225	870
LDpred2	227	870
LDpred2	227	871
LDpred2	228	871
LDpred2	228	878
LDpred2	229	878
LDpred2	229	882
LDpred2	230	882
LDpred2	230	884
LDpred2	231	884
LDpred2	231	887
LDpred2	232	887
LDpred2	232	888
LDpred2	233	888
LDpred2	233	890
LDpred2	234	890
LDpred2	234	891
LDpred2	235	891
LDpred2	235	895
LDpred2	237	895
LDpred2	237	896
LDpred2	238	896
LDpred2	238	897
LDpred2	239	897
LDpred2	239	903
LDpred2	240	903
LDpred2	240	905
LDpred2	241	905
LDpred2	241	908
LDpred2	242	908
LDpred2	242	911
LDpred2	243	911
LDpred2	243	912
LDpred2	244	912
LDpred2	244	920
LDpred2	245	920
LDpred2	245	926
LDpred2	247	926
LDpred2	247	928
LDpred2	248	928
LDpred2	248	930
LDpred2	249	930
LDpred2	249	934
LDpred2	250	934
LDpred2	250	935
LDpred2	251	935
LDpred2	251	938
LDpred2	252	938
LDpred2	252	939
LDpred2	253	939
LDpred2	253	940
LDpred2	254	940
LDpred2	254	948
LDpred2	256	948
LDpred2	256	953
LDpred2	257	953
LDpred2	257	956
LDpred2	258	956
LDpred2	258	957
LDpred2	259	957
LDpred2	259	960
LDpred2	260	960
LDpred2	260	967
LDpred2	261	967
LDpred2	261	969
LDpred2	263	969
LDpred2	263	972
LDpred2	264	972
LDpred2	264	976
LDpred2	266	976
LDpred2	266	978
LDpred2	267	978
LDpred2	267	980
LDpred2	268	980
LDpred2	268	982
LDpred2	269	982
LDpred2	269	983
LDpred2	270	983
LDpred2	270	988
LDpred2	272	988
LDpred2	272	993
LDpred2	274	993
LDpred2	274	1007
LDpred2	275	1007
LDpred2	275	1011
LDpred2	276	1011
LDpred2	276	1014
LDpred2	277	1014
LDpred2	277	1017
LDpred2	278	1017
LDpred2	278	1030
LDpred2	280	1030
LDpred2	280	1033
LDpred2	281	1033
LDpred2	281	1034
LDpred2	282	1034
LDpred2	282	1037
LDpred2	283	1037
LDpred2	283	1038
LDpred2	284	1038
LDpred2	284	1041
LDpred2	286	1041
LDpred2	286	1043
LDpred2	287	1043
LDpred2	287	1048
LDpred2	288	1048
LDpred2	288	1051
LDpred2	289	1051
LDpred2	289	1059
LDpred2	290	1059
LDpred2	290	1061
LDpred2	291	1061
LDpred2	291	1065
LDpred2	292	1065
LDpred2	292	1070
LDpred2	293	1070
LDpred2	293	1072
LDpred2	295	1072
LDpred2	295	1074
LDpred2	297	1074
LDpred2	297	1079
LDpred2	298	1079
LDpred2	298	1085
LDpred2	299	1085
LDpred2	299	1097
LDpred2	300	1097
LDpred2	300	1098
LDpred2	301	1098
LDpred2	301	1100
LDpred2	302	1100
LDpred2	302	1102
LDpred2	303	1102
LDpred2	303	1103
LDpred2	304	1103
LDpred2	304	1109
LDpred2	305	1109
LDpred2	305	1110
LDpred2	306	1110
LDpred2	306	1111
LDpred2	307	1111
LDpred2	307	1112
LDpred2	310	1112
LDpred2	310	1114
LDpred2	312	1114
LDpred2	312	1116
LDpred2	313	1116
LDpred2	313	1117
LDpred2	314	1117
LDpred2	314	1123
LDpred2	315	1123
LDpred2	315	1125
LDpred2	316	1125
LDpred2	316	1126
LDpred2	317	1126
LDpred2	317	1134
LDpred2	320	1134
LDpred2	320	1139
LDpred2	321	1139
LDpred2	321	1142
LDpred2	322	1142
LDpred2	322	1143
LDpred2	327	1143
LDpred2	327	1146
LDpred2	330	1146
LDpred2	330	1148
LDpred2	331	1148
LDpred2	331	1151
LDpred2	333	1151
LDpred2	333	1153
LDpred2	334	1153
LDpred2	334	1154
LDpred2	335	1154
LDpred2	335	1157
LDpred2	336	1157
LDpred2	336	1163
LDpred2	338	1163
LDpred2	338	1167
LDpred2	339	1167
LDpred2	339	1169
LDpred2	340	1169
LDpred2	340	1172
LDpred2	341	1172
LDpred2	341	1177
LDpred2	342	1177
LDpred2	342	1178
LDpred2	346	1178
LDpred2	346	1179
LDpred2	347	1179
LDpred2	347	1182
LDpred2	349	1182
LDpred2	349	1183
LDpred2	350	1183
LDpred2	350	1187
LDpred2	351	1187
LDpred2	351	1189
LDpred2	355	1189
LDpred2	355	1190
LDpred2	356	1190
LDpred2	356	1192
LDpred2	358	1192
LDpred2	358	1194
LDpred2	363	1194
LDpred2	363	1201
LDpred2	364	1201
LDpred2	364	1202
LDpred2	366	1202
LDpred2	366	1204
LDpred2	367	1204
LDpred2	367	1208
LDpred2	368	1208
LDpred2	368	1211
LDpred2	369	1211
LDpred2	369	1212
LDpred2	370	1212
LDpred2	370	1214
LDpred2	373	1214
LDpred2	373	1215
LDpred2	375	1215
LDpred2	375	1216
LDpred2	378	1216
LDpred2	378	1217
LDpred2	380	1217
LDpred2	380	1218
LDpred2	382	1218
LDpred2	382	1225
LDpred2	383	1225
LDpred2	383	1226
LDpred2	384	1226
LDpred2	384	1231
LDpred2	385	1231
LDpred2	385	1232
LDpred2	386	1232
LDpred2	386	1233
LDpred2	388	1233
LDpred2	388	1234
LDpred2	389	1234
LDpred2	389	1238
LDpred2	390	1238
LDpred2	390	1239
LDpred2	392	1239
LDpred2	392	1242
LDpred2	395	1242
LDpred2	395	1244
LDpred2	396	1244
LDpred2	396	1248
LDpred2	397	1248
LDpred2	397	1250
LDpred2	398	1250
LDpred2	398	1254
LDpred2	401	1254
LDpred2	401	1257
LDpred2	404	1257
LDpred2	404	1261
LDpred2	405	1261
LDpred2	405	1270
LDpred2	406	1270
LDpred2	406	1271
LDpred2	407	1271
LDpred2	407	1273
LDpred2	411	1273
LDpred2	411	1276
LDpred2	412	1276
LDpred2	412	1285
LDpred2	413	1285
LDpred2	413	1288
LDpred2	414	1288
LDpred2	414	1292
LDpred2	415	1292
LDpred2	415	1296
LDpred2	416	1296
LDpred2	416	1298
LDpred2	417	1298
LDpred2	417	1299
LDpred2	418	1299
LDpred2	418	1301
LDpred2	419	1301
LDpred2	419	1303
LDpred2	420	1303
LDpred2	420	1304
LDpred2	421	1304
LDpred2	421	1305
LDpred2	424	1305
LDpred2	424	1306
LDpred2	426	1306
LDpred2	426	1309
LDpred2	427	1309
LDpred2	427	1311
LDpred2	429	1311
LDpred2	429	1314
LDpred2	431	1314
LDpred2	431	1320
LDpred2	432	1320
LDpred2	432	1324
LDpred2	433	1324
LDpred2	433	1326
LDpred2	434	1326
LDpred2	434	1328
LDpred2	435	1328
LDpred2	435	1330
LDpred2	436	1330
LDpred2	436	1331
LDpred2	438	1331
LDpred2	438	1333
LDpred2	439	1333
LDpred2	439	1334
LDpred2	440	1334
LDpred2	440	1336
LDpred2	441	1336
LDpred2	441	1340
LDpred2	442	1340
LDpred2	442	1341
LDpred2	443	1341
LDpred2	443	1342
LDpred2	444	1342
LDpred2	444	1344
LDpred2	446	1344
LDpred2	446	1350
LDpred2	447	1350
LDpred2	447	1355
LDpred2	451	1355
LDpred2	451	1356
LDpred2	452	1356
LDpred2	452	1358
LDpred2	453	1358
LDpred2	453	1359
LDpred2	454	1359
LDpred2	454	1363
LDpred2	455	1363
LDpred2	455	1366
LDpred2	456	1366
LDpred2	456	1367
LDpred2	457	1367
LDpred2	457	1368
LDpred2	459	1368
LDpred2	459	1375
LDpred2	460	1375
LDpred2	460	1379
LDpred2	462	1379
LDpred2	462	1381
LDpred2	463	1381
LDpred2	463	1383
LDpred2	464	1383
LDpred2	464	1384
LDpred2	469	1384
LDpred2	469	1388
LDpred2	471	1388
LDpred2	471	1389
LDpred2	472	1389
LDpred2	472	1390
LDpred2	473	1390
LDpred2	473	1392
LDpred2	474	1392
LDpred2	474	1394
LDpred2	476	1394
LDpred2	476	1396
LDpred2	478	1396
LDpred2	478	1397
LDpred2	479	1397
LDpred2	479	1400
LDpred2	480	1400
LDpred2	480	1402
LDpred2	481	1402
LDpred2	481	1409
LDpred2	483	1409
LDpred2	483	1415
LDpred2	484	1415
LDpred2	484	1417
LDpred2	485	1417
LDpred2	485	1418
LDpred2	488	1418
LDpred2	488	1421
LDpred2	490	1421
LDpred2	490	1428
LDpred2	492	1428
LDpred2	492	1430
LDpred2	493	1430
LDpred2	493	1433
LDpred2	494	1433
LDpred2	494	1434
LDpred2	495	1434
LDpred2	495	1437
LDpred2	496	1437
LDpred2	496	1438
LDpred2	497	1438
LDpred2	497	1445
LDpred2	498	1445
LDpred2	498	1447
LDpred2	499	1447
LDpred2	499	1449
LDpred2	503	1449
LDpred2	503	1451
LDpred2	506	1451
LDpred2	506	1452
LDpred2	507	1452
LDpred2	507	1462
LDpred2	509	1462
LDpred2	509	1466
LDpred2	510	1466
LDpred2	510	1469
LDpred2	513	1469
LDpred2	513	1470
LDpred2	514	1470
LDpred2	514	1471
LDpred2	517	1471
LDpred2	517	1476
LDpred2	519	1476
LDpred2	519	1482
LDpred2	520	1482
LDpred2	520	1484
LDpred2	523	1484
LDpred2	523	1485
LDpred2	524	1485
LDpred2	524	1487
LDpred2	525	1487
LDpred2	525	1488
LDpred2	529	1488
LDpred2	529	1490
LDpred2	534	1490
LDpred2	534	1493
LDpred2	535	1493
LDpred2	535	1494
LDpred2	537	1494
LDpred2	537	1495
LDpred2	538	1495
LDpred2	538	1498
LDpred2	539	1498
LDpred2	539	1499
LDpred2	541	1499
LDpred2	541	1500
LDpred2	542	1500
LDpred2	542	1504
LDpred2	543	1504
LDpred2	543	1506
LDpred2	545	1506
LDpred2	545	1516
LDpred2	546	1516
LDpred2	546	1517
LDpred2	547	1517
LDpred2	547	1520
LDpred2	548	1520
LDpred2	548	1521
LDpred2	549	1521
LDpred2	549	1523
LDpred2	550	1523
LDpred2	550	1527
LDpred2	551	1527
LDpred2	551	1529
LDpred2	553	1529
LDpred2	553	1530
LDpred2	554	1530
LDpred2	554	1531
LDpred2	555	1531
LDpred2	555	1532
LDpred2	556	1532
LDpred2	556	1535
LDpred2	557	1535
LDpred2	557	1539
LDpred2	558	1539
LDpred2	558	1540
LDpred2	560	1540
LDpred2	560	1547
LDpred2	561	1547
LDpred2	561	1554
LDpred2	562	1554
LDpred2	562	1557
LDpred2	565	1557
LDpred2	565	1558
LDpred2	568	1558
LDpred2	568	1569
LDpred2	569	1569
LDpred2	569	1573
LDpred2	570	1573
LDpred2	570	1576
LDpred2	572	1576
LDpred2	572	1583
LDpred2	573	1583
LDpred2	573	1584
LDpred2	575	1584
LDpred2	575	1585
LDpred2	577	1585
LDpred2	577	1586
LDpred2	578	1586
LDpred2	578	1592
LDpred2	579	1592
LDpred2	579	1594
LDpred2	582	1594
LDpred2	582	1595
LDpred2	587	1595
LDpred2	587	1600
LDpred2	588	1600
LDpred2	588	1605
LDpred2	589	1605
LDpred2	589	1607
LDpred2	590	1607
LDpred2	590	1610
LDpred2	591	1610
LDpred2	591	1612
LDpred2	592	1612
LDpred2	592	1614
LDpred2	594	1614
LDpred2	594	1616
LDpred2	595	1616
LDpred2	595	1617
LDpred2	596	1617
LDpred2	596	1621
LDpred2	598	1621
LDpred2	598	1624
LDpred2	600	1624
LDpred2	600	1625
LDpred2	601	1625
LDpred2	601	1629
LDpred2	602	1629
LDpred2	602	1630
LDpred2	603	1630
LDpred2	603	1634
LDpred2	605	1634
LDpred2	605	1642
LDpred2	606	1642
LDpred2	606	1644
LDpred2	608	1644
LDpred2	608	1650
LDpred2	610	1650
LDpred2	610	1651
LDpred2	611	1651
LDpred2	611	1656
LDpred2	612	1656
LDpred2	612	1657
LDpred2	613	1657
LDpred2	613	1659
LDpred2	615	1659
LDpred2	615	1664
LDpred2	617	1664
LDpred2	617	1665
LDpred2	620	1665
LDpred2	620	1667
LDpred2	621	1667
LDpred2	621	1668
LDpred2	624	1668
LDpred2	624	1669
LDpred2	627	1669
LDpred2	627	1670
LDpred2	628	1670
LDpred2	628	1674
LDpred2	629	1674
LDpred2	629	1675
LDpred2	630	1675
LDpred2	630	1680
LDpred2	632	1680
LDpred2	632	1685
LDpred2	633	1685
LDpred2	633	1686
LDpred2	635	1686
LDpred2	635	1687
LDpred2	636	1687
LDpred2	636	1697
LDpred2	637	1697
LDpred2	637	1698
LDpred2	638	1698
LDpred2	638	1704
LDpred2	639	1704
LDpred2	639	1711
LDpred2	641	1711
LDpred2	641	1712
LDpred2	642	1712
LDpred2	642	1723
LDpred2	643	1723
LDpred2	643	1727
LDpred2	645	1727
LDpred2	645	1730
LDpred2	646	1730
LDpred2	646	1733
LDpred2	647	1733
LDpred2	647	1737
LDpred2	648	1737
LDpred2	648	1740
LDpred2	649	1740
LDpred2	649	1741
LDpred2	652	1741
LDpred2	652	1743
LDpred2	653	1743
LDpred2	653	1747
LDpred2	654	1747
LDpred2	654	1749
LDpred2	655	1749
LDpred2	655	1754
LDpred2	656	1754
LDpred2	656	1755
LDpred2	658	1755
LDpred2	658	1761
LDpred2	659	1761
LDpred2	659	1764
LDpred2	661	1764
LDpred2	661	1766
LDpred2	662	1766
LDpred2	662	1767
LDpred2	665	1767
LDpred2	665	1772
LDpred2	666	1772
LDpred2	666	1779
LDpred2	667	1779
LDpred2	667	1780
LDpred2	670	1780
LDpred2	670	1784
LDpred2	672	1784
LDpred2	672	1788
LDpred2	673	1788
LDpred2	673	1789
LDpred2	674	1789
LDpred2	674	1792
LDpred2	679	1792
LDpred2	679	1795
LDpred2	682	1795
LDpred2	682	1798
LDpred2	683	1798
LDpred2	683	1799
LDpred2	684	1799
LDpred2	684	1800
LDpred2	685	1800
LDpred2	685	1808
LDpred2	686	1808
LDpred2	686	1810
LDpred2	687	1810
LDpred2	687	1813
LDpred2	689	1813
LDpred2	689	1814
LDpred2	690	1814
LDpred2	690	1817
LDpred2	694	1817
LDpred2	694	1819
LDpred2	695	1819
LDpred2	695	1822
LDpred2	698	1822
LDpred2	698	1826
LDpred2	700	1826
LDpred2	700	1827
LDpred2	701	1827
LDpred2	701	1831
LDpred2	703	1831
LDpred2	703	1833
LDpred2	705	1833
LDpred2	705	1835
LDpred2	706	1835
LDpred2	706	1840
LDpred2	707	1840
LDpred2	707	1843
LDpred2	708	1843
LDpred2	708	1849
LDpred2	709	1849
LDpred2	709	1854
LDpred2	710	1854
LDpred2	710	1855
LDpred2	711	1855
LDpred2	711	1857
LDpred2	715	1857
LDpred2	715	1858
LDpred2	716	1858
LDpred2	716	1862
LDpred2	719	1862
LDpred2	719	1863
LDpred2	720	1863
LDpred2	720	1872
LDpred2	721	1872
LDpred2	721	1873
LDpred2	722	1873
LDpred2	722	1879
LDpred2	724	1879
LDpred2	724	1881
LDpred2	725	1881
LDpred2	725	1883
LDpred2	726	1883
LDpred2	726	1886
LDpred2	727	1886
LDpred2	727	1887
LDpred2	728	1887
LDpred2	728	1889
LDpred2	729	1889
LDpred2	729	1890
LDpred2	730	1890
LDpred2	730	1894
LDpred2	732	1894
LDpred2	732	1898
LDpred2	734	1898
LDpred2	734	1899
LDpred2	735	1899
LDpred2	735	1900
LDpred2	736	1900
LDpred2	736	1903
LDpred2	737	1903
LDpred2	737	1904
LDpred2	739	1904
LDpred2	739	1905
LDpred2	740	1905
LDpred2	740	1907
LDpred2	741	1907
LDpred2	741	1917
LDpred2	742	1917
LDpred2	742	1921
LDpred2	743	1921
LDpred2	743	1925
LDpred2	744	1925
LDpred2	744	1928
LDpred2	745	1928
LDpred2	745	1932
LDpred2	746	1932
LDpred2	746	1934
LDpred2	747	1934
LDpred2	747	1942
LDpred2	749	1942
LDpred2	749	1946
LDpred2	752	1946
LDpred2	752	1948
LDpred2	753	1948
LDpred2	753	1949
LDpred2	755	1949
LDpred2	755	1951
LDpred2	756	1951
LDpred2	756	1953
LDpred2	757	1953
LDpred2	757	1954
LDpred2	761	1954
LDpred2	761	1959
LDpred2	762	1959
LDpred2	762	1960
LDpred2	764	1960
LDpred2	764	1961
LDpred2	765	1961
LDpred2	765	1962
LDpred2	766	1962
LDpred2	766	1963
LDpred2	767	1963
LDpred2	767	1964
LDpred2	768	1964
LDpred2	768	1973
LDpred2	770	1973
LDpred2	770	1984
LDpred2	771	1984
LDpred2	771	1991
LDpred2	773	1991
LDpred2	773	1992
LDpred2	774	1992
LDpred2	774	2003
LDpred2	775	2003
LDpred2	775	2005
LDpred2	776	2005
LDpred2	776	2007
LDpred2	777	2007
LDpred2	777	2008
LDpred2	779	2008
LDpred2	779	2009
LDpred2	780	2009
LDpred2	780	2014
LDpred2	781	2014
LDpred2	781	2024
LDpred2	782	2024
LDpred2	782	2025
LDpred2	783	2025
LDpred2	783	2026
LDpred2	784	2026
LDpred2	784	2027
LDpred2	785	2027
LDpred2	785	2032
LDpred2	789	2032
LDpred2	789	2033
LDpred2	790	2033
LDpred2	790	2034
LDpred2	795	2034
LDpred2	795	2038
LDpred2	796	2038
LDpred2	796	2039
LDpred2	797	2039
LDpred2	797	2041
LDpred2	800	2041
LDpred2	800	2045
LDpred2	801	2045
LDpred2	801	2047
LDpred2	803	2047
LDpred2	803	2053
LDpred2	805	2053
LDpred2	805	2057
LDpred2	809	2057
LDpred2	809	2059
LDpred2	813	2059
LDpred2	813	2060
LDpred2	815	2060
LDpred2	815	2062
LDpred2	816	2062
LDpred2	816	2064
LDpred2	818	2064
LDpred2	818	2066
LDpred2	819	2066
LDpred2	819	2068
LDpred2	826	2068
LDpred2	826	2070
LDpred2	828	2070
LDpred2	828	2071
LDpred2	829	2071
LDpred2	829	2072
LDpred2	831	2072
LDpred2	831	2073
LDpred2	832	2073
LDpred2	832	2075
LDpred2	833	2075
LDpred2	833	2078
LDpred2	835	2078
LDpred2	835	2085
LDpred2	836	2085
LDpred2	836	2087
LDpred2	839	2087
LDpred2	839	2090
LDpred2	843	2090
LDpred2	843	2094
LDpred2	844	2094
LDpred2	844	2095
LDpred2	845	2095
LDpred2	845	2101
LDpred2	847	2101
LDpred2	847	2102
LDpred2	848	2102
LDpred2	848	2103
LDpred2	850	2103
LDpred2	850	2106
LDpred2	851	2106
LDpred2	851	2107
LDpred2	852	2107
LDpred2	852	2109
LDpred2	855	2109
LDpred2	855	2113
LDpred2	856	2113
LDpred2	856	2119
LDpred2	857	2119
LDpred2	857	2122
LDpred2	859	2122
LDpred2	859	2123
LDpred2	860	2123
LDpred2	860	2124
LDpred2	861	2124
LDpred2	861	2125
LDpred2	862	2125
LDpred2	862	2127
LDpred2	863	2127
LDpred2	863	2131
LDpred2	864	2131
LDpred2	864	2136
LDpred2	866	2136
LDpred2	866	2137
LDpred2	867	2137
LDpred2	867	2139
LDpred2	868	2139
LDpred2	868	2146
LDpred2	870	2146
LDpred2	870	2147
LDpred2	874	2147
LDpred2	874	2151
LDpred2	875	2151
LDpred2	875	2155
LDpred2	876	2155
LDpred2	876	2159
LDpred2	877	2159
LDpred2	877	2160
LDpred2	879	2160
LDpred2	879	2162
LDpred2	880	2162
LDpred2	880	2164
LDpred2	881	2164
LDpred2	881	2165
LDpred2	882	2165
LDpred2	882	2167
LDpred2	883	2167
LDpred2	883	2169
LDpred2	885	2169
LDpred2	885	2173
LDpred2	886	2173
LDpred2	886	2175
LDpred2	887	2175
LDpred2	887	2178
LDpred2	888	2178
LDpred2	888	2180
LDpred2	890	2180
LDpred2	890	2185
LDpred2	892	2185
LDpred2	892	2187
LDpred2	893	2187
LDpred2	893	2191
LDpred2	895	2191
LDpred2	895	2193
LDpred2	897	2193
LDpred2	897	2195
LDpred2	898	2195
LDpred2	898	2198
LDpred2	899	2198
LDpred2	899	2203
LDpred2	900	2203
LDpred2	900	2205
LDpred2	903	2205
LDpred2	903	2206
LDpred2	906	2206
LDpred2	906	2209
LDpred2	907	2209
LDpred2	907	2213
LDpred2	908	2213
LDpred2	908	2215
LDpred2	909	2215
LDpred2	909	2216
LDpred2	912	2216
LDpred2	912	2219
LDpred2	913	2219
LDpred2	913	2220
LDpred2	914	2220
LDpred2	914	2221
LDpred2	915	2221
LDpred2	915	2223
LDpred2	919	2223
LDpred2	919	2224
LDpred2	922	2224
LDpred2	922	2226
LDpred2	924	2226
LDpred2	924	2231
LDpred2	926	2231
LDpred2	926	2234
LDpred2	927	2234
LDpred2	927	2236
LDpred2	928	2236
LDpred2	928	2237
LDpred2	931	2237
LDpred2	931	2238
LDpred2	932	2238
LDpred2	932	2241
LDpred2	933	2241
LDpred2	933	2242
LDpred2	934	2242
LDpred2	934	2246
LDpred2	935	2246
LDpred2	935	2247
LDpred2	936	2247
LDpred2	936	2248
LDpred2	937	2248
LDpred2	937	2255
LDpred2	938	2255
LDpred2	938	2256
LDpred2	939	2256
LDpred2	939	2258
LDpred2	941	2258
LDpred2	941	2259
LDpred2	942	2259
LDpred2	942	2262
LDpred2	943	2262
LDpred2	943	2264
LDpred2	944	2264
LDpred2	944	2265
LDpred2	946	2265
LDpred2	946	2267
LDpred2	947	2267
LDpred2	947	2271
LDpred2	948	2271
LDpred2	948	2272
LDpred2	951	2272
LDpred2	951	2274
LDpred2	953	2274
LDpred2	953	2276
LDpred2	955	2276
LDpred2	955	2280
LDpred2	957	2280
LDpred2	957	2281
LDpred2	958	2281
LDpred2	958	2288
LDpred2	961	2288
LDpred2	961	2289
LDpred2	962	2289
LDpred2	962	2291
LDpred2	963	2291
LDpred2	963	2295
LDpred2	964	2295
LDpred2	964	2302
LDpred2	965	2302
LDpred2	965	2303
LDpred2	966	2303
LDpred2	966	2304
LDpred2	967	2304
LDpred2	967	2305
LDpred2	968	2305
LDpred2	968	2308
LDpred2	969	2308
LDpred2	969	2310
LDpred2	970	2310
LDpred2	970	2311
LDpred2	971	2311
LDpred2	971	2314
LDpred2	974	2314
LDpred2	974	2315
LDpred2	979	2315
LDpred2	979	2318
LDpred2	980	2318
LDpred2	980	2320
LDpred2	981	2320
LDpred2	981	2321
LDpred2	984	2321
LDpred2	984	2322
LDpred2	985	2322
LDpred2	985	2324
LDpred2	986	2324
LDpred2	986	2325
LDpred2	987	2325
LDpred2	987	2328
LDpred2	991	2328
LDpred2	991	2329
LDpred2	993	2329
LDpred2	993	2331
LDpred2	994	2331
LDpred2	994	2333
LDpred2	995	2333
LDpred2	995	2338
LDpred2	998	2338
LDpred2	998	2339
LDpred2	999	2339
LDpred2	999	2340
LDpred2	1000	2340
LDpred2	1000	2342
LDpred2	1001	2342
LDpred2	1001	2343
LDpred2	1002	2343
LDpred2	1002	2346
LDpred2	1005	2346
LDpred2	1005	2347
LDpred2	1007	2347
LDpred2	1007	2351
LDpred2	1008	2351
LDpred2	1008	2354
LDpred2	1009	2354
LDpred2	1009	2355
LDpred2	1010	2355
LDpred2	1010	2356
LDpred2	1011	2356
LDpred2	1011	2359
LDpred2	1012	2359
LDpred2	1012	2360
LDpred2	1013	2360
LDpred2	1013	2361
LDpred2	1015	2361
LDpred2	1015	2362
LDpred2	1016	2362
LDpred2	1016	2364
LDpred2	1017	2364
LDpred2	1017	2366
LDpred2	1021	2366
LDpred2	1021	2369
LDpred2	1022	2369
LDpred2	1022	2370
LDpred2	1030	2370
LDpred2	1030	2371
LDpred2	1032	2371
LDpred2	1032	2372
LDpred2	1034	2372
LDpred2	1034	2378
LDpred2	1035	2378
LDpred2	1035	2379
LDpred2	1036	2379
LDpred2	1036	2381
LDpred2	1037	2381
LDpred2	1037	2383
LDpred2	1039	2383
LDpred2	1039	2384
LDpred2	1040	2384
LDpred2	1040	2386
LDpred2	1045	2386
LDpred2	1045	2387
LDpred2	1046	2387
LDpred2	1046	2388
LDpred2	1048	2388
LDpred2	1048	2391
LDpred2	1049	2391
LDpred2	1049	2392
LDpred2	1050	2392
LDpred2	1050	2393
LDpred2	1051	2393
LDpred2	1051	2402
LDpred2	1052	2402
LDpred2	1052	2403
LDpred2	1053	2403
LDpred2	1053	2404
LDpred2	1054	2404
LDpred2	1054	2405
LDpred2	1055	2405
LDpred2	1055	2407
LDpred2	1056	2407
LDpred2	1056	2408
LDpred2	1057	2408
LDpred2	1057	2411
LDpred2	1058	2411
LDpred2	1058	2413
LDpred2	1063	2413
LDpred2	1063	2414
LDpred2	1065	2414
LDpred2	1065	2416
LDpred2	1066	2416
LDpred2	1066	2424
LDpred2	1067	2424
LDpred2	1067	2425
LDpred2	1069	2425
LDpred2	1069	2426
LDpred2	1070	2426
LDpred2	1070	2427
LDpred2	1071	2427
LDpred2	1071	2428
LDpred2	1072	2428
LDpred2	1072	2429
LDpred2	1073	2429
LDpred2	1073	2432
LDpred2	1075	2432
LDpred2	1075	2433
LDpred2	1076	2433
LDpred2	1076	2434
LDpred2	1080	2434
LDpred2	1080	2439
LDpred2	1081	2439
LDpred2	1081	2440
LDpred2	1083	2440
LDpred2	1083	2442
LDpred2	1084	2442
LDpred2	1084	2444
LDpred2	1087	2444
LDpred2	1087	2445
LDpred2	1089	2445
LDpred2	1089	2447
LDpred2	1091	2447
LDpred2	1091	2449
LDpred2	1094	2449
LDpred2	1094	2450
LDpred2	1096	2450
LDpred2	1096	2452
LDpred2	1099	2452
LDpred2	1099	2457
LDpred2	1100	2457
LDpred2	1100	2463
LDpred2	1103	2463
LDpred2	1103	2473
LDpred2	1104	2473
LDpred2	1104	2474
LDpred2	1105	2474
LDpred2	1105	2475
LDpred2	1106	2475
LDpred2	1106	2477
LDpred2	1108	2477
LDpred2	1108	2480
LDpred2	1110	2480
LDpred2	1110	2482
LDpred2	1117	2482
LDpred2	1117	2484
LDpred2	1118	2484
LDpred2	1118	2485
LDpred2	1122	2485
LDpred2	1122	2486
LDpred2	1124	2486
LDpred2	1124	2488
LDpred2	1125	2488
LDpred2	1125	2489
LDpred2	1127	2489
LDpred2	1127	2490
LDpred2	1128	2490
LDpred2	1128	2491
LDpred2	1131	2491
LDpred2	1131	2492
LDpred2	1132	2492
LDpred2	1132	2493
LDpred2	1133	2493
LDpred2	1133	2495
LDpred2	1136	2495
LDpred2	1136	2496
LDpred2	1137	2496
LDpred2	1137	2500
LDpred2	1138	2500
LDpred2	1138	2502
LDpred2	1143	2502
LDpred2	1143	2503
LDpred2	1145	2503
LDpred2	1145	2505
LDpred2	1148	2505
LDpred2	1148	2507
LDpred2	1149	2507
LDpred2	1149	2511
LDpred2	1151	2511
LDpred2	1151	2514
LDpred2	1155	2514
LDpred2	1155	2516
LDpred2	1158	2516
LDpred2	1158	2519
LDpred2	1160	2519
LDpred2	1160	2521
LDpred2	1161	2521
LDpred2	1161	2524
LDpred2	1162	2524
LDpred2	1162	2525
LDpred2	1163	2525
LDpred2	1163	2528
LDpred2	1164	2528
LDpred2	1164	2529
LDpred2	1165	2529
LDpred2	1165	2532
LDpred2	1167	2532
LDpred2	1167	2534
LDpred2	1169	2534
LDpred2	1169	2535
LDpred2	1171	2535
LDpred2	1171	2536
LDpred2	1172	2536
LDpred2	1172	2537
LDpred2	1173	2537
LDpred2	1173	2539
LDpred2	1175	2539
LDpred2	1175	2541
LDpred2	1178	2541
LDpred2	1178	2544
LDpred2	1181	2544
LDpred2	1181	2545
LDpred2	1183	2545
LDpred2	1183	2550
LDpred2	1185	2550
LDpred2	1185	2551
LDpred2	1194	2551
LDpred2	1194	2552
LDpred2	1195	2552
LDpred2	1195	2554
LDpred2	1196	2554
LDpred2	1196	2555
LDpred2	1197	2555
LDpred2	1197	2557
LDpred2	1198	2557
LDpred2	1198	2558
LDpred2	1201	2558
LDpred2	1201	2561
LDpred2	1204	2561
LDpred2	1204	2568
LDpred2	1205	2568
LDpred2	1205	2570
LDpred2	1206	2570
LDpred2	1206	2571
LDpred2	1207	2571
LDpred2	1207	2574
LDpred2	1208	2574
LDpred2	1208	2576
LDpred2	1209	2576
LDpred2	1209	2577
LDpred2	1211	2577
LDpred2	1211	2578
LDpred2	1213	2578
LDpred2	1213	2579
LDpred2	1214	2579
LDpred2	1214	2580
LDpred2	1215	2580
LDpred2	1215	2581
LDpred2	1216	2581
LDpred2	1216	2582
LDpred2	1219	2582
LDpred2	1219	2583
LDpred2	1223	2583
LDpred2	1223	2584
LDpred2	1224	2584
LDpred2	1224	2586
LDpred2	1226	2586
LDpred2	1226	2588
LDpred2	1227	2588
LDpred2	1227	2590
LDpred2	1230	2590
LDpred2	1230	2591
LDpred2	1232	2591
LDpred2	1232	2594
LDpred2	1233	2594
LDpred2	1233	2595
LDpred2	1242	2595
LDpred2	1242	2597
LDpred2	1244	2597
LDpred2	1244	2598
LDpred2	1247	2598
LDpred2	1247	2601
LDpred2	1248	2601
LDpred2	1248	2602
LDpred2	1251	2602
LDpred2	1251	2603
LDpred2	1252	2603
LDpred2	1252	2605
LDpred2	1255	2605
LDpred2	1255	2608
LDpred2	1257	2608
LDpred2	1257	2609
LDpred2	1258	2609
LDpred2	1258	2611
LDpred2	1260	2611
LDpred2	1260	2613
LDpred2	1262	2613
LDpred2	1262	2614
LDpred2	1265	2614
LDpred2	1265	2619
LDpred2	1267	2619
LDpred2	1267	2623
LDpred2	1268	2623
LDpred2	1268	2625
LDpred2	1269	2625
LDpred2	1269	2626
LDpred2	1273	2626
LDpred2	1273	2633
LDpred2	1274	2633
LDpred2	1274	2634
LDpred2	1275	2634
LDpred2	1275	2635
LDpred2	1280	2635
LDpred2	1280	2636
LDpred2	1282	2636
LDpred2	1282	2639
LDpred2	1283	2639
LDpred2	1283	2641
LDpred2	1284	2641
LDpred2	1284	2642
LDpred2	1288	2642
LDpred2	1288	2645
LDpred2	1289	2645
LDpred2	1289	2646
LDpred2	1291	2646
LDpred2	1291	2648
LDpred2	1292	2648
LDpred2	1292	2649
LDpred2	1293	2649
LDpred2	1293	2652
LDpred2	1294	2652
LDpred2	1294	2653
LDpred2	1296	2653
LDpred2	1296	2656
LDpred2	1299	2656
LDpred2	1299	2661
LDpred2	1301	2661
LDpred2	1301	2662
LDpred2	1302	2662
LDpred2	1302	2663
LDpred2	1306	2663
LDpred2	1306	2664
LDpred2	1310	2664
LDpred2	1310	2665
LDpred2	1313	2665
LDpred2	1313	2666
LDpred2	1315	2666
LDpred2	1315	2668
LDpred2	1318	2668
LDpred2	1318	2669
LDpred2	1320	2669
LDpred2	1320	2672
LDpred2	1323	2672
LDpred2	1323	2673
LDpred2	1324	2673
LDpred2	1324	2674
LDpred2	1326	2674
LDpred2	1326	2676
LDpred2	1327	2676
LDpred2	1327	2677
LDpred2	1328	2677
LDpred2	1328	2680
LDpred2	1330	2680
LDpred2	1330	2681
LDpred2	1331	2681
LDpred2	1331	2682
LDpred2	1335	2682
LDpred2	1335	2683
LDpred2	1338	2683
LDpred2	1338	2684
LDpred2	1343	2684
LDpred2	1343	2688
LDpred2	1346	2688
LDpred2	1346	2690
LDpred2	1349	2690
LDpred2	1349	2692
LDpred2	1351	2692
LDpred2	1351	2693
LDpred2	1354	2693
LDpred2	1354	2699
LDpred2	1358	2699
LDpred2	1358	2703
LDpred2	1364	2703
LDpred2	1364	2704
LDpred2	1365	2704
LDpred2	1365	2706
LDpred2	1366	2706
LDpred2	1366	2709
LDpred2	1367	2709
LDpred2	1367	2710
LDpred2	1370	2710
LDpred2	1370	2711
LDpred2	1372	2711
LDpred2	1372	2712
LDpred2	1373	2712
LDpred2	1373	2714
LDpred2	1375	2714
LDpred2	1375	2717
LDpred2	1380	2717
LDpred2	1380	2720
LDpred2	1381	2720
LDpred2	1381	2723
LDpred2	1382	2723
LDpred2	1382	2724
LDpred2	1383	2724
LDpred2	1383	2725
LDpred2	1390	2725
LDpred2	1390	2728
LDpred2	1391	2728
LDpred2	1391	2729
LDpred2	1393	2729
LDpred2	1393	2731
LDpred2	1395	2731
LDpred2	1395	2732
LDpred2	1401	2732
LDpred2	1401	2736
LDpred2	1402	2736
LDpred2	1402	2737
LDpred2	1404	2737
LDpred2	1404	2742
LDpred2	1406	2742
LDpred2	1406	2744
LDpred2	1407	2744
LDpred2	1407	2745
LDpred2	1408	2745
LDpred2	1408	2747
LDpred2	1413	2747
LDpred2	1413	2748
LDpred2	1414	2748
LDpred2	1414	2749
LDpred2	1417	2749
LDpred2	1417	2750
LDpred2	1418	2750
LDpred2	1418	2751
LDpred2	1420	2751
LDpred2	1420	2752
LDpred2	1422	2752
LDpred2	1422	2754
LDpred2	1423	2754
LDpred2	1423	2755
LDpred2	1428	2755
LDpred2	1428	2758
LDpred2	1429	2758
LDpred2	1429	2759
LDpred2	1430	2759
LDpred2	1430	2761
LDpred2	1436	2761
LDpred2	1436	2763
LDpred2	1438	2763
LDpred2	1438	2764
LDpred2	1439	2764
LDpred2	1439	2767
LDpred2	1441	2767
LDpred2	1441	2773
LDpred2	1447	2773
LDpred2	1447	2774
LDpred2	1448	2774
LDpred2	1448	2775
LDpred2	1449	2775
LDpred2	1449	2776
LDpred2	1453	2776
LDpred2	1453	2778
LDpred2	1457	2778
LDpred2	1457	2779
LDpred2	1460	2779
LDpred2	1460	2781
LDpred2	1461	2781
LDpred2	1461	2782
LDpred2	1462	2782
LDpred2	1462	2783
LDpred2	1463	2783
LDpred2	1463	2785
LDpred2	1464	2785
LDpred2	1464	2786
LDpred2	1465	2786
LDpred2	1465	2787
LDpred2	1467	2787
LDpred2	1467	2788
LDpred2	1471	2788
LDpred2	1471	2789
LDpred2	1472	2789
LDpred2	1472	2790
LDpred2	1480	2790
LDpred2	1480	2791
LDpred2	1483	2791
LDpred2	1483	2792
LDpred2	1485	2792
LDpred2	1485	2793
LDpred2	1492	2793
LDpred2	1492	2794
LDpred2	1494	2794
LDpred2	1494	2796
LDpred2	1496	2796
LDpred2	1496	2798
LDpred2	1498	2798
LDpred2	1498	2800
LDpred2	1499	2800
LDpred2	1499	2802
LDpred2	1502	2802
LDpred2	1502	2804
LDpred2	1503	2804
LDpred2	1503	2805
LDpred2	1508	2805
LDpred2	1508	2806
LDpred2	1509	2806
LDpred2	1509	2807
LDpred2	1510	2807
LDpred2	1510	2810
LDpred2	1511	2810
LDpred2	1511	2812
LDpred2	1515	2812
LDpred2	1515	2815
LDpred2	1517	2815
LDpred2	1517	2817
LDpred2	1518	2817
LDpred2	1518	2818
LDpred2	1519	2818
LDpred2	1519	2820
LDpred2	1520	2820
LDpred2	1520	2821
LDpred2	1521	2821
LDpred2	1521	2822
LDpred2	1523	2822
LDpred2	1523	2823
LDpred2	1524	2823
LDpred2	1524	2824
LDpred2	1525	2824
LDpred2	1525	2826
LDpred2	1526	2826
LDpred2	1526	2829
LDpred2	1527	2829
LDpred2	1527	2830
LDpred2	1534	2830
LDpred2	1534	2832
LDpred2	1539	2832
LDpred2	1539	2834
LDpred2	1540	2834
LDpred2	1540	2835
LDpred2	1547	2835
LDpred2	1547	2840
LDpred2	1549	2840
LDpred2	1549	2843
LDpred2	1550	2843
LDpred2	1550	2844
LDpred2	1553	2844
LDpred2	1553	2845
LDpred2	1554	2845
LDpred2	1554	2849
LDpred2	1555	2849
LDpred2	1555	2851
LDpred2	1556	2851
LDpred2	1556	2852
LDpred2	1557	2852
LDpred2	1557	2854
LDpred2	1559	2854
LDpred2	1559	2855
LDpred2	1562	2855
LDpred2	1562	2857
LDpred2	1563	2857
LDpred2	1563	2858
LDpred2	1564	2858
LDpred2	1564	2861
LDpred2	1567	2861
LDpred2	1567	2862
LDpred2	1569	2862
LDpred2	1569	2863
LDpred2	1570	2863
LDpred2	1570	2864
LDpred2	1571	2864
LDpred2	1571	2866
LDpred2	1575	2866
LDpred2	1575	2868
LDpred2	1576	2868
LDpred2	1576	2871
LDpred2	1578	2871
LDpred2	1578	2872
LDpred2	1581	2872
LDpred2	1581	2873
LDpred2	1582	2873
LDpred2	1582	2874
LDpred2	1587	2874
LDpred2	1587	2876
LDpred2	1589	2876
LDpred2	1589	2877
LDpred2	1592	2877
LDpred2	1592	2878
LDpred2	1594	2878
LDpred2	1594	2881
LDpred2	1597	2881
LDpred2	1597	2883
LDpred2	1599	2883
LDpred2	1599	2886
LDpred2	1602	2886
LDpred2	1602	2887
LDpred2	1607	2887
LDpred2	1607	2892
LDpred2	1610	2892
LDpred2	1610	2893
LDpred2	1611	2893
LDpred2	1611	2894
LDpred2	1615	2894
LDpred2	1615	2895
LDpred2	1617	2895
LDpred2	1617	2897
LDpred2	1619	2897
LDpred2	1619	2898
LDpred2	1620	2898
LDpred2	1620	2900
LDpred2	1621	2900
LDpred2	1621	2901
LDpred2	1622	2901
LDpred2	1622	2902
LDpred2	1625	2902
LDpred2	1625	2903
LDpred2	1626	2903
LDpred2	1626	2905
LDpred2	1627	2905
LDpred2	1627	2910
LDpred2	1628	2910
LDpred2	1628	2913
LDpred2	1630	2913
LDpred2	1630	2917
LDpred2	1633	2917
LDpred2	1633	2918
LDpred2	1636	2918
LDpred2	1636	2919
LDpred2	1639	2919
LDpred2	1639	2920
LDpred2	1647	2920
LDpred2	1647	2922
LDpred2	1649	2922
LDpred2	1649	2924
LDpred2	1654	2924
LDpred2	1654	2925
LDpred2	1656	2925
LDpred2	1656	2927
LDpred2	1660	2927
LDpred2	1660	2928
LDpred2	1662	2928
LDpred2	1662	2929
LDpred2	1665	2929
LDpred2	1665	2930
LDpred2	1678	2930
LDpred2	1678	2931
LDpred2	1685	2931
LDpred2	1685	2932
LDpred2	1689	2932
LDpred2	1689	2935
LDpred2	1690	2935
LDpred2	1690	2937
LDpred2	1691	2937
LDpred2	1691	2939
LDpred2	1693	2939
LDpred2	1693	2941
LDpred2	1704	2941
LDpred2	1704	2942
LDpred2	1705	2942
LDpred2	1705	2945
LDpred2	1708	2945
LDpred2	1708	2946
LDpred2	1710	2946
LDpred2	1710	2947
LDpred2	1715	2947
LDpred2	1715	2950
LDpred2	1717	2950
LDpred2	1717	2951
LDpred2	1718	2951
LDpred2	1718	2952
LDpred2	1725	2952
LDpred2	1725	2953
LDpred2	1729	2953
LDpred2	1729	2954
LDpred2	1730	2954
LDpred2	1730	2955
LDpred2	1735	2955
LDpred2	1735	2956
LDpred2	1737	2956
LDpred2	1737	2957
LDpred2	1738	2957
LDpred2	1738	2958
LDpred2	1739	2958
LDpred2	1739	2959
LDpred2	1742	2959
LDpred2	1742	2960
LDpred2	1748	2960
LDpred2	1748	2962
LDpred2	1751	2962
LDpred2	1751	2963
LDpred2	1755	2963
LDpred2	1755	2964
LDpred2	1756	2964
LDpred2	1756	2965
LDpred2	1757	2965
LDpred2	1757	2967
LDpred2	1761	2967
LDpred2	1761	2968
LDpred2	1765	2968
LDpred2	1765	2969
LDpred2	1767	2969
LDpred2	1767	2970
LDpred2	1770	2970
LDpred2	1770	2972
LDpred2	1771	2972
LDpred2	1771	2974
LDpred2	1774	2974
LDpred2	1774	2976
LDpred2	1776	2976
LDpred2	1776	2977
LDpred2	1777	2977
LDpred2	1777	2979
LDpred2	1778	2979
LDpred2	1778	2980
LDpred2	1779	2980
LDpred2	1779	2981
LDpred2	1781	2981
LDpred2	1781	2983
LDpred2	1782	2983
LDpred2	1782	2984
LDpred2	1784	2984
LDpred2	1784	2985
LDpred2	1789	2985
LDpred2	1789	2986
LDpred2	1790	2986
LDpred2	1790	2988
LDpred2	1791	2988
LDpred2	1791	2989
LDpred2	1792	2989
LDpred2	1792	2991
LDpred2	1793	2991
LDpred2	1793	2993
LDpred2	1795	2993
LDpred2	1795	2994
LDpred2	1796	2994
LDpred2	1796	2995
LDpred2	1802	2995
LDpred2	1802	2997
LDpred2	1804	2997
LDpred2	1804	2998
LDpred2	1805	2998
LDpred2	1805	2999
LDpred2	1807	2999
LDpred2	1807	3001
LDpred2	1808	3001
LDpred2	1808	3002
LDpred2	1809	3002
LDpred2	1809	3003
LDpred2	1810	3003
LDpred2	1810	3004
LDpred2	1811	3004
LDpred2	1811	3005
LDpred2	1814	3005
LDpred2	1814	3006
LDpred2	1816	3006
LDpred2	1816	3007
LDpred2	1818	3007
LDpred2	1818	3008
LDpred2	1820	3008
LDpred2	1820	3009
LDpred2	1821	3009
LDpred2	1821	3010
LDpred2	1823	3010
LDpred2	1823	3012
LDpred2	1824	3012
LDpred2	1824	3015
LDpred2	1825	3015
LDpred2	1825	3016
LDpred2	1827	3016
LDpred2	1827	3018
LDpred2	1828	3018
LDpred2	1828	3020
LDpred2	1832	3020
LDpred2	1832	3021
LDpred2	1837	3021
LDpred2	1837	3023
LDpred2	1839	3023
LDpred2	1839	3024
LDpred2	1841	3024
LDpred2	1841	3025
LDpred2	1845	3025
LDpred2	1845	3026
LDpred2	1846	3026
LDpred2	1846	3027
LDpred2	1848	3027
LDpred2	1848	3029
LDpred2	1850	3029
LDpred2	1850	3031
LDpred2	1858	3031
LDpred2	1858	3033
LDpred2	1860	3033
LDpred2	1860	3034
LDpred2	1861	3034
LDpred2	1861	3035
LDpred2	1862	3035
LDpred2	1862	3036
LDpred2	1865	3036
LDpred2	1865	3038
LDpred2	1868	3038
LDpred2	1868	3040
LDpred2	1873	3040
LDpred2	1873	3043
LDpred2	1874	3043
LDpred2	1874	3045
LDpred2	1877	3045
LDpred2	1877	3046
LDpred2	1880	3046
LDpred2	1880	3047
LDpred2	1892	3047
LDpred2	1892	3049
LDpred2	1893	3049
LDpred2	1893	3053
LDpred2	1894	3053
LDpred2	1894	3056
LDpred2	1895	3056
LDpred2	1895	3058
LDpred2	1904	3058
LDpred2	1904	3059
LDpred2	1907	3059
LDpred2	1907	3063
LDpred2	1909	3063
LDpred2	1909	3064
LDpred2	1913	3064
LDpred2	1913	3067
LDpred2	1917	3067
LDpred2	1917	3068
LDpred2	1918	3068
LDpred2	1918	3070
LDpred2	1919	3070
LDpred2	1919	3073
LDpred2	1926	3073
LDpred2	1926	3074
LDpred2	1930	3074
LDpred2	1930	3076
LDpred2	1932	3076
LDpred2	1932	3079
LDpred2	1934	3079
LDpred2	1934	3080
LDpred2	1939	3080
LDpred2	1939	3082
LDpred2	1941	3082
LDpred2	1941	3083
LDpred2	1944	3083
LDpred2	1944	3087
LDpred2	1945	3087
LDpred2	1945	3088
LDpred2	1946	3088
LDpred2	1946	3089
LDpred2	1949	3089
LDpred2	1949	3090
LDpred2	1953	3090
LDpred2	1953	3091
LDpred2	1954	3091
LDpred2	1954	3093
LDpred2	1955	3093
LDpred2	1955	3094
LDpred2	1959	3094
LDpred2	1959	3095
LDpred2	1960	3095
LDpred2	1960	3097
LDpred2	1961	3097
LDpred2	1961	3099
LDpred2	1965	3099
LDpred2	1965	3100
LDpred2	1968	3100
LDpred2	1968	3101
LDpred2	1969	3101
LDpred2	1969	3102
LDpred2	1971	3102
LDpred2	1971	3104
LDpred2	1973	3104
LDpred2	1973	3105
LDpred2	1975	3105
LDpred2	1975	3107
LDpred2	1977	3107
LDpred2	1977	3108
LDpred2	1981	3108
LDpred2	1981	3109
LDpred2	1985	3109
LDpred2	1985	3110
LDpred2	1987	3110
LDpred2	1987	3111
LDpred2	1989	3111
LDpred2	1989	3113
LDpred2	1992	3113
LDpred2	1992	3115
LDpred2	1995	3115
LDpred2	1995	3116
LDpred2	2000	3116
LDpred2	2000	3117
LDpred2	2006	3117
LDpred2	2006	3118
LDpred2	2009	3118
LDpred2	2009	3119
LDpred2	2015	3119
LDpred2	2015	3122
LDpred2	2017	3122
LDpred2	2017	3127
LDpred2	2020	3127
LDpred2	2020	3128
LDpred2	2021	3128
LDpred2	2021	3129
LDpred2	2022	3129
LDpred2	2022	3131
LDpred2	2027	3131
LDpred2	2027	3132
LDpred2	2028	3132
LDpred2	2028	3133
LDpred2	2029	3133
LDpred2	2029	3134
LDpred2	2030	3134
LDpred2	2030	3135
LDpred2	2036	3135
LDpred2	2036	3136
LDpred2	2037	3136
LDpred2	2037	3137
LDpred2	2038	3137
LDpred2	2038	3138
LDpred2	2040	3138
LDpred2	2040	3139
LDpred2	2042	3139
LDpred2	2042	3140
LDpred2	2043	3140
LDpred2	2043	3141
LDpred2	2046	3141
LDpred2	2046	3143
LDpred2	2052	3143
LDpred2	2052	3144
LDpred2	2054	3144
LDpred2	2054	3145
LDpred2	2055	3145
LDpred2	2055	3146
LDpred2	2059	3146
LDpred2	2059	3148
LDpred2	2061	3148
LDpred2	2061	3150
LDpred2	2065	3150
LDpred2	2065	3152
LDpred2	2067	3152
LDpred2	2067	3154
LDpred2	2069	3154
LDpred2	2069	3156
LDpred2	2070	3156
LDpred2	2070	3157
LDpred2	2073	3157
LDpred2	2073	3161
LDpred2	2074	3161
LDpred2	2074	3162
LDpred2	2075	3162
LDpred2	2075	3163
LDpred2	2078	3163
LDpred2	2078	3165
LDpred2	2083	3165
LDpred2	2083	3167
LDpred2	2084	3167
LDpred2	2084	3168
LDpred2	2085	3168
LDpred2	2085	3170
LDpred2	2088	3170
LDpred2	2088	3171
LDpred2	2089	3171
LDpred2	2089	3172
LDpred2	2091	3172
LDpred2	2091	3174
LDpred2	2094	3174
LDpred2	2094	3175
LDpred2	2097	3175
LDpred2	2097	3176
LDpred2	2099	3176
LDpred2	2099	3177
LDpred2	2100	3177
LDpred2	2100	3178
LDpred2	2105	3178
LDpred2	2105	3179
LDpred2	2114	3179
LDpred2	2114	3181
LDpred2	2115	3181
LDpred2	2115	3184
LDpred2	2119	3184
LDpred2	2119	3185
LDpred2	2120	3185
LDpred2	2120	3187
LDpred2	2126	3187
LDpred2	2126	3188
LDpred2	2127	3188
LDpred2	2127	3190
LDpred2	2128	3190
LDpred2	2128	3191
LDpred2	2136	3191
LDpred2	2136	3192
LDpred2	2139	3192
LDpred2	2139	3193
LDpred2	2140	3193
LDpred2	2140	3197
LDpred2	2141	3197
LDpred2	2141	3198
LDpred2	2142	3198
LDpred2	2142	3199
LDpred2	2144	3199
LDpred2	2144	3202
LDpred2	2146	3202
LDpred2	2146	3204
LDpred2	2147	3204
LDpred2	2147	3205
LDpred2	2148	3205
LDpred2	2148	3209
LDpred2	2149	3209
LDpred2	2149	3210
LDpred2	2150	3210
LDpred2	2150	3211
LDpred2	2154	3211
LDpred2	2154	3212
LDpred2	2156	3212
LDpred2	2156	3213
LDpred2	2161	3213
LDpred2	2161	3216
LDpred2	2162	3216
LDpred2	2162	3217
LDpred2	2163	3217
LDpred2	2163	3218
LDpred2	2166	3218
LDpred2	2166	3219
LDpred2	2174	3219
LDpred2	2174	3220
LDpred2	2176	3220
LDpred2	2176	3222
LDpred2	2178	3222
LDpred2	2178	3223
LDpred2	2179	3223
LDpred2	2179	3224
LDpred2	2181	3224
LDpred2	2181	3226
LDpred2	2186	3226
LDpred2	2186	3227
LDpred2	2189	3227
LDpred2	2189	3228
LDpred2	2197	3228
LDpred2	2197	3230
LDpred2	2198	3230
LDpred2	2198	3235
LDpred2	2202	3235
LDpred2	2202	3236
LDpred2	2203	3236
LDpred2	2203	3237
LDpred2	2205	3237
LDpred2	2205	3239
LDpred2	2214	3239
LDpred2	2214	3240
LDpred2	2217	3240
LDpred2	2217	3241
LDpred2	2219	3241
LDpred2	2219	3242
LDpred2	2220	3242
LDpred2	2220	3243
LDpred2	2221	3243
LDpred2	2221	3244
LDpred2	2230	3244
LDpred2	2230	3245
LDpred2	2232	3245
LDpred2	2232	3246
LDpred2	2236	3246
LDpred2	2236	3248
LDpred2	2238	3248
LDpred2	2238	3249
LDpred2	2239	3249
LDpred2	2239	3250
LDpred2	2242	3250
LDpred2	2242	3252
LDpred2	2243	3252
LDpred2	2243	3253
LDpred2	2245	3253
LDpred2	2245	3255
LDpred2	2246	3255
LDpred2	2246	3256
LDpred2	2248	3256
LDpred2	2248	3257
LDpred2	2249	3257
LDpred2	2249	3258
LDpred2	2253	3258
LDpred2	2253	3259
LDpred2	2259	3259
LDpred2	2259	3260
LDpred2	2261	3260
LDpred2	2261	3261
LDpred2	2266	3261
LDpred2	2266	3262
LDpred2	2273	3262
LDpred2	2273	3263
LDpred2	2275	3263
LDpred2	2275	3264
LDpred2	2280	3264
LDpred2	2280	3265
LDpred2	2282	3265
LDpred2	2282	3266
LDpred2	2284	3266
LDpred2	2284	3268
LDpred2	2288	3268
LDpred2	2288	3269
LDpred2	2291	3269
LDpred2	2291	3270
LDpred2	2298	3270
LDpred2	2298	3271
LDpred2	2302	3271
LDpred2	2302	3272
LDpred2	2306	3272
LDpred2	2306	3274
LDpred2	2308	3274
LDpred2	2308	3275
LDpred2	2312	3275
LDpred2	2312	3276
LDpred2	2314	3276
LDpred2	2314	3277
LDpred2	2317	3277
LDpred2	2317	3279
LDpred2	2318	3279
LDpred2	2318	3280
LDpred2	2319	3280
LDpred2	2319	3281
LDpred2	2326	3281
LDpred2	2326	3282
LDpred2	2328	3282
LDpred2	2328	3285
LDpred2	2329	3285
LDpred2	2329	3287
LDpred2	2331	3287
LDpred2	2331	3288
LDpred2	2343	3288
LDpred2	2343	3291
LDpred2	2344	3291
LDpred2	2344	3292
LDpred2	2353	3292
LDpred2	2353	3293
LDpred2	2355	3293
LDpred2	2355	3294
LDpred2	2364	3294
LDpred2	2364	3295
LDpred2	2369	3295
LDpred2	2369	3296
LDpred2	2373	3296
LDpred2	2373	3297
LDpred2	2376	3297
LDpred2	2376	3298
LDpred2	2378	3298
LDpred2	2378	3299
LDpred2	2380	3299
LDpred2	2380	3301
LDpred2	2385	3301
LDpred2	2385	3303
LDpred2	2388	3303
LDpred2	2388	3307
LDpred2	2393	3307
LDpred2	2393	3308
LDpred2	2396	3308
LDpred2	2396	3309
LDpred2	2397	3309
LDpred2	2397	3312
LDpred2	2398	3312
LDpred2	2398	3313
LDpred2	2399	3313
LDpred2	2399	3315
LDpred2	2400	3315
LDpred2	2400	3316
LDpred2	2401	3316
LDpred2	2401	3317
LDpred2	2404	3317
LDpred2	2404	3318
LDpred2	2408	3318
LDpred2	2408	3319
LDpred2	2410	3319
LDpred2	2410	3321
LDpred2	2412	3321
LDpred2	2412	3322
LDpred2	2414	3322
LDpred2	2414	3323
LDpred2	2415	3323
LDpred2	2415	3324
LDpred2	2419	3324
LDpred2	2419	3326
LDpred2	2427	3326
LDpred2	2427	3328
LDpred2	2432	3328
LDpred2	2432	3329
LDpred2	2433	3329
LDpred2	2433	3330
LDpred2	2435	3330
LDpred2	2435	3331
LDpred2	2437	3331
LDpred2	2437	3332
LDpred2	2445	3332
LDpred2	2445	3333
LDpred2	2462	3333
LDpred2	2462	3334
LDpred2	2467	3334
LDpred2	2467	3336
LDpred2	2471	3336
LDpred2	2471	3337
LDpred2	2474	3337
LDpred2	2474	3338
LDpred2	2477	3338
LDpred2	2477	3339
LDpred2	2478	3339
LDpred2	2478	3341
LDpred2	2479	3341
LDpred2	2479	3342
LDpred2	2490	3342
LDpred2	2490	3345
LDpred2	2493	3345
LDpred2	2493	3346
LDpred2	2494	3346
LDpred2	2494	3347
LDpred2	2495	3347
LDpred2	2495	3348
LDpred2	2496	3348
LDpred2	2496	3349
LDpred2	2497	3349
LDpred2	2497	3351
LDpred2	2501	3351
LDpred2	2501	3354
LDpred2	2504	3354
LDpred2	2504	3355
LDpred2	2505	3355
LDpred2	2505	3356
LDpred2	2507	3356
LDpred2	2507	3357
LDpred2	2508	3357
LDpred2	2508	3358
LDpred2	2511	3358
LDpred2	2511	3359
LDpred2	2512	3359
LDpred2	2512	3361
LDpred2	2513	3361
LDpred2	2513	3362
LDpred2	2515	3362
LDpred2	2515	3365
LDpred2	2517	3365
LDpred2	2517	3366
LDpred2	2518	3366
LDpred2	2518	3367
LDpred2	2520	3367
LDpred2	2520	3369
LDpred2	2528	3369
LDpred2	2528	3372
LDpred2	2534	3372
LDpred2	2534	3374
LDpred2	2537	3374
LDpred2	2537	3376
LDpred2	2538	3376
LDpred2	2538	3377
LDpred2	2539	3377
LDpred2	2539	3378
LDpred2	2544	3378
LDpred2	2544	3380
LDpred2	2545	3380
LDpred2	2545	3382
LDpred2	2549	3382
LDpred2	2549	3384
LDpred2	2550	3384
LDpred2	2550	3386
LDpred2	2557	3386
LDpred2	2557	3387
LDpred2	2558	3387
LDpred2	2558	3390
LDpred2	2559	3390
LDpred2	2559	3391
LDpred2	2562	3391
LDpred2	2562	3392
LDpred2	2564	3392
LDpred2	2564	3393
LDpred2	2566	3393
LDpred2	2566	3394
LDpred2	2569	3394
LDpred2	2569	3395
LDpred2	2571	3395
LDpred2	2571	3397
LDpred2	2576	3397
LDpred2	2576	3400
LDpred2	2578	3400
LDpred2	2578	3402
LDpred2	2579	3402
LDpred2	2579	3404
LDpred2	2580	3404
LDpred2	2580	3405
LDpred2	2581	3405
LDpred2	2581	3407
LDpred2	2587	3407
LDpred2	2587	3409
LDpred2	2588	3409
LDpred2	2588	3410
LDpred2	2593	3410
LDpred2	2593	3412
LDpred2	2598	3412
LDpred2	2598	3414
LDpred2	2599	3414
LDpred2	2599	3416
LDpred2	2600	3416
LDpred2	2600	3417
LDpred2	2601	3417
LDpred2	2601	3418
LDpred2	2603	3418
LDpred2	2603	3419
LDpred2	2607	3419
LDpred2	2607	3420
LDpred2	2609	3420
LDpred2	2609	3422
LDpred2	2611	3422
LDpred2	2611	3424
LDpred2	2612	3424
LDpred2	2612	3427
LDpred2	2616	3427
LDpred2	2616	3428
LDpred2	2617	3428
LDpred2	2617	3429
LDpred2	2620	3429
LDpred2	2620	3430
LDpred2	2621	3430
LDpred2	2621	3432
LDpred2	2625	3432
LDpred2	2625	3433
LDpred2	2627	3433
LDpred2	2627	3434
LDpred2	2629	3434
LDpred2	2629	3437
LDpred2	2638	3437
LDpred2	2638	3438
LDpred2	2640	3438
LDpred2	2640	3439
LDpred2	2641	3439
LDpred2	2641	3440
LDpred2	2649	3440
LDpred2	2649	3441
LDpred2	2651	3441
LDpred2	2651	3442
LDpred2	2655	3442
LDpred2	2655	3443
LDpred2	2656	3443
LDpred2	2656	3445
LDpred2	2657	3445
LDpred2	2657	3446
LDpred2	2659	3446
LDpred2	2659	3448
LDpred2	2660	3448
LDpred2	2660	3449
LDpred2	2662	3449
LDpred2	2662	3450
LDpred2	2664	3450
LDpred2	2664	3451
LDpred2	2666	3451
LDpred2	2666	3452
LDpred2	2668	3452
LDpred2	2668	3455
LDpred2	2670	3455
LDpred2	2670	3457
LDpred2	2677	3457
LDpred2	2677	3458
LDpred2	2679	3458
LDpred2	2679	3459
LDpred2	2681	3459
LDpred2	2681	3461
LDpred2	2685	3461
LDpred2	2685	3462
LDpred2	2689	3462
LDpred2	2689	3465
LDpred2	2690	3465
LDpred2	2690	3466
LDpred2	2691	3466
LDpred2	2691	3467
LDpred2	2694	3467
LDpred2	2694	3468
LDpred2	2695	3468
LDpred2	2695	3469
LDpred2	2698	3469
LDpred2	2698	3470
LDpred2	2701	3470
LDpred2	2701	3471
LDpred2	2702	3471
LDpred2	2702	3472
LDpred2	2706	3472
LDpred2	2706	3473
LDpred2	2710	3473
LDpred2	2710	3475
LDpred2	2712	3475
LDpred2	2712	3476
LDpred2	2715	3476
LDpred2	2715	3477
LDpred2	2721	3477
LDpred2	2721	3478
LDpred2	2722	3478
LDpred2	2722	3479
LDpred2	2724	3479
LDpred2	2724	3480
LDpred2	2733	3480
LDpred2	2733	3481
LDpred2	2734	3481
LDpred2	2734	3484
LDpred2	2739	3484
LDpred2	2739	3485
LDpred2	2743	3485
LDpred2	2743	3486
LDpred2	2744	3486
LDpred2	2744	3487
LDpred2	2745	3487
LDpred2	2745	3488
LDpred2	2747	3488
LDpred2	2747	3490
LDpred2	2753	3490
LDpred2	2753	3492
LDpred2	2756	3492
LDpred2	2756	3494
LDpred2	2758	3494
LDpred2	2758	3497
LDpred2	2759	3497
LDpred2	2759	3498
LDpred2	2764	3498
LDpred2	2764	3499
LDpred2	2774	3499
LDpred2	2774	3503
LDpred2	2777	3503
LDpred2	2777	3506
LDpred2	2782	3506
LDpred2	2782	3507
LDpred2	2789	3507
LDpred2	2789	3509
LDpred2	2790	3509
LDpred2	2790	3510
LDpred2	2791	3510
LDpred2	2791	3511
LDpred2	2793	3511
LDpred2	2793	3512
LDpred2	2795	3512
LDpred2	2795	3514
LDpred2	2798	3514
LDpred2	2798	3515
LDpred2	2801	3515
LDpred2	2801	3517
LDpred2	2802	3517
LDpred2	2802	3518
LDpred2	2803	3518
LDpred2	2803	3520
LDpred2	2807	3520
LDpred2	2807	3522
LDpred2	2809	3522
LDpred2	2809	3527
LDpred2	2810	3527
LDpred2	2810	3528
LDpred2	2815	3528
LDpred2	2815	3529
LDpred2	2816	3529
LDpred2	2816	3530
LDpred2	2818	3530
LDpred2	2818	3531
LDpred2	2821	3531
LDpred2	2821	3532
LDpred2	2823	3532
LDpred2	2823	3533
LDpred2	2824	3533
LDpred2	2824	3534
LDpred2	2827	3534
LDpred2	2827	3537
LDpred2	2828	3537
LDpred2	2828	3538
LDpred2	2829	3538
LDpred2	2829	3543
LDpred2	2830	3543
LDpred2	2830	3545
LDpred2	2840	3545
LDpred2	2840	3546
LDpred2	2841	3546
LDpred2	2841	3547
LDpred2	2842	3547
LDpred2	2842	3548
LDpred2	2844	3548
LDpred2	2844	3549
LDpred2	2848	3549
LDpred2	2848	3550
LDpred2	2849	3550
LDpred2	2849	3551
LDpred2	2853	3551
LDpred2	2853	3552
LDpred2	2854	3552
LDpred2	2854	3553
LDpred2	2855	3553
LDpred2	2855	3554
LDpred2	2858	3554
LDpred2	2858	3556
LDpred2	2864	3556
LDpred2	2864	3566
LDpred2	2865	3566
LDpred2	2865	3567
LDpred2	2866	3567
LDpred2	2866	3568
LDpred2	2868	3568
LDpred2	2868	3569
LDpred2	2869	3569
LDpred2	2869	3570
LDpred2	2873	3570
LDpred2	2873	3572
LDpred2	2874	3572
LDpred2	2874	3573
LDpred2	2876	3573
LDpred2	2876	3574
LDpred2	2878	3574
LDpred2	2878	3575
LDpred2	2880	3575
LDpred2	2880	3576
LDpred2	2882	3576
LDpred2	2882	3577
LDpred2	2884	3577
LDpred2	2884	3578
LDpred2	2898	3578
LDpred2	2898	3579
LDpred2	2901	3579
LDpred2	2901	3580
LDpred2	2906	3580
LDpred2	2906	3581
LDpred2	2907	3581
LDpred2	2907	3583
LDpred2	2908	3583
LDpred2	2908	3584
LDpred2	2909	3584
LDpred2	2909	3585
LDpred2	2910	3585
LDpred2	2910	3586
LDpred2	2913	3586
LDpred2	2913	3589
LDpred2	2914	3589
LDpred2	2914	3590
LDpred2	2915	3590
LDpred2	2915	3591
LDpred2	2916	3591
LDpred2	2916	3592
LDpred2	2917	3592
LDpred2	2917	3593
LDpred2	2918	3593
LDpred2	2918	3594
LDpred2	2927	3594
LDpred2	2927	3596
LDpred2	2929	3596
LDpred2	2929	3598
LDpred2	2931	3598
LDpred2	2931	3600
LDpred2	2933	3600
LDpred2	2933	3601
LDpred2	2935	3601
LDpred2	2935	3602
LDpred2	2938	3602
LDpred2	2938	3603
LDpred2	2939	3603
LDpred2	2939	3604
LDpred2	2944	3604
LDpred2	2944	3605
LDpred2	2945	3605
LDpred2	2945	3606
LDpred2	2946	3606
LDpred2	2946	3607
LDpred2	2953	3607
LDpred2	2953	3613
LDpred2	2955	3613
LDpred2	2955	3614
LDpred2	2959	3614
LDpred2	2959	3615
LDpred2	2960	3615
LDpred2	2960	3617
LDpred2	2961	3617
LDpred2	2961	3618
LDpred2	2963	3618
LDpred2	2963	3619
LDpred2	2964	3619
LDpred2	2964	3620
LDpred2	2966	3620
LDpred2	2966	3621
LDpred2	2972	3621
LDpred2	2972	3622
LDpred2	2973	3622
LDpred2	2973	3624
LDpred2	2974	3624
LDpred2	2974	3625
LDpred2	2979	3625
LDpred2	2979	3626
LDpred2	2984	3626
LDpred2	2984	3630
LDpred2	2990	3630
LDpred2	2990	3633
LDpred2	3003	3633
LDpred2	3003	3634
LDpred2	3006	3634
LDpred2	3006	3636
LDpred2	3008	3636
LDpred2	3008	3637
LDpred2	3014	3637
LDpred2	3014	3638
LDpred2	3023	3638
LDpred2	3023	3639
LDpred2	3025	3639
LDpred2	3025	3640
LDpred2	3029	3640
LDpred2	3029	3641
LDpred2	3032	3641
LDpred2	3032	3642
LDpred2	3033	3642
LDpred2	3033	3643
LDpred2	3036	3643
LDpred2	3036	3644
LDpred2	3037	3644
LDpred2	3037	3645
LDpred2	3045	3645
LDpred2	3045	3646
LDpred2	3048	3646
LDpred2	3048	3647
LDpred2	3053	3647
LDpred2	3053	3648
LDpred2	3055	3648
LDpred2	3055	3652
LDpred2	3057	3652
LDpred2	3057	3653
LDpred2	3058	3653
LDpred2	3058	3654
LDpred2	3060	3654
LDpred2	3060	3655
LDpred2	3061	3655
LDpred2	3061	3657
LDpred2	3079	3657
LDpred2	3079	3658
LDpred2	3084	3658
LDpred2	3084	3659
LDpred2	3085	3659
LDpred2	3085	3664
LDpred2	3089	3664
LDpred2	3089	3665
LDpred2	3091	3665
LDpred2	3091	3667
LDpred2	3095	3667
LDpred2	3095	3668
LDpred2	3098	3668
LDpred2	3098	3669
LDpred2	3103	3669
LDpred2	3103	3670
LDpred2	3105	3670
LDpred2	3105	3673
LDpred2	3108	3673
LDpred2	3108	3674
LDpred2	3111	3674
LDpred2	3111	3675
LDpred2	3117	3675
LDpred2	3117	3676
LDpred2	3118	3676
LDpred2	3118	3677
LDpred2	3119	3677
LDpred2	3119	3680
LDpred2	3121	3680
LDpred2	3121	3681
LDpred2	3122	3681
LDpred2	3122	3682
LDpred2	3123	3682
LDpred2	3123	3683
LDpred2	3124	3683
LDpred2	3124	3684
LDpred2	3125	3684
LDpred2	3125	3685
LDpred2	3128	3685
LDpred2	3128	3687
LDpred2	3129	3687
LDpred2	3129	3688
LDpred2	3134	3688
LDpred2	3134	3689
LDpred2	3136	3689
LDpred2	3136	3690
LDpred2	3138	3690
LDpred2	3138	3691
LDpred2	3140	3691
LDpred2	3140	3692
LDpred2	3141	3692
LDpred2	3141	3695
LDpred2	3144	3695
LDpred2	3144	3696
LDpred2	3149	3696
LDpred2	3149	3697
LDpred2	3154	3697
LDpred2	3154	3698
LDpred2	3155	3698
LDpred2	3155	3699
LDpred2	3156	3699
LDpred2	3156	3701
LDpred2	3161	3701
LDpred2	3161	3703
LDpred2	3168	3703
LDpred2	3168	3704
LDpred2	3173	3704
LDpred2	3173	3706
LDpred2	3174	3706
LDpred2	3174	3707
LDpred2	3175	3707
LDpred2	3175	3708
LDpred2	3176	3708
LDpred2	3176	3710
LDpred2	3177	3710
LDpred2	3177	3712
LDpred2	3179	3712
LDpred2	3179	3713
LDpred2	3183	3713
LDpred2	3183	3714
LDpred2	3184	3714
LDpred2	3184	3715
LDpred2	3185	3715
LDpred2	3185	3719
LDpred2	3191	3719
LDpred2	3191	3720
LDpred2	3194	3720
LDpred2	3194	3721
LDpred2	3199	3721
LDpred2	3199	3724
LDpred2	3207	3724
LDpred2	3207	3725
LDpred2	3211	3725
LDpred2	3211	3726
LDpred2	3212	3726
LDpred2	3212	3729
LDpred2	3214	3729
LDpred2	3214	3732
LDpred2	3219	3732
LDpred2	3219	3733
LDpred2	3221	3733
LDpred2	3221	3735
LDpred2	3226	3735
LDpred2	3226	3738
LDpred2	3227	3738
LDpred2	3227	3739
LDpred2	3230	3739
LDpred2	3230	3742
LDpred2	3237	3742
LDpred2	3237	3743
LDpred2	3238	3743
LDpred2	3238	3744
LDpred2	3239	3744
LDpred2	3239	3745
LDpred2	3240	3745
LDpred2	3240	3747
LDpred2	3246	3747
LDpred2	3246	3748
LDpred2	3248	3748
LDpred2	3248	3749
LDpred2	3250	3749
LDpred2	3250	3750
LDpred2	3254	3750
LDpred2	3254	3751
LDpred2	3258	3751
LDpred2	3258	3752
LDpred2	3262	3752
LDpred2	3262	3753
LDpred2	3264	3753
LDpred2	3264	3755
LDpred2	3265	3755
LDpred2	3265	3756
LDpred2	3266	3756
LDpred2	3266	3757
LDpred2	3267	3757
LDpred2	3267	3758
LDpred2	3268	3758
LDpred2	3268	3759
LDpred2	3273	3759
LDpred2	3273	3761
LDpred2	3278	3761
LDpred2	3278	3762
LDpred2	3280	3762
LDpred2	3280	3764
LDpred2	3282	3764
LDpred2	3282	3766
LDpred2	3289	3766
LDpred2	3289	3767
LDpred2	3293	3767
LDpred2	3293	3768
LDpred2	3297	3768
LDpred2	3297	3769
LDpred2	3298	3769
LDpred2	3298	3770
LDpred2	3299	3770
LDpred2	3299	3772
LDpred2	3300	3772
LDpred2	3300	3773
LDpred2	3311	3773
LDpred2	3311	3774
LDpred2	3312	3774
LDpred2	3312	3775
LDpred2	3314	3775
LDpred2	3314	3777
LDpred2	3315	3777
LDpred2	3315	3778
LDpred2	3318	3778
LDpred2	3318	3781
LDpred2	3321	3781
LDpred2	3321	3782
LDpred2	3322	3782
LDpred2	3322	3783
LDpred2	3329	3783
LDpred2	3329	3784
LDpred2	3332	3784
LDpred2	3332	3785
LDpred2	3336	3785
LDpred2	3336	3787
LDpred2	3343	3787
LDpred2	3343	3788
LDpred2	3344	3788
LDpred2	3344	3789
LDpred2	3349	3789
LDpred2	3349	3790
LDpred2	3350	3790
LDpred2	3350	3791
LDpred2	3351	3791
LDpred2	3351	3792
LDpred2	3352	3792
LDpred2	3352	3793
LDpred2	3355	3793
LDpred2	3355	3794
LDpred2	3357	3794
LDpred2	3357	3796
LDpred2	3358	3796
LDpred2	3358	3797
LDpred2	3360	3797
LDpred2	3360	3798
LDpred2	3363	3798
LDpred2	3363	3799
LDpred2	3370	3799
LDpred2	3370	3800
LDpred2	3371	3800
LDpred2	3371	3801
LDpred2	3373	3801
LDpred2	3373	3802
LDpred2	3377	3802
LDpred2	3377	3805
LDpred2	3379	3805
LDpred2	3379	3807
LDpred2	3383	3807
LDpred2	3383	3808
LDpred2	3385	3808
LDpred2	3385	3810
LDpred2	3386	3810
LDpred2	3386	3811
LDpred2	3388	3811
LDpred2	3388	3812
LDpred2	3401	3812
LDpred2	3401	3814
LDpred2	3406	3814
LDpred2	3406	3815
LDpred2	3407	3815
LDpred2	3407	3816
LDpred2	3408	3816
LDpred2	3408	3817
LDpred2	3415	3817
LDpred2	3415	3818
LDpred2	3419	3818
LDpred2	3419	3820
LDpred2	3424	3820
LDpred2	3424	3821
LDpred2	3441	3821
LDpred2	3441	3822
LDpred2	3443	3822
LDpred2	3443	3823
LDpred2	3449	3823
LDpred2	3449	3824
LDpred2	3450	3824
LDpred2	3450	3826
LDpred2	3451	3826
LDpred2	3451	3828
LDpred2	3453	3828
LDpred2	3453	3829
LDpred2	3454	3829
LDpred2	3454	3830
LDpred2	3458	3830
LDpred2	3458	3831
LDpred2	3462	3831
LDpred2	3462	3832
LDpred2	3464	3832
LDpred2	3464	3833
LDpred2	3466	3833
LDpred2	3466	3836
LDpred2	3469	3836
LDpred2	3469	3837
LDpred2	3474	3837
LDpred2	3474	3842
LDpred2	3478	3842
LDpred2	3478	3843
LDpred2	3479	3843
LDpred2	3479	3844
LDpred2	3480	3844
LDpred2	3480	3847
LDpred2	3485	3847
LDpred2	3485	3848
LDpred2	3486	3848
LDpred2	3486	3849
LDpred2	3487	3849
LDpred2	3487	3850
LDpred2	3488	3850
LDpred2	3488	3852
LDpred2	3489	3852
LDpred2	3489	3853
LDpred2	3492	3853
LDpred2	3492	3854
LDpred2	3494	3854
LDpred2	3494	3857
LDpred2	3495	3857
LDpred2	3495	3858
LDpred2	3497	3858
LDpred2	3497	3859
LDpred2	3499	3859
LDpred2	3499	3861
LDpred2	3500	3861
LDpred2	3500	3862
LDpred2	3501	3862
LDpred2	3501	3863
LDpred2	3506	3863
LDpred2	3506	3865
LDpred2	3508	3865
LDpred2	3508	3866
LDpred2	3510	3866
LDpred2	3510	3868
LDpred2	3516	3868
LDpred2	3516	3869
LDpred2	3517	3869
LDpred2	3517	3871
LDpred2	3518	3871
LDpred2	3518	3872
LDpred2	3536	3872
LDpred2	3536	3873
LDpred2	3543	3873
LDpred2	3543	3874
LDpred2	3544	3874
LDpred2	3544	3875
LDpred2	3545	3875
LDpred2	3545	3876
LDpred2	3552	3876
LDpred2	3552	3877
LDpred2	3556	3877
LDpred2	3556	3880
LDpred2	3567	3880
LDpred2	3567	3882
LDpred2	3570	3882
LDpred2	3570	3883
LDpred2	3575	3883
LDpred2	3575	3884
LDpred2	3576	3884
LDpred2	3576	3885
LDpred2	3577	3885
LDpred2	3577	3886
LDpred2	3578	3886
LDpred2	3578	3889
LDpred2	3582	3889
LDpred2	3582	3890
LDpred2	3585	3890
LDpred2	3585	3891
LDpred2	3587	3891
LDpred2	3587	3892
LDpred2	3588	3892
LDpred2	3588	3893
LDpred2	3594	3893
LDpred2	3594	3894
LDpred2	3598	3894
LDpred2	3598	3897
LDpred2	3600	3897
LDpred2	3600	3898
LDpred2	3601	3898
LDpred2	3601	3899
LDpred2	3604	3899
LDpred2	3604	3900
LDpred2	3609	3900
LDpred2	3609	3902
LDpred2	3613	3902
LDpred2	3613	3903
LDpred2	3617	3903
LDpred2	3617	3904
LDpred2	3625	3904
LDpred2	3625	3906
LDpred2	3626	3906
LDpred2	3626	3907
LDpred2	3627	3907
LDpred2	3627	3908
LDpred2	3629	3908
LDpred2	3629	3909
LDpred2	3636	3909
LDpred2	3636	3910
LDpred2	3637	3910
LDpred2	3637	3913
LDpred2	3639	3913
LDpred2	3639	3914
LDpred2	3642	3914
LDpred2	3642	3916
LDpred2	3647	3916
LDpred2	3647	3917
LDpred2	3648	3917
LDpred2	3648	3918
LDpred2	3649	3918
LDpred2	3649	3921
LDpred2	3652	3921
LDpred2	3652	3922
LDpred2	3653	3922
LDpred2	3653	3923
LDpred2	3656	3923
LDpred2	3656	3924
LDpred2	3660	3924
LDpred2	3660	3926
LDpred2	3663	3926
LDpred2	3663	3929
LDpred2	3666	3929
LDpred2	3666	3930
LDpred2	3670	3930
LDpred2	3670	3934
LDpred2	3673	3934
LDpred2	3673	3936
LDpred2	3677	3936
LDpred2	3677	3938
LDpred2	3686	3938
LDpred2	3686	3940
LDpred2	3687	3940
LDpred2	3687	3941
LDpred2	3688	3941
LDpred2	3688	3942
LDpred2	3691	3942
LDpred2	3691	3944
LDpred2	3694	3944
LDpred2	3694	3945
LDpred2	3696	3945
LDpred2	3696	3946
LDpred2	3697	3946
LDpred2	3697	3947
LDpred2	3698	3947
LDpred2	3698	3948
LDpred2	3701	3948
LDpred2	3701	3949
LDpred2	3714	3949
LDpred2	3714	3951
LDpred2	3715	3951
LDpred2	3715	3952
LDpred2	3716	3952
LDpred2	3716	3953
LDpred2	3722	3953
LDpred2	3722	3954
LDpred2	3723	3954
LDpred2	3723	3956
LDpred2	3736	3956
LDpred2	3736	3958
LDpred2	3737	3958
LDpred2	3737	3959
LDpred2	3738	3959
LDpred2	3738	3961
LDpred2	3744	3961
LDpred2	3744	3963
LDpred2	3753	3963
LDpred2	3753	3964
LDpred2	3754	3964
LDpred2	3754	3966
LDpred2	3757	3966
LDpred2	3757	3968
LDpred2	3762	3968
LDpred2	3762	3971
LDpred2	3766	3971
LDpred2	3766	3972
LDpred2	3767	3972
LDpred2	3767	3973
LDpred2	3768	3973
LDpred2	3768	3975
LDpred2	3769	3975
LDpred2	3769	3976
LDpred2	3770	3976
LDpred2	3770	3977
LDpred2	3771	3977
LDpred2	3771	3978
LDpred2	3772	3978
LDpred2	3772	3979
LDpred2	3779	3979
LDpred2	3779	3980
LDpred2	3780	3980
LDpred2	3780	3981
LDpred2	3782	3981
LDpred2	3782	3983
LDpred2	3788	3983
LDpred2	3788	3984
LDpred2	3789	3984
LDpred2	3789	3986
LDpred2	3791	3986
LDpred2	3791	3988
LDpred2	3792	3988
LDpred2	3792	3989
LDpred2	3798	3989
LDpred2	3798	3990
LDpred2	3804	3990
LDpred2	3804	3991
LDpred2	3809	3991
LDpred2	3809	3992
LDpred2	3810	3992
LDpred2	3810	3993
LDpred2	3811	3993
LDpred2	3811	3994
LDpred2	3812	3994
LDpred2	3812	3995
LDpred2	3813	3995
LDpred2	3813	3996
LDpred2	3814	3996
LDpred2	3814	3997
LDpred2	3815	3997
LDpred2	3815	3998
LDpred2	3818	3998
LDpred2	3818	3999
LDpred2	3826	3999
LDpred2	3826	4000
LDpred2	3828	4000
LDpred2	3828	4002
LDpred2	3830	4002
LDpred2	3830	4003
LDpred2	3837	4003
LDpred2	3837	4004
LDpred2	3838	4004
LDpred2	3838	4006
LDpred2	3841	4006
LDpred2	3841	4007
LDpred2	3843	4007
LDpred2	3843	4008
LDpred2	3848	4008
LDpred2	3848	4009
LDpred2	3854	4009
LDpred2	3854	4010
LDpred2	3855	4010
LDpred2	3855	4012
LDpred2	3867	4012
LDpred2	3867	4015
LDpred2	3870	4015
LDpred2	3870	4016
LDpred2	3871	4016
LDpred2	3871	4019
LDpred2	3872	4019
LDpred2	3872	4020
LDpred2	3874	4020
LDpred2	3874	4021
LDpred2	3878	4021
LDpred2	3878	4022
LDpred2	3879	4022
LDpred2	3879	4023
LDpred2	3882	4023
LDpred2	3882	4024
LDpred2	3883	4024
LDpred2	3883	4025
LDpred2	3886	4025
LDpred2	3886	4028
LDpred2	3889	4028
LDpred2	3889	4030
LDpred2	3891	4030
LDpred2	3891	4033
LDpred2	3900	4033
LDpred2	3900	4034
LDpred2	3901	4034
LDpred2	3901	4035
LDpred2	3904	4035
LDpred2	3904	4036
LDpred2	3905	4036
LDpred2	3905	4037
LDpred2	3909	4037
LDpred2	3909	4038
LDpred2	3912	4038
LDpred2	3912	4041
LDpred2	3914	4041
LDpred2	3914	4042
LDpred2	3916	4042
LDpred2	3916	4043
LDpred2	3919	4043
LDpred2	3919	4044
LDpred2	3920	4044
LDpred2	3920	4045
LDpred2	3922	4045
LDpred2	3922	4046
LDpred2	3925	4046
LDpred2	3925	4047
LDpred2	3927	4047
LDpred2	3927	4049
LDpred2	3929	4049
LDpred2	3929	4050
LDpred2	3933	4050
LDpred2	3933	4051
LDpred2	3938	4051
LDpred2	3938	4052
LDpred2	3944	4052
LDpred2	3944	4053
LDpred2	3945	4053
LDpred2	3945	4057
LDpred2	3950	4057
LDpred2	3950	4059
LDpred2	3955	4059
LDpred2	3955	4060
LDpred2	3963	4060
LDpred2	3963	4061
LDpred2	3964	4061
LDpred2	3964	4062
LDpred2	3967	4062
LDpred2	3967	4064
LDpred2	3972	4064
LDpred2	3972	4066
LDpred2	3973	4066
LDpred2	3973	4067
LDpred2	3975	4067
LDpred2	3975	4068
LDpred2	3981	4068
LDpred2	3981	4070
LDpred2	3984	4070
LDpred2	3984	4071
LDpred2	3988	4071
LDpred2	3988	4073
LDpred2	3989	4073
LDpred2	3989	4074
LDpred2	3990	4074
LDpred2	3990	4077
LDpred2	3991	4077
LDpred2	3991	4079
LDpred2	3993	4079
LDpred2	3993	4080
LDpred2	3994	4080
LDpred2	3994	4081
LDpred2	3997	4081
LDpred2	3997	4082
LDpred2	4008	4082
LDpred2	4008	4083
LDpred2	4011	4083
LDpred2	4011	4085
LDpred2	4012	4085
LDpred2	4012	4087
LDpred2	4017	4087
LDpred2	4017	4088
LDpred2	4018	4088
LDpred2	4018	4089
LDpred2	4020	4089
LDpred2	4020	4090
LDpred2	4026	4090
LDpred2	4026	4091
LDpred2	4033	4091
LDpred2	4033	4092
LDpred2	4037	4092
LDpred2	4037	4093
LDpred2	4040	4093
LDpred2	4040	4094
LDpred2	4041	4094
LDpred2	4041	4095
LDpred2	4042	4095
LDpred2	4042	4096
LDpred2	4043	4096
LDpred2	4043	4098
LDpred2	4044	4098
LDpred2	4044	4099
LDpred2	4049	4099
LDpred2	4049	4101
LDpred2	4050	4101
LDpred2	4050	4103
LDpred2	4055	4103
LDpred2	4055	4104
LDpred2	4056	4104
LDpred2	4056	4105
LDpred2	4057	4105
LDpred2	4057	4107
LDpred2	4064	4107
LDpred2	4064	4108
LDpred2	4067	4108
LDpred2	4067	4109
LDpred2	4071	4109
LDpred2	4071	4110
LDpred2	4076	4110
LDpred2	4076	4111
LDpred2	4078	4111
LDpred2	4078	4112
LDpred2	4088	4112
LDpred2	4088	4114
LDpred2	4090	4114
LDpred2	4090	4116
LDpred2	4091	4116
LDpred2	4091	4117
LDpred2	4095	4117
LDpred2	4095	4119
LDpred2	4105	4119
LDpred2	4105	4120
LDpred2	4111	4120
LDpred2	4111	4121
LDpred2	4112	4121
LDpred2	4112	4122
LDpred2	4114	4122
LDpred2	4114	4124
LDpred2	4124	4124
SDPR	0	0
SDPR	0	1
SDPR	0	3
SDPR	1	3
SDPR	1	15
SDPR	3	15
SDPR	3	21
SDPR	4	21
SDPR	4	22
SDPR	5	22
SDPR	5	26
SDPR	6	26
SDPR	6	44
SDPR	8	44
SDPR	8	60
SDPR	9	60
SDPR	9	61
SDPR	10	61
SDPR	10	66
SDPR	11	66
SDPR	11	70
SDPR	12	70
SDPR	12	73
SDPR	13	73
SDPR	13	81
SDPR	15	81
SDPR	15	87
SDPR	17	87
SDPR	17	120
SDPR	18	120
SDPR	18	125
SDPR	19	125
SDPR	19	135
SDPR	20	135
SDPR	20	139
SDPR	21	139
SDPR	21	155
SDPR	22	155
SDPR	22	172
SDPR	23	172
SDPR	23	173
SDPR	24	173
SDPR	24	176
SDPR	25	176
SDPR	25	177
SDPR	26	177
SDPR	26	178
SDPR	28	178
SDPR	28	180
SDPR	29	180
SDPR	29	181
SDPR	30	181
SDPR	30	183
SDPR	31	183
SDPR	31	189
SDPR	32	189
SDPR	32	196
SDPR	34	196
SDPR	34	208
SDPR	35	208
SDPR	35	216
SDPR	36	216
SDPR	36	218
SDPR	37	218
SDPR	37	226
SDPR	38	226
SDPR	38	227
SDPR	39	227
SDPR	39	228
SDPR	40	228
SDPR	40	230
SDPR	42	230
SDPR	42	232
SDPR	43	232
SDPR	43	234
SDPR	44	234
SDPR	44	236
SDPR	45	236
SDPR	45	238
SDPR	47	238
SDPR	47	240
SDPR	48	240
SDPR	48	246
SDPR	51	246
SDPR	51	247
SDPR	52	247
SDPR	52	252
SDPR	53	252
SDPR	53	260
SDPR	54	260
SDPR	54	270
SDPR	55	270
SDPR	55	271
SDPR	56	271
SDPR	56	281
SDPR	57	281
SDPR	57	290
SDPR	58	290
SDPR	58	292
SDPR	59	292
SDPR	59	295
SDPR	60	295
SDPR	60	313
SDPR	61	313
SDPR	61	368
SDPR	62	368
SDPR	62	369
SDPR	63	369
SDPR	63	370
SDPR	64	370
SDPR	64	371
SDPR	65	371
SDPR	65	374
SDPR	66	374
SDPR	66	386
SDPR	67	386
SDPR	67	392
SDPR	69	392
SDPR	69	395
SDPR	70	395
SDPR	70	406
SDPR	71	406
SDPR	71	407
SDPR	72	407
SDPR	72	419
SDPR	73	419
SDPR	73	420
SDPR	74	420
SDPR	74	423
SDPR	75	423
SDPR	75	425
SDPR	76	425
SDPR	76	427
SDPR	77	427
SDPR	77	439
SDPR	78	439
SDPR	78	444
SDPR	79	444
SDPR	79	456
SDPR	80	456
SDPR	80	462
SDPR	81	462
SDPR	81	464
SDPR	82	464
SDPR	82	465
SDPR	84	465
SDPR	84	468
SDPR	85	468
SDPR	85	471
SDPR	86	471
SDPR	86	474
SDPR	87	474
SDPR	87	482
SDPR	88	482
SDPR	88	488
SDPR	90	488
SDPR	90	502
SDPR	91	502
SDPR	91	511
SDPR	92	511
SDPR	92	517
SDPR	93	517
SDPR	93	518
SDPR	94	518
SDPR	94	519
SDPR	95	519
SDPR	95	531
SDPR	98	531
SDPR	98	533
SDPR	99	533
SDPR	99	537
SDPR	100	537
SDPR	100	538
SDPR	101	538
SDPR	101	539
SDPR	102	539
SDPR	102	540
SDPR	104	540
SDPR	104	547
SDPR	105	547
SDPR	105	552
SDPR	106	552
SDPR	106	557
SDPR	110	557
SDPR	110	560
SDPR	111	560
SDPR	111	561
SDPR	112	561
SDPR	112	564
SDPR	113	564
SDPR	113	566
SDPR	114	566
SDPR	114	578
SDPR	115	578
SDPR	115	579
SDPR	117	579
SDPR	117	582
SDPR	118	582
SDPR	118	587
SDPR	119	587
SDPR	119	590
SDPR	120	590
SDPR	120	591
SDPR	122	591
SDPR	122	605
SDPR	123	605
SDPR	123	606
SDPR	126	606
SDPR	126	608
SDPR	128	608
SDPR	128	611
SDPR	129	611
SDPR	129	615
SDPR	130	615
SDPR	130	620
SDPR	131	620
SDPR	131	623
SDPR	134	623
SDPR	134	627
SDPR	135	627
SDPR	135	629
SDPR	138	629
SDPR	138	632
SDPR	139	632
SDPR	139	635
SDPR	140	635
SDPR	140	645
SDPR	142	645
SDPR	142	648
SDPR	145	648
SDPR	145	649
SDPR	146	649
SDPR	146	651
SDPR	147	651
SDPR	147	654
SDPR	149	654
SDPR	149	656
SDPR	150	656
SDPR	150	662
SDPR	151	662
SDPR	151	664
SDPR	152	664
SDPR	152	667
SDPR	154	667
SDPR	154	668
SDPR	155	668
SDPR	155	671
SDPR	157	671
SDPR	157	672
SDPR	158	672
SDPR	158	673
SDPR	159	673
SDPR	159	674
SDPR	160	674
SDPR	160	679
SDPR	161	679
SDPR	161	684
SDPR	162	684
SDPR	162	685
SDPR	163	685
SDPR	163	687
SDPR	164	687
SDPR	164	691
SDPR	165	691
SDPR	165	694
SDPR	166	694
SDPR	166	697
SDPR	168	697
SDPR	168	702
SDPR	169	702
SDPR	169	703
SDPR	170	703
SDPR	170	705
SDPR	171	705
SDPR	171	708
SDPR	172	708
SDPR	172	713
SDPR	173	713
SDPR	173	716
SDPR	175	716
SDPR	175	718
SDPR	176	718
SDPR	176	720
SDPR	177	720
SDPR	177	721
SDPR	178	721
SDPR	178	724
SDPR	179	724
SDPR	179	728
SDPR	180	728
SDPR	180	734
SDPR	182	734
SDPR	182	735
SDPR	183	735
SDPR	183	745
SDPR	184	745
SDPR	184	747
SDPR	185	747
SDPR	185	749
SDPR	188	749
SDPR	188	753
SDPR	189	753
SDPR	189	754
SDPR	190	754
SDPR	190	760
SDPR	191	760
SDPR	191	761
SDPR	193	761
SDPR	193	762
SDPR	194	762
SDPR	194	769
SDPR	196	769
SDPR	196	771
SDPR	197	771
SDPR	197	776
SDPR	198	776
SDPR	198	781
SDPR	200	781
SDPR	200	782
SDPR	201	782
SDPR	201	796
SDPR	203	796
SDPR	203	798
SDPR	204	798
SDPR	204	800
SDPR	205	800
SDPR	205	805
SDPR	208	805
SDPR	208	807
SDPR	210	807
SDPR	210	810
SDPR	211	810
SDPR	211	812
SDPR	212	812
SDPR	212	813
SDPR	213	813
SDPR	213	827
SDPR	214	827
SDPR	214	828
SDPR	215	828
SDPR	215	829
SDPR	216	829
SDPR	216	833
SDPR	217	833
SDPR	217	835
SDPR	219	835
SDPR	219	840
SDPR	222	840
SDPR	222	844
SDPR	225	844
SDPR	225	847
SDPR	229	847
SDPR	229	848
SDPR	230	848
SDPR	230	850
SDPR	232	850
SDPR	232	851
SDPR	233	851
SDPR	233	859
SDPR	235	859
SDPR	235	863
SDPR	236	863
SDPR	236	868
SDPR	237	868
SDPR	237	873
SDPR	238	873
SDPR	238	879
SDPR	239	879
SDPR	239	880
SDPR	241	880
SDPR	241	885
SDPR	243	885
SDPR	243	890
SDPR	244	890
SDPR	244	891
SDPR	245	891
SDPR	245	892
SDPR	246	892
SDPR	246	897
SDPR	247	897
SDPR	247	898
SDPR	250	898
SDPR	250	900
SDPR	251	900
SDPR	251	901
SDPR	252	901
SDPR	252	902
SDPR	254	902
SDPR	254	907
SDPR	255	907
SDPR	255	914
SDPR	256	914
SDPR	256	917
SDPR	257	917
SDPR	257	918
SDPR	258	918
SDPR	258	923
SDPR	259	923
SDPR	259	929
SDPR	262	929
SDPR	262	931
SDPR	263	931
SDPR	263	934
SDPR	266	934
SDPR	266	936
SDPR	267	936
SDPR	267	951
SDPR	270	951
SDPR	270	958
SDPR	271	958
SDPR	271	959
SDPR	272	959
SDPR	272	962
SDPR	273	962
SDPR	273	963
SDPR	274	963
SDPR	274	965
SDPR	275	965
SDPR	275	967
SDPR	276	967
SDPR	276	971
SDPR	277	971
SDPR	277	973
SDPR	278	973
SDPR	278	974
SDPR	279	974
SDPR	279	975
SDPR	280	975
SDPR	280	976
SDPR	281	976
SDPR	281	977
SDPR	283	977
SDPR	283	979
SDPR	284	979
SDPR	284	980
SDPR	285	980
SDPR	285	990
SDPR	287	990
SDPR	287	996
SDPR	288	996
SDPR	288	997
SDPR	290	997
SDPR	290	999
SDPR	292	999
SDPR	292	1002
SDPR	293	1002
SDPR	293	1007
SDPR	294	1007
SDPR	294	1011
SDPR	295	1011
SDPR	295	1013
SDPR	298	1013
SDPR	298	1016
SDPR	299	1016
SDPR	299	1017
SDPR	300	1017
SDPR	300	1020
SDPR	302	1020
SDPR	302	1023
SDPR	303	1023
SDPR	303	1024
SDPR	304	1024
SDPR	304	1028
SDPR	305	1028
SDPR	305	1029
SDPR	306	1029
SDPR	306	1030
SDPR	308	1030
SDPR	308	1031
SDPR	310	1031
SDPR	310	1033
SDPR	311	1033
SDPR	311	1034
SDPR	312	1034
SDPR	312	1038
SDPR	313	1038
SDPR	313	1039
SDPR	317	1039
SDPR	317	1040
SDPR	318	1040
SDPR	318	1047
SDPR	319	1047
SDPR	319	1050
SDPR	320	1050
SDPR	320	1054
SDPR	321	1054
SDPR	321	1055
SDPR	323	1055
SDPR	323	1056
SDPR	324	1056
SDPR	324	1057
SDPR	325	1057
SDPR	325	1059
SDPR	326	1059
SDPR	326	1061
SDPR	328	1061
SDPR	328	1063
SDPR	329	1063
SDPR	329	1067
SDPR	332	1067
SDPR	332	1068
SDPR	333	1068
SDPR	333	1069
SDPR	334	1069
SDPR	334	1071
SDPR	335	1071
SDPR	335	1072
SDPR	336	1072
SDPR	336	1079
SDPR	338	1079
SDPR	338	1080
SDPR	339	1080
SDPR	339	1084
SDPR	340	1084
SDPR	340	1085
SDPR	341	1085
SDPR	341	1087
SDPR	342	1087
SDPR	342	1090
SDPR	343	1090
SDPR	343	1091
SDPR	346	1091
SDPR	346	1093
SDPR	347	1093
SDPR	347	1104
SDPR	349	1104
SDPR	349	1105
SDPR	350	1105
SDPR	350	1112
SDPR	351	1112
SDPR	351	1114
SDPR	352	1114
SDPR	352	1115
SDPR	353	1115
SDPR	353	1126
SDPR	354	1126
SDPR	354	1127
SDPR	355	1127
SDPR	355	1130
SDPR	357	1130
SDPR	357	1132
SDPR	359	1132
SDPR	359	1135
SDPR	360	1135
SDPR	360	1136
SDPR	361	1136
SDPR	361	1140
SDPR	362	1140
SDPR	362	1142
SDPR	363	1142
SDPR	363	1144
SDPR	364	1144
SDPR	364	1148
SDPR	365	1148
SDPR	365	1151
SDPR	366	1151
SDPR	366	1152
SDPR	368	1152
SDPR	368	1153
SDPR	370	1153
SDPR	370	1154
SDPR	371	1154
SDPR	371	1155
SDPR	373	1155
SDPR	373	1169
SDPR	374	1169
SDPR	374	1173
SDPR	375	1173
SDPR	375	1186
SDPR	377	1186
SDPR	377	1189
SDPR	378	1189
SDPR	378	1191
SDPR	380	1191
SDPR	380	1192
SDPR	381	1192
SDPR	381	1195
SDPR	383	1195
SDPR	383	1197
SDPR	385	1197
SDPR	385	1199
SDPR	386	1199
SDPR	386	1200
SDPR	388	1200
SDPR	388	1204
SDPR	389	1204
SDPR	389	1207
SDPR	390	1207
SDPR	390	1208
SDPR	391	1208
SDPR	391	1209
SDPR	398	1209
SDPR	398	1210
SDPR	402	1210
SDPR	402	1218
SDPR	403	1218
SDPR	403	1219
SDPR	405	1219
SDPR	405	1221
SDPR	406	1221
SDPR	406	1226
SDPR	407	1226
SDPR	407	1227
SDPR	408	1227
SDPR	408	1231
SDPR	409	1231
SDPR	409	1233
SDPR	410	1233
SDPR	410	1238
SDPR	411	1238
SDPR	411	1240
SDPR	412	1240
SDPR	412	1241
SDPR	413	1241
SDPR	413	1242
SDPR	414	1242
SDPR	414	1244
SDPR	415	1244
SDPR	415	1245
SDPR	416	1245
SDPR	416	1251
SDPR	417	1251
SDPR	417	1257
SDPR	419	1257
SDPR	419	1260
SDPR	420	1260
SDPR	420	1272
SDPR	422	1272
SDPR	422	1276
SDPR	423	1276
SDPR	423	1277
SDPR	425	1277
SDPR	425	1280
SDPR	426	1280
SDPR	426	1281
SDPR	428	1281
SDPR	428	1282
SDPR	430	1282
SDPR	430	1284
SDPR	431	1284
SDPR	431	1287
SDPR	432	1287
SDPR	432	1289
SDPR	434	1289
SDPR	434	1292
SDPR	435	1292
SDPR	435	1294
SDPR	436	1294
SDPR	436	1295
SDPR	437	1295
SDPR	437	1298
SDPR	440	1298
SDPR	440	1299
SDPR	442	1299
SDPR	442	1303
SDPR	443	1303
SDPR	443	1307
SDPR	444	1307
SDPR	444	1310
SDPR	446	1310
SDPR	446	1314
SDPR	447	1314
SDPR	447	1315
SDPR	448	1315
SDPR	448	1316
SDPR	449	1316
SDPR	449	1317
SDPR	450	1317
SDPR	450	1319
SDPR	454	1319
SDPR	454	1323
SDPR	455	1323
SDPR	455	1328
SDPR	456	1328
SDPR	456	1332
SDPR	459	1332
SDPR	459	1338
SDPR	460	1338
SDPR	460	1341
SDPR	462	1341
SDPR	462	1342
SDPR	465	1342
SDPR	465	1346
SDPR	466	1346
SDPR	466	1347
SDPR	468	1347
SDPR	468	1353
SDPR	470	1353
SDPR	470	1355
SDPR	472	1355
SDPR	472	1358
SDPR	475	1358
SDPR	475	1366
SDPR	477	1366
SDPR	477	1370
SDPR	478	1370
SDPR	478	1376
SDPR	479	1376
SDPR	479	1380
SDPR	480	1380
SDPR	480	1383
SDPR	481	1383
SDPR	481	1384
SDPR	482	1384
SDPR	482	1386
SDPR	484	1386
SDPR	484	1388
SDPR	488	1388
SDPR	488	1393
SDPR	490	1393
SDPR	490	1394
SDPR	491	1394
SDPR	491	1395
SDPR	492	1395
SDPR	492	1396
SDPR	493	1396
SDPR	493	1403
SDPR	496	1403
SDPR	496	1404
SDPR	498	1404
SDPR	498	1405
SDPR	499	1405
SDPR	499	1413
SDPR	501	1413
SDPR	501	1414
SDPR	504	1414
SDPR	504	1415
SDPR	506	1415
SDPR	506	1420
SDPR	507	1420
SDPR	507	1423
SDPR	508	1423
SDPR	508	1427
SDPR	512	1427
SDPR	512	1428
SDPR	515	1428
SDPR	515	1430
SDPR	516	1430
SDPR	516	1433
SDPR	517	1433
SDPR	517	1437
SDPR	518	1437
SDPR	518	1440
SDPR	519	1440
SDPR	519	1444
SDPR	520	1444
SDPR	520	1454
SDPR	521	1454
SDPR	521	1455
SDPR	523	1455
SDPR	523	1456
SDPR	524	1456
SDPR	524	1459
SDPR	525	1459
SDPR	525	1462
SDPR	526	1462
SDPR	526	1463
SDPR	527	1463
SDPR	527	1467
SDPR	528	1467
SDPR	528	1469
SDPR	532	1469
SDPR	532	1470
SDPR	533	1470
SDPR	533	1472
SDPR	535	1472
SDPR	535	1476
SDPR	536	1476
SDPR	536	1479
SDPR	537	1479
SDPR	537	1488
SDPR	538	1488
SDPR	538	1489
SDPR	539	1489
SDPR	539	1491
SDPR	541	1491
SDPR	541	1492
SDPR	542	1492
SDPR	542	1495
SDPR	544	1495
SDPR	544	1497
SDPR	545	1497
SDPR	545	1498
SDPR	547	1498
SDPR	547	1499
SDPR	548	1499
SDPR	548	1500
SDPR	550	1500
SDPR	550	1501
SDPR	551	1501
SDPR	551	1506
SDPR	552	1506
SDPR	552	1509
SDPR	553	1509
SDPR	553	1512
SDPR	554	1512
SDPR	554	1520
SDPR	555	1520
SDPR	555	1521
SDPR	556	1521
SDPR	556	1526
SDPR	557	1526
SDPR	557	1531
SDPR	558	1531
SDPR	558	1532
SDPR	564	1532
SDPR	564	1533
SDPR	565	1533
SDPR	565	1535
SDPR	566	1535
SDPR	566	1538
SDPR	567	1538
SDPR	567	1542
SDPR	569	1542
SDPR	569	1557
SDPR	570	1557
SDPR	570	1566
SDPR	571	1566
SDPR	571	1569
SDPR	572	1569
SDPR	572	1571
SDPR	574	1571
SDPR	574	1573
SDPR	575	1573
SDPR	575	1576
SDPR	576	1576
SDPR	576	1577
SDPR	578	1577
SDPR	578	1583
SDPR	579	1583
SDPR	579	1587
SDPR	580	1587
SDPR	580	1590
SDPR	581	1590
SDPR	581	1591
SDPR	582	1591
SDPR	582	1594
SDPR	583	1594
SDPR	583	1595
SDPR	584	1595
SDPR	584	1596
SDPR	585	1596
SDPR	585	1598
SDPR	586	1598
SDPR	586	1599
SDPR	587	1599
SDPR	587	1605
SDPR	588	1605
SDPR	588	1610
SDPR	589	1610
SDPR	589	1612
SDPR	590	1612
SDPR	590	1613
SDPR	591	1613
SDPR	591	1615
SDPR	593	1615
SDPR	593	1617
SDPR	595	1617
SDPR	595	1620
SDPR	597	1620
SDPR	597	1621
SDPR	598	1621
SDPR	598	1625
SDPR	599	1625
SDPR	599	1627
SDPR	600	1627
SDPR	600	1628
SDPR	601	1628
SDPR	601	1631
SDPR	602	1631
SDPR	602	1632
SDPR	603	1632
SDPR	603	1647
SDPR	604	1647
SDPR	604	1654
SDPR	605	1654
SDPR	605	1655
SDPR	606	1655
SDPR	606	1656
SDPR	609	1656
SDPR	609	1660
SDPR	610	1660
SDPR	610	1665
SDPR	611	1665
SDPR	611	1667
SDPR	613	1667
SDPR	613	1677
SDPR	614	1677
SDPR	614	1679
SDPR	615	1679
SDPR	615	1682
SDPR	617	1682
SDPR	617	1683
SDPR	618	1683
SDPR	618	1687
SDPR	622	1687
SDPR	622	1688
SDPR	623	1688
SDPR	623	1692
SDPR	624	1692
SDPR	624	1694
SDPR	625	1694
SDPR	625	1697
SDPR	626	1697
SDPR	626	1699
SDPR	627	1699
SDPR	627	1700
SDPR	628	1700
SDPR	628	1703
SDPR	629	1703
SDPR	629	1708
SDPR	630	1708
SDPR	630	1709
SDPR	632	1709
SDPR	632	1717
SDPR	636	1717
SDPR	636	1718
SDPR	637	1718
SDPR	637	1721
SDPR	641	1721
SDPR	641	1725
SDPR	643	1725
SDPR	643	1728
SDPR	644	1728
SDPR	644	1729
SDPR	646	1729
SDPR	646	1732
SDPR	647	1732
SDPR	647	1735
SDPR	648	1735
SDPR	648	1738
SDPR	649	1738
SDPR	649	1739
SDPR	650	1739
SDPR	650	1740
SDPR	652	1740
SDPR	652	1742
SDPR	653	1742
SDPR	653	1745
SDPR	654	1745
SDPR	654	1755
SDPR	655	1755
SDPR	655	1757
SDPR	656	1757
SDPR	656	1759
SDPR	657	1759
SDPR	657	1763
SDPR	658	1763
SDPR	658	1764
SDPR	659	1764
SDPR	659	1766
SDPR	661	1766
SDPR	661	1768
SDPR	664	1768
SDPR	664	1769
SDPR	666	1769
SDPR	666	1774
SDPR	667	1774
SDPR	667	1777
SDPR	668	1777
SDPR	668	1780
SDPR	669	1780
SDPR	669	1784
SDPR	672	1784
SDPR	672	1786
SDPR	673	1786
SDPR	673	1789
SDPR	674	1789
SDPR	674	1793
SDPR	675	1793
SDPR	675	1799
SDPR	676	1799
SDPR	676	1807
SDPR	677	1807
SDPR	677	1808
SDPR	679	1808
SDPR	679	1809
SDPR	680	1809
SDPR	680	1814
SDPR	682	1814
SDPR	682	1816
SDPR	683	1816
SDPR	683	1818
SDPR	686	1818
SDPR	686	1821
SDPR	689	1821
SDPR	689	1823
SDPR	690	1823
SDPR	690	1826
SDPR	691	1826
SDPR	691	1827
SDPR	692	1827
SDPR	692	1830
SDPR	693	1830
SDPR	693	1831
SDPR	696	1831
SDPR	696	1834
SDPR	698	1834
SDPR	698	1837
SDPR	700	1837
SDPR	700	1839
SDPR	703	1839
SDPR	703	1841
SDPR	704	1841
SDPR	704	1843
SDPR	705	1843
SDPR	705	1848
SDPR	706	1848
SDPR	706	1851
SDPR	709	1851
SDPR	709	1853
SDPR	712	1853
SDPR	712	1854
SDPR	714	1854
SDPR	714	1857
SDPR	718	1857
SDPR	718	1863
SDPR	719	1863
SDPR	719	1867
SDPR	722	1867
SDPR	722	1871
SDPR	723	1871
SDPR	723	1877
SDPR	724	1877
SDPR	724	1879
SDPR	726	1879
SDPR	726	1893
SDPR	727	1893
SDPR	727	1898
SDPR	728	1898
SDPR	728	1899
SDPR	730	1899
SDPR	730	1902
SDPR	731	1902
SDPR	731	1904
SDPR	733	1904
SDPR	733	1908
SDPR	735	1908
SDPR	735	1912
SDPR	736	1912
SDPR	736	1915
SDPR	737	1915
SDPR	737	1919
SDPR	739	1919
SDPR	739	1923
SDPR	741	1923
SDPR	741	1925
SDPR	742	1925
SDPR	742	1927
SDPR	743	1927
SDPR	743	1929
SDPR	745	1929
SDPR	745	1932
SDPR	746	1932
SDPR	746	1939
SDPR	748	1939
SDPR	748	1945
SDPR	751	1945
SDPR	751	1946
SDPR	753	1946
SDPR	753	1955
SDPR	754	1955
SDPR	754	1956
SDPR	757	1956
SDPR	757	1960
SDPR	758	1960
SDPR	758	1962
SDPR	759	1962
SDPR	759	1963
SDPR	760	1963
SDPR	760	1969
SDPR	761	1969
SDPR	761	1972
SDPR	763	1972
SDPR	763	1976
SDPR	764	1976
SDPR	764	1977
SDPR	765	1977
SDPR	765	1979
SDPR	767	1979
SDPR	767	1983
SDPR	768	1983
SDPR	768	1984
SDPR	770	1984
SDPR	770	1988
SDPR	771	1988
SDPR	771	1990
SDPR	773	1990
SDPR	773	1991
SDPR	775	1991
SDPR	775	1993
SDPR	776	1993
SDPR	776	2002
SDPR	779	2002
SDPR	779	2004
SDPR	781	2004
SDPR	781	2005
SDPR	782	2005
SDPR	782	2006
SDPR	784	2006
SDPR	784	2009
SDPR	786	2009
SDPR	786	2011
SDPR	789	2011
SDPR	789	2014
SDPR	790	2014
SDPR	790	2015
SDPR	791	2015
SDPR	791	2019
SDPR	794	2019
SDPR	794	2023
SDPR	795	2023
SDPR	795	2024
SDPR	797	2024
SDPR	797	2033
SDPR	800	2033
SDPR	800	2036
SDPR	802	2036
SDPR	802	2039
SDPR	804	2039
SDPR	804	2040
SDPR	807	2040
SDPR	807	2047
SDPR	808	2047
SDPR	808	2057
SDPR	809	2057
SDPR	809	2058
SDPR	810	2058
SDPR	810	2060
SDPR	812	2060
SDPR	812	2061
SDPR	813	2061
SDPR	813	2062
SDPR	815	2062
SDPR	815	2063
SDPR	816	2063
SDPR	816	2064
SDPR	817	2064
SDPR	817	2066
SDPR	818	2066
SDPR	818	2072
SDPR	820	2072
SDPR	820	2073
SDPR	821	2073
SDPR	821	2075
SDPR	822	2075
SDPR	822	2076
SDPR	824	2076
SDPR	824	2080
SDPR	827	2080
SDPR	827	2081
SDPR	830	2081
SDPR	830	2082
SDPR	831	2082
SDPR	831	2085
SDPR	832	2085
SDPR	832	2089
SDPR	834	2089
SDPR	834	2090
SDPR	836	2090
SDPR	836	2095
SDPR	837	2095
SDPR	837	2097
SDPR	839	2097
SDPR	839	2099
SDPR	841	2099
SDPR	841	2100
SDPR	844	2100
SDPR	844	2101
SDPR	845	2101
SDPR	845	2103
SDPR	846	2103
SDPR	846	2105
SDPR	848	2105
SDPR	848	2111
SDPR	851	2111
SDPR	851	2112
SDPR	852	2112
SDPR	852	2115
SDPR	854	2115
SDPR	854	2116
SDPR	855	2116
SDPR	855	2117
SDPR	856	2117
SDPR	856	2118
SDPR	858	2118
SDPR	858	2119
SDPR	860	2119
SDPR	860	2123
SDPR	861	2123
SDPR	861	2125
SDPR	864	2125
SDPR	864	2126
SDPR	866	2126
SDPR	866	2129
SDPR	869	2129
SDPR	869	2135
SDPR	870	2135
SDPR	870	2139
SDPR	872	2139
SDPR	872	2141
SDPR	873	2141
SDPR	873	2145
SDPR	874	2145
SDPR	874	2148
SDPR	875	2148
SDPR	875	2151
SDPR	876	2151
SDPR	876	2156
SDPR	878	2156
SDPR	878	2157
SDPR	879	2157
SDPR	879	2158
SDPR	880	2158
SDPR	880	2162
SDPR	881	2162
SDPR	881	2164
SDPR	885	2164
SDPR	885	2165
SDPR	886	2165
SDPR	886	2171
SDPR	888	2171
SDPR	888	2172
SDPR	889	2172
SDPR	889	2174
SDPR	890	2174
SDPR	890	2176
SDPR	891	2176
SDPR	891	2177
SDPR	892	2177
SDPR	892	2181
SDPR	895	2181
SDPR	895	2182
SDPR	896	2182
SDPR	896	2184
SDPR	897	2184
SDPR	897	2185
SDPR	900	2185
SDPR	900	2186
SDPR	901	2186
SDPR	901	2188
SDPR	907	2188
SDPR	907	2190
SDPR	908	2190
SDPR	908	2195
SDPR	909	2195
SDPR	909	2196
SDPR	910	2196
SDPR	910	2198
SDPR	911	2198
SDPR	911	2200
SDPR	912	2200
SDPR	912	2201
SDPR	913	2201
SDPR	913	2203
SDPR	914	2203
SDPR	914	2207
SDPR	915	2207
SDPR	915	2210
SDPR	916	2210
SDPR	916	2211
SDPR	917	2211
SDPR	917	2213
SDPR	918	2213
SDPR	918	2220
SDPR	919	2220
SDPR	919	2223
SDPR	920	2223
SDPR	920	2229
SDPR	921	2229
SDPR	921	2237
SDPR	922	2237
SDPR	922	2240
SDPR	923	2240
SDPR	923	2244
SDPR	924	2244
SDPR	924	2251
SDPR	925	2251
SDPR	925	2255
SDPR	926	2255
SDPR	926	2258
SDPR	932	2258
SDPR	932	2261
SDPR	939	2261
SDPR	939	2262
SDPR	942	2262
SDPR	942	2269
SDPR	944	2269
SDPR	944	2272
SDPR	946	2272
SDPR	946	2273
SDPR	949	2273
SDPR	949	2274
SDPR	950	2274
SDPR	950	2275
SDPR	953	2275
SDPR	953	2280
SDPR	954	2280
SDPR	954	2281
SDPR	955	2281
SDPR	955	2282
SDPR	957	2282
SDPR	957	2283
SDPR	958	2283
SDPR	958	2287
SDPR	961	2287
SDPR	961	2290
SDPR	962	2290
SDPR	962	2293
SDPR	964	2293
SDPR	964	2295
SDPR	965	2295
SDPR	965	2296
SDPR	966	2296
SDPR	966	2298
SDPR	967	2298
SDPR	967	2299
SDPR	970	2299
SDPR	970	2300
SDPR	972	2300
SDPR	972	2301
SDPR	973	2301
SDPR	973	2304
SDPR	977	2304
SDPR	977	2313
SDPR	979	2313
SDPR	979	2319
SDPR	981	2319
SDPR	981	2323
SDPR	982	2323
SDPR	982	2325
SDPR	985	2325
SDPR	985	2327
SDPR	986	2327
SDPR	986	2328
SDPR	987	2328
SDPR	987	2329
SDPR	988	2329
SDPR	988	2330
SDPR	989	2330
SDPR	989	2332
SDPR	990	2332
SDPR	990	2333
SDPR	991	2333
SDPR	991	2338
SDPR	994	2338
SDPR	994	2340
SDPR	995	2340
SDPR	995	2343
SDPR	997	2343
SDPR	997	2349
SDPR	998	2349
SDPR	998	2350
SDPR	1001	2350
SDPR	1001	2353
SDPR	1004	2353
SDPR	1004	2357
SDPR	1005	2357
SDPR	1005	2358
SDPR	1006	2358
SDPR	1006	2359
SDPR	1008	2359
SDPR	1008	2361
SDPR	1010	2361
SDPR	1010	2363
SDPR	1011	2363
SDPR	1011	2364
SDPR	1012	2364
SDPR	1012	2365
SDPR	1013	2365
SDPR	1013	2367
SDPR	1014	2367
SDPR	1014	2377
SDPR	1020	2377
SDPR	1020	2378
SDPR	1021	2378
SDPR	1021	2379
SDPR	1022	2379
SDPR	1022	2380
SDPR	1023	2380
SDPR	1023	2384
SDPR	1024	2384
SDPR	1024	2385
SDPR	1025	2385
SDPR	1025	2386
SDPR	1026	2386
SDPR	1026	2388
SDPR	1027	2388
SDPR	1027	2395
SDPR	1028	2395
SDPR	1028	2396
SDPR	1029	2396
SDPR	1029	2397
SDPR	1030	2397
SDPR	1030	2399
SDPR	1031	2399
SDPR	1031	2400
SDPR	1033	2400
SDPR	1033	2403
SDPR	1034	2403
SDPR	1034	2404
SDPR	1035	2404
SDPR	1035	2411
SDPR	1036	2411
SDPR	1036	2412
SDPR	1037	2412
SDPR	1037	2413
SDPR	1039	2413
SDPR	1039	2414
SDPR	1040	2414
SDPR	1040	2415
SDPR	1043	2415
SDPR	1043	2420
SDPR	1044	2420
SDPR	1044	2422
SDPR	1045	2422
SDPR	1045	2423
SDPR	1047	2423
SDPR	1047	2424
SDPR	1049	2424
SDPR	1049	2425
SDPR	1050	2425
SDPR	1050	2427
SDPR	1051	2427
SDPR	1051	2428
SDPR	1052	2428
SDPR	1052	2431
SDPR	1053	2431
SDPR	1053	2434
SDPR	1054	2434
SDPR	1054	2435
SDPR	1058	2435
SDPR	1058	2437
SDPR	1060	2437
SDPR	1060	2438
SDPR	1062	2438
SDPR	1062	2439
SDPR	1066	2439
SDPR	1066	2441
SDPR	1069	2441
SDPR	1069	2443
SDPR	1071	2443
SDPR	1071	2452
SDPR	1072	2452
SDPR	1072	2454
SDPR	1073	2454
SDPR	1073	2455
SDPR	1074	2455
SDPR	1074	2456
SDPR	1076	2456
SDPR	1076	2459
SDPR	1081	2459
SDPR	1081	2461
SDPR	1083	2461
SDPR	1083	2463
SDPR	1085	2463
SDPR	1085	2467
SDPR	1087	2467
SDPR	1087	2468
SDPR	1088	2468
SDPR	1088	2472
SDPR	1089	2472
SDPR	1089	2473
SDPR	1090	2473
SDPR	1090	2475
SDPR	1091	2475
SDPR	1091	2476
SDPR	1092	2476
SDPR	1092	2477
SDPR	1094	2477
SDPR	1094	2480
SDPR	1095	2480
SDPR	1095	2484
SDPR	1096	2484
SDPR	1096	2485
SDPR	1099	2485
SDPR	1099	2486
SDPR	1101	2486
SDPR	1101	2488
SDPR	1103	2488
SDPR	1103	2489
SDPR	1105	2489
SDPR	1105	2490
SDPR	1106	2490
SDPR	1106	2492
SDPR	1108	2492
SDPR	1108	2495
SDPR	1109	2495
SDPR	1109	2498
SDPR	1114	2498
SDPR	1114	2500
SDPR	1117	2500
SDPR	1117	2502
SDPR	1119	2502
SDPR	1119	2509
SDPR	1121	2509
SDPR	1121	2511
SDPR	1123	2511
SDPR	1123	2512
SDPR	1124	2512
SDPR	1124	2513
SDPR	1125	2513
SDPR	1125	2515
SDPR	1126	2515
SDPR	1126	2516
SDPR	1127	2516
SDPR	1127	2518
SDPR	1128	2518
SDPR	1128	2519
SDPR	1130	2519
SDPR	1130	2522
SDPR	1133	2522
SDPR	1133	2524
SDPR	1135	2524
SDPR	1135	2525
SDPR	1136	2525
SDPR	1136	2527
SDPR	1138	2527
SDPR	1138	2528
SDPR	1140	2528
SDPR	1140	2529
SDPR	1144	2529
SDPR	1144	2531
SDPR	1147	2531
SDPR	1147	2537
SDPR	1149	2537
SDPR	1149	2544
SDPR	1150	2544
SDPR	1150	2547
SDPR	1151	2547
SDPR	1151	2548
SDPR	1155	2548
SDPR	1155	2550
SDPR	1156	2550
SDPR	1156	2552
SDPR	1159	2552
SDPR	1159	2553
SDPR	1161	2553
SDPR	1161	2557
SDPR	1163	2557
SDPR	1163	2559
SDPR	1167	2559
SDPR	1167	2560
SDPR	1168	2560
SDPR	1168	2561
SDPR	1171	2561
SDPR	1171	2567
SDPR	1173	2567
SDPR	1173	2568
SDPR	1174	2568
SDPR	1174	2569
SDPR	1176	2569
SDPR	1176	2570
SDPR	1177	2570
SDPR	1177	2571
SDPR	1182	2571
SDPR	1182	2575
SDPR	1185	2575
SDPR	1185	2577
SDPR	1187	2577
SDPR	1187	2581
SDPR	1189	2581
SDPR	1189	2586
SDPR	1190	2586
SDPR	1190	2587
SDPR	1191	2587
SDPR	1191	2588
SDPR	1193	2588
SDPR	1193	2591
SDPR	1196	2591
SDPR	1196	2592
SDPR	1197	2592
SDPR	1197	2593
SDPR	1198	2593
SDPR	1198	2595
SDPR	1199	2595
SDPR	1199	2597
SDPR	1205	2597
SDPR	1205	2598
SDPR	1206	2598
SDPR	1206	2599
SDPR	1209	2599
SDPR	1209	2600
SDPR	1210	2600
SDPR	1210	2601
SDPR	1212	2601
SDPR	1212	2602
SDPR	1215	2602
SDPR	1215	2603
SDPR	1217	2603
SDPR	1217	2604
SDPR	1223	2604
SDPR	1223	2607
SDPR	1224	2607
SDPR	1224	2609
SDPR	1226	2609
SDPR	1226	2611
SDPR	1230	2611
SDPR	1230	2612
SDPR	1234	2612
SDPR	1234	2614
SDPR	1237	2614
SDPR	1237	2615
SDPR	1240	2615
SDPR	1240	2616
SDPR	1241	2616
SDPR	1241	2617
SDPR	1247	2617
SDPR	1247	2618
SDPR	1252	2618
SDPR	1252	2620
SDPR	1255	2620
SDPR	1255	2625
SDPR	1256	2625
SDPR	1256	2626
SDPR	1262	2626
SDPR	1262	2627
SDPR	1263	2627
SDPR	1263	2628
SDPR	1267	2628
SDPR	1267	2629
SDPR	1269	2629
SDPR	1269	2630
SDPR	1271	2630
SDPR	1271	2631
SDPR	1273	2631
SDPR	1273	2632
SDPR	1276	2632
SDPR	1276	2633
SDPR	1278	2633
SDPR	1278	2634
SDPR	1284	2634
SDPR	1284	2637
SDPR	1285	2637
SDPR	1285	2638
SDPR	1287	2638
SDPR	1287	2639
SDPR	1288	2639
SDPR	1288	2640
SDPR	1294	2640
SDPR	1294	2641
SDPR	1297	2641
SDPR	1297	2642
SDPR	1298	2642
SDPR	1298	2643
SDPR	1299	2643
SDPR	1299	2644
SDPR	1301	2644
SDPR	1301	2645
SDPR	1302	2645
SDPR	1302	2646
SDPR	1305	2646
SDPR	1305	2648
SDPR	1306	2648
SDPR	1306	2649
SDPR	1312	2649
SDPR	1312	2651
SDPR	1313	2651
SDPR	1313	2654
SDPR	1314	2654
SDPR	1314	2657
SDPR	1319	2657
SDPR	1319	2658
SDPR	1320	2658
SDPR	1320	2659
SDPR	1322	2659
SDPR	1322	2661
SDPR	1325	2661
SDPR	1325	2664
SDPR	1326	2664
SDPR	1326	2665
SDPR	1327	2665
SDPR	1327	2666
SDPR	1329	2666
SDPR	1329	2667
SDPR	1339	2667
SDPR	1339	2668
SDPR	1341	2668
SDPR	1341	2669
SDPR	1343	2669
SDPR	1343	2670
SDPR	1344	2670
SDPR	1344	2671
SDPR	1348	2671
SDPR	1348	2672
SDPR	1351	2672
SDPR	1351	2674
SDPR	1354	2674
SDPR	1354	2675
SDPR	1356	2675
SDPR	1356	2676
SDPR	1359	2676
SDPR	1359	2677
SDPR	1361	2677
SDPR	1361	2678
SDPR	1364	2678
SDPR	1364	2679
SDPR	1365	2679
SDPR	1365	2680
SDPR	1367	2680
SDPR	1367	2681
SDPR	1368	2681
SDPR	1368	2682
SDPR	1374	2682
SDPR	1374	2683
SDPR	1375	2683
SDPR	1375	2684
SDPR	1376	2684
SDPR	1376	2685
SDPR	1378	2685
SDPR	1378	2686
SDPR	1379	2686
SDPR	1379	2687
SDPR	1381	2687
SDPR	1381	2688
SDPR	1382	2688
SDPR	1382	2689
SDPR	1383	2689
SDPR	1383	2690
SDPR	1384	2690
SDPR	1384	2692
SDPR	1386	2692
SDPR	1386	2693
SDPR	1387	2693
SDPR	1387	2694
SDPR	1389	2694
SDPR	1389	2695
SDPR	1391	2695
SDPR	1391	2697
SDPR	1396	2697
SDPR	1396	2700
SDPR	1397	2700
SDPR	1397	2701
SDPR	1399	2701
SDPR	1399	2703
SDPR	1401	2703
SDPR	1401	2704
SDPR	1404	2704
SDPR	1404	2706
SDPR	1405	2706
SDPR	1405	2708
SDPR	1406	2708
SDPR	1406	2709
SDPR	1411	2709
SDPR	1411	2711
SDPR	1416	2711
SDPR	1416	2712
SDPR	1420	2712
SDPR	1420	2713
SDPR	1421	2713
SDPR	1421	2714
SDPR	1422	2714
SDPR	1422	2715
SDPR	1424	2715
SDPR	1424	2717
SDPR	1427	2717
SDPR	1427	2718
SDPR	1429	2718
SDPR	1429	2719
SDPR	1430	2719
SDPR	1430	2721
SDPR	1432	2721
SDPR	1432	2722
SDPR	1438	2722
SDPR	1438	2723
SDPR	1446	2723
SDPR	1446	2724
SDPR	1448	2724
SDPR	1448	2725
SDPR	1449	2725
SDPR	1449	2726
SDPR	1452	2726
SDPR	1452	2727
SDPR	1453	2727
SDPR	1453	2729
SDPR	1454	2729
SDPR	1454	2731
SDPR	1458	2731
SDPR	1458	2732
SDPR	1459	2732
SDPR	1459	2733
SDPR	1460	2733
SDPR	1460	2734
SDPR	1462	2734
SDPR	1462	2735
SDPR	1465	2735
SDPR	1465	2737
SDPR	1474	2737
SDPR	1474	2738
SDPR	1478	2738
SDPR	1478	2739
SDPR	1483	2739
SDPR	1483	2740
SDPR	1485	2740
SDPR	1485	2742
SDPR	1486	2742
SDPR	1486	2743
SDPR	1488	2743
SDPR	1488	2744
SDPR	1491	2744
SDPR	1491	2745
SDPR	1492	2745
SDPR	1492	2746
SDPR	1493	2746
SDPR	1493	2747
SDPR	1496	2747
SDPR	1496	2748
SDPR	1498	2748
SDPR	1498	2749
SDPR	1499	2749
SDPR	1499	2750
SDPR	1501	2750
SDPR	1501	2751
SDPR	1506	2751
SDPR	1506	2752
SDPR	1508	2752
SDPR	1508	2753
SDPR	1515	2753
SDPR	1515	2754
SDPR	1516	2754
SDPR	1516	2755
SDPR	1517	2755
SDPR	1517	2758
SDPR	1519	2758
SDPR	1519	2759
SDPR	1522	2759
SDPR	1522	2760
SDPR	1524	2760
SDPR	1524	2761
SDPR	1525	2761
SDPR	1525	2762
SDPR	1526	2762
SDPR	1526	2764
SDPR	1528	2764
SDPR	1528	2766
SDPR	1532	2766
SDPR	1532	2767
SDPR	1533	2767
SDPR	1533	2768
SDPR	1534	2768
SDPR	1534	2769
SDPR	1536	2769
SDPR	1536	2773
SDPR	1537	2773
SDPR	1537	2774
SDPR	1540	2774
SDPR	1540	2776
SDPR	1541	2776
SDPR	1541	2779
SDPR	1543	2779
SDPR	1543	2780
SDPR	1545	2780
SDPR	1545	2781
SDPR	1547	2781
SDPR	1547	2783
SDPR	1551	2783
SDPR	1551	2784
SDPR	1552	2784
SDPR	1552	2785
SDPR	1563	2785
SDPR	1563	2786
SDPR	1570	2786
SDPR	1570	2787
SDPR	1572	2787
SDPR	1572	2788
SDPR	1575	2788
SDPR	1575	2789
SDPR	1576	2789
SDPR	1576	2790
SDPR	1577	2790
SDPR	1577	2791
SDPR	1580	2791
SDPR	1580	2792
SDPR	1581	2792
SDPR	1581	2793
SDPR	1582	2793
SDPR	1582	2794
SDPR	1583	2794
SDPR	1583	2795
SDPR	1584	2795
SDPR	1584	2798
SDPR	1585	2798
SDPR	1585	2800
SDPR	1586	2800
SDPR	1586	2801
SDPR	1587	2801
SDPR	1587	2803
SDPR	1590	2803
SDPR	1590	2804
SDPR	1592	2804
SDPR	1592	2805
SDPR	1595	2805
SDPR	1595	2807
SDPR	1598	2807
SDPR	1598	2809
SDPR	1600	2809
SDPR	1600	2811
SDPR	1610	2811
SDPR	1610	2813
SDPR	1614	2813
SDPR	1614	2814
SDPR	1616	2814
SDPR	1616	2815
SDPR	1617	2815
SDPR	1617	2816
SDPR	1618	2816
SDPR	1618	2817
SDPR	1623	2817
SDPR	1623	2818
SDPR	1627	2818
SDPR	1627	2820
SDPR	1628	2820
SDPR	1628	2821
SDPR	1631	2821
SDPR	1631	2824
SDPR	1633	2824
SDPR	1633	2825
SDPR	1637	2825
SDPR	1637	2826
SDPR	1639	2826
SDPR	1639	2827
SDPR	1640	2827
SDPR	1640	2828
SDPR	1642	2828
SDPR	1642	2829
SDPR	1644	2829
SDPR	1644	2830
SDPR	1645	2830
SDPR	1645	2831
SDPR	1648	2831
SDPR	1648	2832
SDPR	1649	2832
SDPR	1649	2834
SDPR	1650	2834
SDPR	1650	2835
SDPR	1652	2835
SDPR	1652	2836
SDPR	1653	2836
SDPR	1653	2840
SDPR	1658	2840
SDPR	1658	2841
SDPR	1662	2841
SDPR	1662	2842
SDPR	1664	2842
SDPR	1664	2843
SDPR	1665	2843
SDPR	1665	2844
SDPR	1667	2844
SDPR	1667	2845
SDPR	1680	2845
SDPR	1680	2846
SDPR	1683	2846
SDPR	1683	2847
SDPR	1684	2847
SDPR	1684	2849
SDPR	1687	2849
SDPR	1687	2850
SDPR	1688	2850
SDPR	1688	2851
SDPR	1693	2851
SDPR	1693	2859
SDPR	1696	2859
SDPR	1696	2862
SDPR	1703	2862
SDPR	1703	2865
SDPR	1704	2865
SDPR	1704	2866
SDPR	1706	2866
SDPR	1706	2872
SDPR	1708	2872
SDPR	1708	2873
SDPR	1713	2873
SDPR	1713	2874
SDPR	1714	2874
SDPR	1714	2876
SDPR	1715	2876
SDPR	1715	2878
SDPR	1716	2878
SDPR	1716	2879
SDPR	1717	2879
SDPR	1717	2880
SDPR	1720	2880
SDPR	1720	2884
SDPR	1722	2884
SDPR	1722	2886
SDPR	1724	2886
SDPR	1724	2887
SDPR	1732	2887
SDPR	1732	2888
SDPR	1733	2888
SDPR	1733	2889
SDPR	1734	2889
SDPR	1734	2890
SDPR	1736	2890
SDPR	1736	2893
SDPR	1739	2893
SDPR	1739	2894
SDPR	1744	2894
SDPR	1744	2895
SDPR	1745	2895
SDPR	1745	2897
SDPR	1746	2897
SDPR	1746	2899
SDPR	1750	2899
SDPR	1750	2900
SDPR	1752	2900
SDPR	1752	2901
SDPR	1756	2901
SDPR	1756	2902
SDPR	1758	2902
SDPR	1758	2903
SDPR	1759	2903
SDPR	1759	2904
SDPR	1760	2904
SDPR	1760	2906
SDPR	1761	2906
SDPR	1761	2911
SDPR	1762	2911
SDPR	1762	2913
SDPR	1768	2913
SDPR	1768	2914
SDPR	1769	2914
SDPR	1769	2915
SDPR	1772	2915
SDPR	1772	2916
SDPR	1773	2916
SDPR	1773	2917
SDPR	1777	2917
SDPR	1777	2919
SDPR	1779	2919
SDPR	1779	2920
SDPR	1780	2920
SDPR	1780	2921
SDPR	1783	2921
SDPR	1783	2922
SDPR	1787	2922
SDPR	1787	2923
SDPR	1795	2923
SDPR	1795	2925
SDPR	1797	2925
SDPR	1797	2926
SDPR	1799	2926
SDPR	1799	2928
SDPR	1803	2928
SDPR	1803	2929
SDPR	1804	2929
SDPR	1804	2930
SDPR	1806	2930
SDPR	1806	2931
SDPR	1807	2931
SDPR	1807	2937
SDPR	1811	2937
SDPR	1811	2938
SDPR	1812	2938
SDPR	1812	2940
SDPR	1813	2940
SDPR	1813	2942
SDPR	1815	2942
SDPR	1815	2943
SDPR	1816	2943
SDPR	1816	2944
SDPR	1819	2944
SDPR	1819	2945
SDPR	1820	2945
SDPR	1820	2946
SDPR	1825	2946
SDPR	1825	2947
SDPR	1826	2947
SDPR	1826	2948
SDPR	1827	2948
SDPR	1827	2949
SDPR	1829	2949
SDPR	1829	2952
SDPR	1833	2952
SDPR	1833	2953
SDPR	1835	2953
SDPR	1835	2954
SDPR	1843	2954
SDPR	1843	2955
SDPR	1844	2955
SDPR	1844	2956
SDPR	1845	2956
SDPR	1845	2960
SDPR	1846	2960
SDPR	1846	2961
SDPR	1849	2961
SDPR	1849	2962
SDPR	1862	2962
SDPR	1862	2963
SDPR	1865	2963
SDPR	1865	2964
SDPR	1866	2964
SDPR	1866	2965
SDPR	1870	2965
SDPR	1870	2967
SDPR	1872	2967
SDPR	1872	2968
SDPR	1878	2968
SDPR	1878	2969
SDPR	1884	2969
SDPR	1884	2971
SDPR	1890	2971
SDPR	1890	2972
SDPR	1892	2972
SDPR	1892	2973
SDPR	1895	2973
SDPR	1895	2974
SDPR	1898	2974
SDPR	1898	2975
SDPR	1899	2975
SDPR	1899	2977
SDPR	1900	2977
SDPR	1900	2978
SDPR	1901	2978
SDPR	1901	2980
SDPR	1902	2980
SDPR	1902	2981
SDPR	1903	2981
SDPR	1903	2982
SDPR	1909	2982
SDPR	1909	2984
SDPR	1910	2984
SDPR	1910	2985
SDPR	1913	2985
SDPR	1913	2986
SDPR	1914	2986
SDPR	1914	2987
SDPR	1915	2987
SDPR	1915	2990
SDPR	1916	2990
SDPR	1916	2991
SDPR	1920	2991
SDPR	1920	2993
SDPR	1925	2993
SDPR	1925	2995
SDPR	1934	2995
SDPR	1934	2997
SDPR	1943	2997
SDPR	1943	2998
SDPR	1944	2998
SDPR	1944	2999
SDPR	1949	2999
SDPR	1949	3002
SDPR	1953	3002
SDPR	1953	3003
SDPR	1955	3003
SDPR	1955	3007
SDPR	1959	3007
SDPR	1959	3008
SDPR	1961	3008
SDPR	1961	3009
SDPR	1962	3009
SDPR	1962	3011
SDPR	1964	3011
SDPR	1964	3012
SDPR	1965	3012
SDPR	1965	3013
SDPR	1966	3013
SDPR	1966	3015
SDPR	1971	3015
SDPR	1971	3016
SDPR	1972	3016
SDPR	1972	3017
SDPR	1973	3017
SDPR	1973	3018
SDPR	1978	3018
SDPR	1978	3020
SDPR	1985	3020
SDPR	1985	3023
SDPR	1988	3023
SDPR	1988	3026
SDPR	1990	3026
SDPR	1990	3027
SDPR	1994	3027
SDPR	1994	3028
SDPR	1996	3028
SDPR	1996	3032
SDPR	1999	3032
SDPR	1999	3033
SDPR	2001	3033
SDPR	2001	3034
SDPR	2002	3034
SDPR	2002	3036
SDPR	2004	3036
SDPR	2004	3037
SDPR	2005	3037
SDPR	2005	3039
SDPR	2007	3039
SDPR	2007	3040
SDPR	2011	3040
SDPR	2011	3044
SDPR	2016	3044
SDPR	2016	3045
SDPR	2018	3045
SDPR	2018	3046
SDPR	2023	3046
SDPR	2023	3047
SDPR	2024	3047
SDPR	2024	3048
SDPR	2026	3048
SDPR	2026	3051
SDPR	2032	3051
SDPR	2032	3052
SDPR	2035	3052
SDPR	2035	3053
SDPR	2038	3053
SDPR	2038	3055
SDPR	2039	3055
SDPR	2039	3057
SDPR	2041	3057
SDPR	2041	3059
SDPR	2046	3059
SDPR	2046	3060
SDPR	2057	3060
SDPR	2057	3061
SDPR	2058	3061
SDPR	2058	3063
SDPR	2059	3063
SDPR	2059	3064
SDPR	2060	3064
SDPR	2060	3066
SDPR	2063	3066
SDPR	2063	3068
SDPR	2064	3068
SDPR	2064	3069
SDPR	2066	3069
SDPR	2066	3070
SDPR	2067	3070
SDPR	2067	3071
SDPR	2070	3071
SDPR	2070	3072
SDPR	2072	3072
SDPR	2072	3073
SDPR	2078	3073
SDPR	2078	3078
SDPR	2083	3078
SDPR	2083	3082
SDPR	2084	3082
SDPR	2084	3084
SDPR	2089	3084
SDPR	2089	3085
SDPR	2091	3085
SDPR	2091	3087
SDPR	2093	3087
SDPR	2093	3088
SDPR	2097	3088
SDPR	2097	3089
SDPR	2101	3089
SDPR	2101	3090
SDPR	2103	3090
SDPR	2103	3091
SDPR	2104	3091
SDPR	2104	3094
SDPR	2107	3094
SDPR	2107	3095
SDPR	2108	3095
SDPR	2108	3096
SDPR	2110	3096
SDPR	2110	3097
SDPR	2113	3097
SDPR	2113	3099
SDPR	2114	3099
SDPR	2114	3102
SDPR	2116	3102
SDPR	2116	3106
SDPR	2125	3106
SDPR	2125	3107
SDPR	2126	3107
SDPR	2126	3108
SDPR	2127	3108
SDPR	2127	3110
SDPR	2130	3110
SDPR	2130	3112
SDPR	2134	3112
SDPR	2134	3113
SDPR	2140	3113
SDPR	2140	3114
SDPR	2141	3114
SDPR	2141	3116
SDPR	2147	3116
SDPR	2147	3117
SDPR	2148	3117
SDPR	2148	3118
SDPR	2149	3118
SDPR	2149	3119
SDPR	2152	3119
SDPR	2152	3120
SDPR	2153	3120
SDPR	2153	3121
SDPR	2157	3121
SDPR	2157	3122
SDPR	2161	3122
SDPR	2161	3123
SDPR	2162	3123
SDPR	2162	3124
SDPR	2165	3124
SDPR	2165	3127
SDPR	2167	3127
SDPR	2167	3128
SDPR	2169	3128
SDPR	2169	3132
SDPR	2175	3132
SDPR	2175	3133
SDPR	2176	3133
SDPR	2176	3134
SDPR	2178	3134
SDPR	2178	3135
SDPR	2184	3135
SDPR	2184	3141
SDPR	2187	3141
SDPR	2187	3142
SDPR	2188	3142
SDPR	2188	3143
SDPR	2190	3143
SDPR	2190	3144
SDPR	2191	3144
SDPR	2191	3145
SDPR	2198	3145
SDPR	2198	3149
SDPR	2200	3149
SDPR	2200	3151
SDPR	2201	3151
SDPR	2201	3153
SDPR	2203	3153
SDPR	2203	3155
SDPR	2206	3155
SDPR	2206	3157
SDPR	2207	3157
SDPR	2207	3159
SDPR	2216	3159
SDPR	2216	3160
SDPR	2221	3160
SDPR	2221	3161
SDPR	2222	3161
SDPR	2222	3162
SDPR	2224	3162
SDPR	2224	3163
SDPR	2228	3163
SDPR	2228	3164
SDPR	2229	3164
SDPR	2229	3166
SDPR	2230	3166
SDPR	2230	3168
SDPR	2231	3168
SDPR	2231	3169
SDPR	2233	3169
SDPR	2233	3172
SDPR	2234	3172
SDPR	2234	3174
SDPR	2239	3174
SDPR	2239	3177
SDPR	2240	3177
SDPR	2240	3180
SDPR	2241	3180
SDPR	2241	3181
SDPR	2242	3181
SDPR	2242	3183
SDPR	2243	3183
SDPR	2243	3184
SDPR	2244	3184
SDPR	2244	3186
SDPR	2250	3186
SDPR	2250	3189
SDPR	2254	3189
SDPR	2254	3190
SDPR	2255	3190
SDPR	2255	3191
SDPR	2256	3191
SDPR	2256	3192
SDPR	2258	3192
SDPR	2258	3195
SDPR	2260	3195
SDPR	2260	3196
SDPR	2264	3196
SDPR	2264	3199
SDPR	2265	3199
SDPR	2265	3201
SDPR	2266	3201
SDPR	2266	3202
SDPR	2283	3202
SDPR	2283	3206
SDPR	2284	3206
SDPR	2284	3207
SDPR	2286	3207
SDPR	2286	3208
SDPR	2290	3208
SDPR	2290	3210
SDPR	2291	3210
SDPR	2291	3211
SDPR	2292	3211
SDPR	2292	3212
SDPR	2296	3212
SDPR	2296	3213
SDPR	2300	3213
SDPR	2300	3214
SDPR	2301	3214
SDPR	2301	3215
SDPR	2304	3215
SDPR	2304	3216
SDPR	2310	3216
SDPR	2310	3218
SDPR	2311	3218
SDPR	2311	3220
SDPR	2314	3220
SDPR	2314	3221
SDPR	2315	3221
SDPR	2315	3225
SDPR	2318	3225
SDPR	2318	3226
SDPR	2319	3226
SDPR	2319	3227
SDPR	2321	3227
SDPR	2321	3229
SDPR	2326	3229
SDPR	2326	3231
SDPR	2334	3231
SDPR	2334	3234
SDPR	2337	3234
SDPR	2337	3235
SDPR	2339	3235
SDPR	2339	3236
SDPR	2340	3236
SDPR	2340	3237
SDPR	2346	3237
SDPR	2346	3238
SDPR	2349	3238
SDPR	2349	3240
SDPR	2351	3240
SDPR	2351	3242
SDPR	2361	3242
SDPR	2361	3244
SDPR	2364	3244
SDPR	2364	3249
SDPR	2370	3249
SDPR	2370	3250
SDPR	2371	3250
SDPR	2371	3251
SDPR	2374	3251
SDPR	2374	3253
SDPR	2376	3253
SDPR	2376	3255
SDPR	2380	3255
SDPR	2380	3257
SDPR	2381	3257
SDPR	2381	3258
SDPR	2385	3258
SDPR	2385	3259
SDPR	2387	3259
SDPR	2387	3261
SDPR	2390	3261
SDPR	2390	3264
SDPR	2392	3264
SDPR	2392	3265
SDPR	2393	3265
SDPR	2393	3268
SDPR	2395	3268
SDPR	2395	3269
SDPR	2396	3269
SDPR	2396	3271
SDPR	2399	3271
SDPR	2399	3274
SDPR	2404	3274
SDPR	2404	3277
SDPR	2406	3277
SDPR	2406	3278
SDPR	2407	3278
SDPR	2407	3281
SDPR	2409	3281
SDPR	2409	3282
SDPR	2411	3282
SDPR	2411	3283
SDPR	2416	3283
SDPR	2416	3285
SDPR	2417	3285
SDPR	2417	3286
SDPR	2418	3286
SDPR	2418	3287
SDPR	2419	3287
SDPR	2419	3290
SDPR	2421	3290
SDPR	2421	3292
SDPR	2422	3292
SDPR	2422	3294
SDPR	2432	3294
SDPR	2432	3296
SDPR	2435	3296
SDPR	2435	3297
SDPR	2436	3297
SDPR	2436	3298
SDPR	2437	3298
SDPR	2437	3301
SDPR	2440	3301
SDPR	2440	3302
SDPR	2447	3302
SDPR	2447	3304
SDPR	2449	3304
SDPR	2449	3305
SDPR	2451	3305
SDPR	2451	3306
SDPR	2452	3306
SDPR	2452	3307
SDPR	2454	3307
SDPR	2454	3308
SDPR	2457	3308
SDPR	2457	3309
SDPR	2460	3309
SDPR	2460	3310
SDPR	2461	3310
SDPR	2461	3313
SDPR	2462	3313
SDPR	2462	3317
SDPR	2463	3317
SDPR	2463	3318
SDPR	2464	3318
SDPR	2464	3319
SDPR	2472	3319
SDPR	2472	3321
SDPR	2481	3321
SDPR	2481	3322
SDPR	2484	3322
SDPR	2484	3326
SDPR	2485	3326
SDPR	2485	3327
SDPR	2487	3327
SDPR	2487	3330
SDPR	2489	3330
SDPR	2489	3331
SDPR	2490	3331
SDPR	2490	3332
SDPR	2491	3332
SDPR	2491	3333
SDPR	2494	3333
SDPR	2494	3334
SDPR	2495	3334
SDPR	2495	3335
SDPR	2501	3335
SDPR	2501	3336
SDPR	2503	3336
SDPR	2503	3337
SDPR	2504	3337
SDPR	2504	3338
SDPR	2505	3338
SDPR	2505	3339
SDPR	2509	3339
SDPR	2509	3340
SDPR	2510	3340
SDPR	2510	3341
SDPR	2513	3341
SDPR	2513	3342
SDPR	2521	3342
SDPR	2521	3343
SDPR	2523	3343
SDPR	2523	3345
SDPR	2527	3345
SDPR	2527	3346
SDPR	2529	3346
SDPR	2529	3347
SDPR	2534	3347
SDPR	2534	3349
SDPR	2538	3349
SDPR	2538	3350
SDPR	2542	3350
SDPR	2542	3352
SDPR	2544	3352
SDPR	2544	3358
SDPR	2550	3358
SDPR	2550	3360
SDPR	2551	3360
SDPR	2551	3361
SDPR	2553	3361
SDPR	2553	3364
SDPR	2554	3364
SDPR	2554	3365
SDPR	2558	3365
SDPR	2558	3366
SDPR	2561	3366
SDPR	2561	3369
SDPR	2562	3369
SDPR	2562	3371
SDPR	2563	3371
SDPR	2563	3372
SDPR	2566	3372
SDPR	2566	3374
SDPR	2567	3374
SDPR	2567	3375
SDPR	2568	3375
SDPR	2568	3376
SDPR	2569	3376
SDPR	2569	3377
SDPR	2570	3377
SDPR	2570	3379
SDPR	2571	3379
SDPR	2571	3380
SDPR	2574	3380
SDPR	2574	3381
SDPR	2576	3381
SDPR	2576	3382
SDPR	2577	3382
SDPR	2577	3385
SDPR	2580	3385
SDPR	2580	3388
SDPR	2581	3388
SDPR	2581	3389
SDPR	2583	3389
SDPR	2583	3390
SDPR	2586	3390
SDPR	2586	3391
SDPR	2592	3391
SDPR	2592	3392
SDPR	2593	3392
SDPR	2593	3393
SDPR	2596	3393
SDPR	2596	3394
SDPR	2599	3394
SDPR	2599	3395
SDPR	2602	3395
SDPR	2602	3396
SDPR	2603	3396
SDPR	2603	3398
SDPR	2604	3398
SDPR	2604	3400
SDPR	2606	3400
SDPR	2606	3401
SDPR	2609	3401
SDPR	2609	3404
SDPR	2614	3404
SDPR	2614	3405
SDPR	2616	3405
SDPR	2616	3407
SDPR	2622	3407
SDPR	2622	3408
SDPR	2626	3408
SDPR	2626	3409
SDPR	2627	3409
SDPR	2627	3410
SDPR	2628	3410
SDPR	2628	3411
SDPR	2630	3411
SDPR	2630	3413
SDPR	2633	3413
SDPR	2633	3414
SDPR	2634	3414
SDPR	2634	3415
SDPR	2641	3415
SDPR	2641	3416
SDPR	2643	3416
SDPR	2643	3417
SDPR	2645	3417
SDPR	2645	3421
SDPR	2647	3421
SDPR	2647	3422
SDPR	2648	3422
SDPR	2648	3425
SDPR	2649	3425
SDPR	2649	3426
SDPR	2650	3426
SDPR	2650	3427
SDPR	2651	3427
SDPR	2651	3428
SDPR	2653	3428
SDPR	2653	3429
SDPR	2658	3429
SDPR	2658	3430
SDPR	2659	3430
SDPR	2659	3432
SDPR	2664	3432
SDPR	2664	3433
SDPR	2670	3433
SDPR	2670	3434
SDPR	2671	3434
SDPR	2671	3435
SDPR	2672	3435
SDPR	2672	3436
SDPR	2673	3436
SDPR	2673	3437
SDPR	2683	3437
SDPR	2683	3439
SDPR	2685	3439
SDPR	2685	3440
SDPR	2686	3440
SDPR	2686	3442
SDPR	2688	3442
SDPR	2688	3444
SDPR	2691	3444
SDPR	2691	3445
SDPR	2693	3445
SDPR	2693	3446
SDPR	2695	3446
SDPR	2695	3447
SDPR	2700	3447
SDPR	2700	3452
SDPR	2703	3452
SDPR	2703	3454
SDPR	2705	3454
SDPR	2705	3456
SDPR	2710	3456
SDPR	2710	3457
SDPR	2712	3457
SDPR	2712	3458
SDPR	2714	3458
SDPR	2714	3459
SDPR	2717	3459
SDPR	2717	3462
SDPR	2725	3462
SDPR	2725	3463
SDPR	2728	3463
SDPR	2728	3465
SDPR	2731	3465
SDPR	2731	3467
SDPR	2733	3467
SDPR	2733	3468
SDPR	2738	3468
SDPR	2738	3469
SDPR	2739	3469
SDPR	2739	3470
SDPR	2743	3470
SDPR	2743	3471
SDPR	2746	3471
SDPR	2746	3473
SDPR	2749	3473
SDPR	2749	3474
SDPR	2752	3474
SDPR	2752	3475
SDPR	2753	3475
SDPR	2753	3476
SDPR	2754	3476
SDPR	2754	3477
SDPR	2755	3477
SDPR	2755	3478
SDPR	2757	3478
SDPR	2757	3479
SDPR	2759	3479
SDPR	2759	3481
SDPR	2760	3481
SDPR	2760	3485
SDPR	2762	3485
SDPR	2762	3486
SDPR	2764	3486
SDPR	2764	3487
SDPR	2765	3487
SDPR	2765	3488
SDPR	2766	3488
SDPR	2766	3491
SDPR	2767	3491
SDPR	2767	3492
SDPR	2769	3492
SDPR	2769	3494
SDPR	2770	3494
SDPR	2770	3495
SDPR	2771	3495
SDPR	2771	3496
SDPR	2772	3496
SDPR	2772	3498
SDPR	2775	3498
SDPR	2775	3500
SDPR	2781	3500
SDPR	2781	3505
SDPR	2783	3505
SDPR	2783	3506
SDPR	2785	3506
SDPR	2785	3509
SDPR	2792	3509
SDPR	2792	3510
SDPR	2800	3510
SDPR	2800	3511
SDPR	2801	3511
SDPR	2801	3513
SDPR	2809	3513
SDPR	2809	3516
SDPR	2817	3516
SDPR	2817	3518
SDPR	2826	3518
SDPR	2826	3520
SDPR	2831	3520
SDPR	2831	3523
SDPR	2834	3523
SDPR	2834	3525
SDPR	2840	3525
SDPR	2840	3526
SDPR	2848	3526
SDPR	2848	3527
SDPR	2849	3527
SDPR	2849	3528
SDPR	2850	3528
SDPR	2850	3531
SDPR	2851	3531
SDPR	2851	3532
SDPR	2853	3532
SDPR	2853	3535
SDPR	2857	3535
SDPR	2857	3539
SDPR	2867	3539
SDPR	2867	3540
SDPR	2871	3540
SDPR	2871	3541
SDPR	2880	3541
SDPR	2880	3542
SDPR	2882	3542
SDPR	2882	3543
SDPR	2885	3543
SDPR	2885	3544
SDPR	2888	3544
SDPR	2888	3545
SDPR	2890	3545
SDPR	2890	3546
SDPR	2892	3546
SDPR	2892	3549
SDPR	2897	3549
SDPR	2897	3550
SDPR	2900	3550
SDPR	2900	3551
SDPR	2908	3551
SDPR	2908	3552
SDPR	2916	3552
SDPR	2916	3554
SDPR	2920	3554
SDPR	2920	3559
SDPR	2923	3559
SDPR	2923	3561
SDPR	2928	3561
SDPR	2928	3563
SDPR	2929	3563
SDPR	2929	3564
SDPR	2931	3564
SDPR	2931	3565
SDPR	2942	3565
SDPR	2942	3566
SDPR	2945	3566
SDPR	2945	3568
SDPR	2946	3568
SDPR	2946	3569
SDPR	2950	3569
SDPR	2950	3570
SDPR	2952	3570
SDPR	2952	3573
SDPR	2959	3573
SDPR	2959	3575
SDPR	2961	3575
SDPR	2961	3576
SDPR	2964	3576
SDPR	2964	3577
SDPR	2967	3577
SDPR	2967	3578
SDPR	2968	3578
SDPR	2968	3579
SDPR	2974	3579
SDPR	2974	3582
SDPR	2981	3582
SDPR	2981	3585
SDPR	2986	3585
SDPR	2986	3586
SDPR	2999	3586
SDPR	2999	3588
SDPR	3003	3588
SDPR	3003	3589
SDPR	3004	3589
SDPR	3004	3590
SDPR	3006	3590
SDPR	3006	3592
SDPR	3010	3592
SDPR	3010	3597
SDPR	3011	3597
SDPR	3011	3598
SDPR	3016	3598
SDPR	3016	3599
SDPR	3020	3599
SDPR	3020	3600
SDPR	3022	3600
SDPR	3022	3601
SDPR	3027	3601
SDPR	3027	3602
SDPR	3028	3602
SDPR	3028	3604
SDPR	3037	3604
SDPR	3037	3607
SDPR	3038	3607
SDPR	3038	3608
SDPR	3039	3608
SDPR	3039	3610
SDPR	3041	3610
SDPR	3041	3611
SDPR	3043	3611
SDPR	3043	3612
SDPR	3044	3612
SDPR	3044	3614
SDPR	3048	3614
SDPR	3048	3616
SDPR	3052	3616
SDPR	3052	3617
SDPR	3054	3617
SDPR	3054	3618
SDPR	3055	3618
SDPR	3055	3620
SDPR	3056	3620
SDPR	3056	3621
SDPR	3057	3621
SDPR	3057	3622
SDPR	3058	3622
SDPR	3058	3623
SDPR	3062	3623
SDPR	3062	3624
SDPR	3066	3624
SDPR	3066	3625
SDPR	3067	3625
SDPR	3067	3626
SDPR	3068	3626
SDPR	3068	3627
SDPR	3071	3627
SDPR	3071	3629
SDPR	3074	3629
SDPR	3074	3631
SDPR	3075	3631
SDPR	3075	3632
SDPR	3077	3632
SDPR	3077	3635
SDPR	3079	3635
SDPR	3079	3636
SDPR	3081	3636
SDPR	3081	3637
SDPR	3083	3637
SDPR	3083	3638
SDPR	3087	3638
SDPR	3087	3639
SDPR	3088	3639
SDPR	3088	3641
SDPR	3091	3641
SDPR	3091	3644
SDPR	3093	3644
SDPR	3093	3645
SDPR	3096	3645
SDPR	3096	3646
SDPR	3099	3646
SDPR	3099	3647
SDPR	3100	3647
SDPR	3100	3649
SDPR	3102	3649
SDPR	3102	3650
SDPR	3103	3650
SDPR	3103	3651
SDPR	3104	3651
SDPR	3104	3652
SDPR	3110	3652
SDPR	3110	3653
SDPR	3111	3653
SDPR	3111	3654
SDPR	3114	3654
SDPR	3114	3655
SDPR	3116	3655
SDPR	3116	3656
SDPR	3117	3656
SDPR	3117	3657
SDPR	3121	3657
SDPR	3121	3659
SDPR	3124	3659
SDPR	3124	3661
SDPR	3127	3661
SDPR	3127	3662
SDPR	3132	3662
SDPR	3132	3664
SDPR	3135	3664
SDPR	3135	3665
SDPR	3136	3665
SDPR	3136	3666
SDPR	3145	3666
SDPR	3145	3667
SDPR	3147	3667
SDPR	3147	3668
SDPR	3150	3668
SDPR	3150	3669
SDPR	3151	3669
SDPR	3151	3670
SDPR	3154	3670
SDPR	3154	3672
SDPR	3156	3672
SDPR	3156	3673
SDPR	3160	3673
SDPR	3160	3674
SDPR	3165	3674
SDPR	3165	3675
SDPR	3166	3675
SDPR	3166	3676
SDPR	3168	3676
SDPR	3168	3678
SDPR	3171	3678
SDPR	3171	3679
SDPR	3172	3679
SDPR	3172	3680
SDPR	3174	3680
SDPR	3174	3681
SDPR	3182	3681
SDPR	3182	3684
SDPR	3183	3684
SDPR	3183	3685
SDPR	3185	3685
SDPR	3185	3686
SDPR	3186	3686
SDPR	3186	3687
SDPR	3188	3687
SDPR	3188	3689
SDPR	3190	3689
SDPR	3190	3690
SDPR	3192	3690
SDPR	3192	3692
SDPR	3193	3692
SDPR	3193	3694
SDPR	3194	3694
SDPR	3194	3695
SDPR	3196	3695
SDPR	3196	3696
SDPR	3198	3696
SDPR	3198	3697
SDPR	3202	3697
SDPR	3202	3698
SDPR	3205	3698
SDPR	3205	3699
SDPR	3211	3699
SDPR	3211	3700
SDPR	3212	3700
SDPR	3212	3701
SDPR	3215	3701
SDPR	3215	3703
SDPR	3216	3703
SDPR	3216	3704
SDPR	3218	3704
SDPR	3218	3705
SDPR	3225	3705
SDPR	3225	3707
SDPR	3227	3707
SDPR	3227	3708
SDPR	3228	3708
SDPR	3228	3710
SDPR	3233	3710
SDPR	3233	3711
SDPR	3245	3711
SDPR	3245	3712
SDPR	3246	3712
SDPR	3246	3713
SDPR	3251	3713
SDPR	3251	3714
SDPR	3257	3714
SDPR	3257	3717
SDPR	3259	3717
SDPR	3259	3718
SDPR	3261	3718
SDPR	3261	3719
SDPR	3275	3719
SDPR	3275	3721
SDPR	3278	3721
SDPR	3278	3724
SDPR	3279	3724
SDPR	3279	3725
SDPR	3284	3725
SDPR	3284	3726
SDPR	3292	3726
SDPR	3292	3727
SDPR	3297	3727
SDPR	3297	3729
SDPR	3303	3729
SDPR	3303	3730
SDPR	3310	3730
SDPR	3310	3731
SDPR	3311	3731
SDPR	3311	3732
SDPR	3312	3732
SDPR	3312	3733
SDPR	3322	3733
SDPR	3322	3735
SDPR	3323	3735
SDPR	3323	3738
SDPR	3324	3738
SDPR	3324	3739
SDPR	3326	3739
SDPR	3326	3740
SDPR	3327	3740
SDPR	3327	3741
SDPR	3329	3741
SDPR	3329	3742
SDPR	3331	3742
SDPR	3331	3743
SDPR	3334	3743
SDPR	3334	3744
SDPR	3337	3744
SDPR	3337	3745
SDPR	3338	3745
SDPR	3338	3746
SDPR	3339	3746
SDPR	3339	3747
SDPR	3341	3747
SDPR	3341	3748
SDPR	3351	3748
SDPR	3351	3749
SDPR	3354	3749
SDPR	3354	3753
SDPR	3358	3753
SDPR	3358	3754
SDPR	3361	3754
SDPR	3361	3755
SDPR	3364	3755
SDPR	3364	3759
SDPR	3365	3759
SDPR	3365	3760
SDPR	3366	3760
SDPR	3366	3761
SDPR	3367	3761
SDPR	3367	3763
SDPR	3381	3763
SDPR	3381	3764
SDPR	3383	3764
SDPR	3383	3767
SDPR	3386	3767
SDPR	3386	3768
SDPR	3389	3768
SDPR	3389	3771
SDPR	3390	3771
SDPR	3390	3772
SDPR	3391	3772
SDPR	3391	3774
SDPR	3392	3774
SDPR	3392	3775
SDPR	3393	3775
SDPR	3393	3777
SDPR	3396	3777
SDPR	3396	3779
SDPR	3399	3779
SDPR	3399	3780
SDPR	3400	3780
SDPR	3400	3783
SDPR	3402	3783
SDPR	3402	3786
SDPR	3404	3786
SDPR	3404	3788
SDPR	3407	3788
SDPR	3407	3789
SDPR	3408	3789
SDPR	3408	3790
SDPR	3409	3790
SDPR	3409	3791
SDPR	3420	3791
SDPR	3420	3792
SDPR	3430	3792
SDPR	3430	3793
SDPR	3432	3793
SDPR	3432	3794
SDPR	3434	3794
SDPR	3434	3795
SDPR	3435	3795
SDPR	3435	3796
SDPR	3438	3796
SDPR	3438	3797
SDPR	3440	3797
SDPR	3440	3799
SDPR	3443	3799
SDPR	3443	3800
SDPR	3444	3800
SDPR	3444	3801
SDPR	3448	3801
SDPR	3448	3803
SDPR	3451	3803
SDPR	3451	3804
SDPR	3452	3804
SDPR	3452	3805
SDPR	3462	3805
SDPR	3462	3806
SDPR	3467	3806
SDPR	3467	3808
SDPR	3468	3808
SDPR	3468	3809
SDPR	3472	3809
SDPR	3472	3811
SDPR	3478	3811
SDPR	3478	3812
SDPR	3481	3812
SDPR	3481	3814
SDPR	3484	3814
SDPR	3484	3815
SDPR	3486	3815
SDPR	3486	3816
SDPR	3489	3816
SDPR	3489	3817
SDPR	3490	3817
SDPR	3490	3819
SDPR	3492	3819
SDPR	3492	3820
SDPR	3496	3820
SDPR	3496	3821
SDPR	3501	3821
SDPR	3501	3822
SDPR	3503	3822
SDPR	3503	3823
SDPR	3505	3823
SDPR	3505	3824
SDPR	3510	3824
SDPR	3510	3825
SDPR	3514	3825
SDPR	3514	3826
SDPR	3515	3826
SDPR	3515	3827
SDPR	3519	3827
SDPR	3519	3828
SDPR	3521	3828
SDPR	3521	3829
SDPR	3522	3829
SDPR	3522	3831
SDPR	3524	3831
SDPR	3524	3832
SDPR	3529	3832
SDPR	3529	3835
SDPR	3530	3835
SDPR	3530	3836
SDPR	3531	3836
SDPR	3531	3837
SDPR	3536	3837
SDPR	3536	3840
SDPR	3539	3840
SDPR	3539	3841
SDPR	3545	3841
SDPR	3545	3843
SDPR	3550	3843
SDPR	3550	3844
SDPR	3553	3844
SDPR	3553	3845
SDPR	3554	3845
SDPR	3554	3846
SDPR	3555	3846
SDPR	3555	3847
SDPR	3557	3847
SDPR	3557	3848
SDPR	3562	3848
SDPR	3562	3849
SDPR	3575	3849
SDPR	3575	3850
SDPR	3576	3850
SDPR	3576	3852
SDPR	3579	3852
SDPR	3579	3854
SDPR	3582	3854
SDPR	3582	3855
SDPR	3583	3855
SDPR	3583	3856
SDPR	3584	3856
SDPR	3584	3861
SDPR	3587	3861
SDPR	3587	3862
SDPR	3589	3862
SDPR	3589	3864
SDPR	3591	3864
SDPR	3591	3868
SDPR	3592	3868
SDPR	3592	3870
SDPR	3594	3870
SDPR	3594	3871
SDPR	3596	3871
SDPR	3596	3875
SDPR	3600	3875
SDPR	3600	3876
SDPR	3608	3876
SDPR	3608	3877
SDPR	3612	3877
SDPR	3612	3879
SDPR	3622	3879
SDPR	3622	3880
SDPR	3625	3880
SDPR	3625	3881
SDPR	3626	3881
SDPR	3626	3882
SDPR	3627	3882
SDPR	3627	3883
SDPR	3629	3883
SDPR	3629	3884
SDPR	3633	3884
SDPR	3633	3885
SDPR	3636	3885
SDPR	3636	3886
SDPR	3637	3886
SDPR	3637	3887
SDPR	3643	3887
SDPR	3643	3888
SDPR	3645	3888
SDPR	3645	3890
SDPR	3649	3890
SDPR	3649	3891
SDPR	3655	3891
SDPR	3655	3894
SDPR	3660	3894
SDPR	3660	3895
SDPR	3661	3895
SDPR	3661	3896
SDPR	3665	3896
SDPR	3665	3898
SDPR	3667	3898
SDPR	3667	3900
SDPR	3669	3900
SDPR	3669	3901
SDPR	3674	3901
SDPR	3674	3902
SDPR	3675	3902
SDPR	3675	3903
SDPR	3677	3903
SDPR	3677	3904
SDPR	3678	3904
SDPR	3678	3906
SDPR	3680	3906
SDPR	3680	3907
SDPR	3682	3907
SDPR	3682	3908
SDPR	3685	3908
SDPR	3685	3910
SDPR	3690	3910
SDPR	3690	3912
SDPR	3694	3912
SDPR	3694	3913
SDPR	3696	3913
SDPR	3696	3914
SDPR	3697	3914
SDPR	3697	3917
SDPR	3700	3917
SDPR	3700	3919
SDPR	3701	3919
SDPR	3701	3921
SDPR	3702	3921
SDPR	3702	3922
SDPR	3705	3922
SDPR	3705	3925
SDPR	3709	3925
SDPR	3709	3926
SDPR	3711	3926
SDPR	3711	3927
SDPR	3713	3927
SDPR	3713	3928
SDPR	3714	3928
SDPR	3714	3931
SDPR	3716	3931
SDPR	3716	3932
SDPR	3720	3932
SDPR	3720	3936
SDPR	3727	3936
SDPR	3727	3937
SDPR	3732	3937
SDPR	3732	3938
SDPR	3734	3938
SDPR	3734	3939
SDPR	3735	3939
SDPR	3735	3940
SDPR	3741	3940
SDPR	3741	3941
SDPR	3745	3941
SDPR	3745	3944
SDPR	3746	3944
SDPR	3746	3946
SDPR	3751	3946
SDPR	3751	3947
SDPR	3752	3947
SDPR	3752	3951
SDPR	3759	3951
SDPR	3759	3953
SDPR	3760	3953
SDPR	3760	3955
SDPR	3763	3955
SDPR	3763	3956
SDPR	3766	3956
SDPR	3766	3957
SDPR	3767	3957
SDPR	3767	3958
SDPR	3768	3958
SDPR	3768	3959
SDPR	3771	3959
SDPR	3771	3960
SDPR	3773	3960
SDPR	3773	3961
SDPR	3774	3961
SDPR	3774	3962
SDPR	3775	3962
SDPR	3775	3963
SDPR	3778	3963
SDPR	3778	3964
SDPR	3779	3964
SDPR	3779	3966
SDPR	3782	3966
SDPR	3782	3968
SDPR	3790	3968
SDPR	3790	3969
SDPR	3793	3969
SDPR	3793	3970
SDPR	3794	3970
SDPR	3794	3971
SDPR	3800	3971
SDPR	3800	3972
SDPR	3803	3972
SDPR	3803	3974
SDPR	3805	3974
SDPR	3805	3975
SDPR	3807	3975
SDPR	3807	3976
SDPR	3813	3976
SDPR	3813	3977
SDPR	3816	3977
SDPR	3816	3978
SDPR	3820	3978
SDPR	3820	3979
SDPR	3824	3979
SDPR	3824	3980
SDPR	3825	3980
SDPR	3825	3981
SDPR	3827	3981
SDPR	3827	3983
SDPR	3829	3983
SDPR	3829	3984
SDPR	3831	3984
SDPR	3831	3985
SDPR	3832	3985
SDPR	3832	3987
SDPR	3833	3987
SDPR	3833	3988
SDPR	3834	3988
SDPR	3834	3989
SDPR	3840	3989
SDPR	3840	3990
SDPR	3841	3990
SDPR	3841	3994
SDPR	3842	3994
SDPR	3842	3995
SDPR	3843	3995
SDPR	3843	3996
SDPR	3851	3996
SDPR	3851	3997
SDPR	3857	3997
SDPR	3857	3998
SDPR	3861	3998
SDPR	3861	3999
SDPR	3862	3999
SDPR	3862	4000
SDPR	3863	4000
SDPR	3863	4001
SDPR	3864	4001
SDPR	3864	4002
SDPR	3866	4002
SDPR	3866	4003
SDPR	3867	4003
SDPR	3867	4004
SDPR	3870	4004
SDPR	3870	4005
SDPR	3874	4005
SDPR	3874	4006
SDPR	3876	4006
SDPR	3876	4008
SDPR	3884	4008
SDPR	3884	4009
SDPR	3888	4009
SDPR	3888	4010
SDPR	3890	4010
SDPR	3890	4011
SDPR	3891	4011
SDPR	3891	4012
SDPR	3897	4012
SDPR	3897	4013
SDPR	3907	4013
SDPR	3907	4015
SDPR	3908	4015
SDPR	3908	4016
SDPR	3911	4016
SDPR	3911	4017
SDPR	3912	4017
SDPR	3912	4018
SDPR	3916	4018
SDPR	3916	4019
SDPR	3918	4019
SDPR	3918	4021
SDPR	3921	4021
SDPR	3921	4022
SDPR	3923	4022
SDPR	3923	4024
SDPR	3924	4024
SDPR	3924	4025
SDPR	3928	4025
SDPR	3928	4026
SDPR	3938	4026
SDPR	3938	4027
SDPR	3939	4027
SDPR	3939	4028
SDPR	3940	4028
SDPR	3940	4030
SDPR	3941	4030
SDPR	3941	4031
SDPR	3942	4031
SDPR	3942	4032
SDPR	3945	4032
SDPR	3945	4034
SDPR	3948	4034
SDPR	3948	4037
SDPR	3949	4037
SDPR	3949	4038
SDPR	3952	4038
SDPR	3952	4039
SDPR	3954	4039
SDPR	3954	4041
SDPR	3956	4041
SDPR	3956	4042
SDPR	3958	4042
SDPR	3958	4043
SDPR	3959	4043
SDPR	3959	4045
SDPR	3962	4045
SDPR	3962	4046
SDPR	3964	4046
SDPR	3964	4047
SDPR	3965	4047
SDPR	3965	4048
SDPR	3973	4048
SDPR	3973	4051
SDPR	3976	4051
SDPR	3976	4052
SDPR	3980	4052
SDPR	3980	4053
SDPR	3981	4053
SDPR	3981	4055
SDPR	3983	4055
SDPR	3983	4056
SDPR	3987	4056
SDPR	3987	4058
SDPR	3991	4058
SDPR	3991	4059
SDPR	3992	4059
SDPR	3992	4060
SDPR	3993	4060
SDPR	3993	4061
SDPR	3995	4061
SDPR	3995	4063
SDPR	4000	4063
SDPR	4000	4065
SDPR	4003	4065
SDPR	4003	4066
SDPR	4005	4066
SDPR	4005	4067
SDPR	4008	4067
SDPR	4008	4068
SDPR	4012	4068
SDPR	4012	4069
SDPR	4014	4069
SDPR	4014	4071
SDPR	4015	4071
SDPR	4015	4072
SDPR	4017	4072
SDPR	4017	4075
SDPR	4018	4075
SDPR	4018	4076
SDPR	4019	4076
SDPR	4019	4077
SDPR	4023	4077
SDPR	4023	4078
SDPR	4024	4078
SDPR	4024	4079
SDPR	4027	4079
SDPR	4027	4081
SDPR	4030	4081
SDPR	4030	4085
SDPR	4036	4085
SDPR	4036	4086
SDPR	4040	4086
SDPR	4040	4088
SDPR	4041	4088
SDPR	4041	4089
SDPR	4042	4089
SDPR	4042	4091
SDPR	4043	4091
SDPR	4043	4093
SDPR	4044	4093
SDPR	4044	4095
SDPR	4050	4095
SDPR	4050	4096
SDPR	4052	4096
SDPR	4052	4098
SDPR	4056	4098
SDPR	4056	4099
SDPR	4063	4099
SDPR	4063	4100
SDPR	4064	4100
SDPR	4064	4101
SDPR	4066	4101
SDPR	4066	4103
SDPR	4067	4103
SDPR	4067	4104
SDPR	4071	4104
SDPR	4071	4105
SDPR	4072	4105
SDPR	4072	4106
SDPR	4073	4106
SDPR	4073	4107
SDPR	4078	4107
SDPR	4078	4110
SDPR	4083	4110
SDPR	4083	4111
SDPR	4092	4111
SDPR	4092	4112
SDPR	4096	4112
SDPR	4096	4113
SDPR	4101	4113
SDPR	4101	4114
SDPR	4103	4114
SDPR	4103	4115
SDPR	4106	4115
SDPR	4106	4116
SDPR	4108	4116
SDPR	4108	4118
SDPR	4116	4118
SDPR	4116	4120
SDPR	4117	4120
SDPR	4117	4121
SDPR	4121	4121
SDPR	4121	4122
SDPR	4122	4122
SDPR	4122	4124
SDPR	4124	4124
